09:43:08.301 DEBUG o.a.c.core.AprLifecycleListener - The Apache Tomcat Native library could not be found using names [tcnative-2, libtcnative-2, tcnative-1, libtcnative-1] on the java.library.path [C:\Users\sistemas\.jdks\corretto-17.0.12\bin;C:\WINDOWS\Sun\Java\bin;C:\WINDOWS\system32;C:\WINDOWS;C:\Program Files\Java\jdk-17\bin;C:\Program Files\Common Files\Oracle\Java\javapath;C:\WINDOWS\system32;C:\WINDOWS;C:\WINDOWS\System32\Wbem;C:\WINDOWS\System32\WindowsPowerShell\v1.0\;C:\WINDOWS\System32\OpenSSH\;C:\Program Files\SAP\SAP Business One DI API\JCO\LIB\;C:\Program Files\SAP\SAP Business One DI API\DI API 90;C:\Program Files\SAP\SAP Business One\;C:\Program Files\Git\cmd;C:\Users\sistemas\Desktop\ProyectoSyncBalanzas\src\main\resources\;C:\Program Files\dotnet\;C:\ProgramData\ComposerSetup\bin;C:\Program Files (x86)\Java\jre1.8.0_441\bin;C:\Program Files\MySQL\MySQL Shell 8.0\bin\;C:\Users\sistemas\AppData\Local\Programs\Python\Python312\Scripts\;C:\Users\sistemas\AppData\Local\Programs\Python\Python312\;C:\Users\sistemas\AppData\Local\Programs\Python\Launcher\;C:\Users\sistemas\AppData\Local\Microsoft\WindowsApps;C:\Users\sistemas\AppData\Local\Programs\Microsoft VS Code\bin;C:\Users\sistemas\Desktop\ProyectoSyncBalanzas\src\main\resources;C:\Program Files\PHP\;C:\Users\sistemas\AppData\Roaming\Composer\vendor\bin;C:\Users\sistemas\AppData\Local\Programs\Windsurf\bin;C:\Program Files\JetBrains\IntelliJ IDEA Community Edition 2025.1.3\bin;;.]. The errors reported were [Can't load library: C:\Users\sistemas\Desktop\MARSOL\HPRT\Balanza HPRT\Proyecto Walmart\Driver_sync\Test\ProyectoSyncBalanzas\bin\tcnative-2.dll, Can't load library: C:\Users\sistemas\Desktop\MARSOL\HPRT\Balanza HPRT\Proyecto Walmart\Driver_sync\Test\ProyectoSyncBalanzas\bin\libtcnative-2.dll, Can't load library: C:\Users\sistemas\Desktop\MARSOL\HPRT\Balanza HPRT\Proyecto Walmart\Driver_sync\Test\ProyectoSyncBalanzas\bin\tcnative-1.dll, Can't load library: C:\Users\sistemas\Desktop\MARSOL\HPRT\Balanza HPRT\Proyecto Walmart\Driver_sync\Test\ProyectoSyncBalanzas\bin\libtcnative-1.dll, no tcnative-2 in java.library.path: C:\Users\sistemas\.jdks\corretto-17.0.12\bin;C:\WINDOWS\Sun\Java\bin;C:\WINDOWS\system32;C:\WINDOWS;C:\Program Files\Java\jdk-17\bin;C:\Program Files\Common Files\Oracle\Java\javapath;C:\WINDOWS\system32;C:\WINDOWS;C:\WINDOWS\System32\Wbem;C:\WINDOWS\System32\WindowsPowerShell\v1.0\;C:\WINDOWS\System32\OpenSSH\;C:\Program Files\SAP\SAP Business One DI API\JCO\LIB\;C:\Program Files\SAP\SAP Business One DI API\DI API 90;C:\Program Files\SAP\SAP Business One\;C:\Program Files\Git\cmd;C:\Users\sistemas\Desktop\ProyectoSyncBalanzas\src\main\resources\;C:\Program Files\dotnet\;C:\ProgramData\ComposerSetup\bin;C:\Program Files (x86)\Java\jre1.8.0_441\bin;C:\Program Files\MySQL\MySQL Shell 8.0\bin\;C:\Users\sistemas\AppData\Local\Programs\Python\Python312\Scripts\;C:\Users\sistemas\AppData\Local\Programs\Python\Python312\;C:\Users\sistemas\AppData\Local\Programs\Python\Launcher\;C:\Users\sistemas\AppData\Local\Microsoft\WindowsApps;C:\Users\sistemas\AppData\Local\Programs\Microsoft VS Code\bin;C:\Users\sistemas\Desktop\ProyectoSyncBalanzas\src\main\resources;C:\Program Files\PHP\;C:\Users\sistemas\AppData\Roaming\Composer\vendor\bin;C:\Users\sistemas\AppData\Local\Programs\Windsurf\bin;C:\Program Files\JetBrains\IntelliJ IDEA Community Edition 2025.1.3\bin;;., no libtcnative-2 in java.library.path: C:\Users\sistemas\.jdks\corretto-17.0.12\bin;C:\WINDOWS\Sun\Java\bin;C:\WINDOWS\system32;C:\WINDOWS;C:\Program Files\Java\jdk-17\bin;C:\Program Files\Common Files\Oracle\Java\javapath;C:\WINDOWS\system32;C:\WINDOWS;C:\WINDOWS\System32\Wbem;C:\WINDOWS\System32\WindowsPowerShell\v1.0\;C:\WINDOWS\System32\OpenSSH\;C:\Program Files\SAP\SAP Business One DI API\JCO\LIB\;C:\Program Files\SAP\SAP Business One DI API\DI API 90;C:\Program Files\SAP\SAP Business One\;C:\Program Files\Git\cmd;C:\Users\sistemas\Desktop\ProyectoSyncBalanzas\src\main\resources\;C:\Program Files\dotnet\;C:\ProgramData\ComposerSetup\bin;C:\Program Files (x86)\Java\jre1.8.0_441\bin;C:\Program Files\MySQL\MySQL Shell 8.0\bin\;C:\Users\sistemas\AppData\Local\Programs\Python\Python312\Scripts\;C:\Users\sistemas\AppData\Local\Programs\Python\Python312\;C:\Users\sistemas\AppData\Local\Programs\Python\Launcher\;C:\Users\sistemas\AppData\Local\Microsoft\WindowsApps;C:\Users\sistemas\AppData\Local\Programs\Microsoft VS Code\bin;C:\Users\sistemas\Desktop\ProyectoSyncBalanzas\src\main\resources;C:\Program Files\PHP\;C:\Users\sistemas\AppData\Roaming\Composer\vendor\bin;C:\Users\sistemas\AppData\Local\Programs\Windsurf\bin;C:\Program Files\JetBrains\IntelliJ IDEA Community Edition 2025.1.3\bin;;., no tcnative-1 in java.library.path: C:\Users\sistemas\.jdks\corretto-17.0.12\bin;C:\WINDOWS\Sun\Java\bin;C:\WINDOWS\system32;C:\WINDOWS;C:\Program Files\Java\jdk-17\bin;C:\Program Files\Common Files\Oracle\Java\javapath;C:\WINDOWS\system32;C:\WINDOWS;C:\WINDOWS\System32\Wbem;C:\WINDOWS\System32\WindowsPowerShell\v1.0\;C:\WINDOWS\System32\OpenSSH\;C:\Program Files\SAP\SAP Business One DI API\JCO\LIB\;C:\Program Files\SAP\SAP Business One DI API\DI API 90;C:\Program Files\SAP\SAP Business One\;C:\Program Files\Git\cmd;C:\Users\sistemas\Desktop\ProyectoSyncBalanzas\src\main\resources\;C:\Program Files\dotnet\;C:\ProgramData\ComposerSetup\bin;C:\Program Files (x86)\Java\jre1.8.0_441\bin;C:\Program Files\MySQL\MySQL Shell 8.0\bin\;C:\Users\sistemas\AppData\Local\Programs\Python\Python312\Scripts\;C:\Users\sistemas\AppData\Local\Programs\Python\Python312\;C:\Users\sistemas\AppData\Local\Programs\Python\Launcher\;C:\Users\sistemas\AppData\Local\Microsoft\WindowsApps;C:\Users\sistemas\AppData\Local\Programs\Microsoft VS Code\bin;C:\Users\sistemas\Desktop\ProyectoSyncBalanzas\src\main\resources;C:\Program Files\PHP\;C:\Users\sistemas\AppData\Roaming\Composer\vendor\bin;C:\Users\sistemas\AppData\Local\Programs\Windsurf\bin;C:\Program Files\JetBrains\IntelliJ IDEA Community Edition 2025.1.3\bin;;., no libtcnative-1 in java.library.path: C:\Users\sistemas\.jdks\corretto-17.0.12\bin;C:\WINDOWS\Sun\Java\bin;C:\WINDOWS\system32;C:\WINDOWS;C:\Program Files\Java\jdk-17\bin;C:\Program Files\Common Files\Oracle\Java\javapath;C:\WINDOWS\system32;C:\WINDOWS;C:\WINDOWS\System32\Wbem;C:\WINDOWS\System32\WindowsPowerShell\v1.0\;C:\WINDOWS\System32\OpenSSH\;C:\Program Files\SAP\SAP Business One DI API\JCO\LIB\;C:\Program Files\SAP\SAP Business One DI API\DI API 90;C:\Program Files\SAP\SAP Business One\;C:\Program Files\Git\cmd;C:\Users\sistemas\Desktop\ProyectoSyncBalanzas\src\main\resources\;C:\Program Files\dotnet\;C:\ProgramData\ComposerSetup\bin;C:\Program Files (x86)\Java\jre1.8.0_441\bin;C:\Program Files\MySQL\MySQL Shell 8.0\bin\;C:\Users\sistemas\AppData\Local\Programs\Python\Python312\Scripts\;C:\Users\sistemas\AppData\Local\Programs\Python\Python312\;C:\Users\sistemas\AppData\Local\Programs\Python\Launcher\;C:\Users\sistemas\AppData\Local\Microsoft\WindowsApps;C:\Users\sistemas\AppData\Local\Programs\Microsoft VS Code\bin;C:\Users\sistemas\Desktop\ProyectoSyncBalanzas\src\main\resources;C:\Program Files\PHP\;C:\Users\sistemas\AppData\Roaming\Composer\vendor\bin;C:\Users\sistemas\AppData\Local\Programs\Windsurf\bin;C:\Program Files\JetBrains\IntelliJ IDEA Community Edition 2025.1.3\bin;;.]
org.apache.tomcat.jni.LibraryNotFoundError: Can't load library: C:\Users\sistemas\Desktop\MARSOL\HPRT\Balanza HPRT\Proyecto Walmart\Driver_sync\Test\ProyectoSyncBalanzas\bin\tcnative-2.dll, Can't load library: C:\Users\sistemas\Desktop\MARSOL\HPRT\Balanza HPRT\Proyecto Walmart\Driver_sync\Test\ProyectoSyncBalanzas\bin\libtcnative-2.dll, Can't load library: C:\Users\sistemas\Desktop\MARSOL\HPRT\Balanza HPRT\Proyecto Walmart\Driver_sync\Test\ProyectoSyncBalanzas\bin\tcnative-1.dll, Can't load library: C:\Users\sistemas\Desktop\MARSOL\HPRT\Balanza HPRT\Proyecto Walmart\Driver_sync\Test\ProyectoSyncBalanzas\bin\libtcnative-1.dll, no tcnative-2 in java.library.path: C:\Users\sistemas\.jdks\corretto-17.0.12\bin;C:\WINDOWS\Sun\Java\bin;C:\WINDOWS\system32;C:\WINDOWS;C:\Program Files\Java\jdk-17\bin;C:\Program Files\Common Files\Oracle\Java\javapath;C:\WINDOWS\system32;C:\WINDOWS;C:\WINDOWS\System32\Wbem;C:\WINDOWS\System32\WindowsPowerShell\v1.0\;C:\WINDOWS\System32\OpenSSH\;C:\Program Files\SAP\SAP Business One DI API\JCO\LIB\;C:\Program Files\SAP\SAP Business One DI API\DI API 90;C:\Program Files\SAP\SAP Business One\;C:\Program Files\Git\cmd;C:\Users\sistemas\Desktop\ProyectoSyncBalanzas\src\main\resources\;C:\Program Files\dotnet\;C:\ProgramData\ComposerSetup\bin;C:\Program Files (x86)\Java\jre1.8.0_441\bin;C:\Program Files\MySQL\MySQL Shell 8.0\bin\;C:\Users\sistemas\AppData\Local\Programs\Python\Python312\Scripts\;C:\Users\sistemas\AppData\Local\Programs\Python\Python312\;C:\Users\sistemas\AppData\Local\Programs\Python\Launcher\;C:\Users\sistemas\AppData\Local\Microsoft\WindowsApps;C:\Users\sistemas\AppData\Local\Programs\Microsoft VS Code\bin;C:\Users\sistemas\Desktop\ProyectoSyncBalanzas\src\main\resources;C:\Program Files\PHP\;C:\Users\sistemas\AppData\Roaming\Composer\vendor\bin;C:\Users\sistemas\AppData\Local\Programs\Windsurf\bin;C:\Program Files\JetBrains\IntelliJ IDEA Community Edition 2025.1.3\bin;;., no libtcnative-2 in java.library.path: C:\Users\sistemas\.jdks\corretto-17.0.12\bin;C:\WINDOWS\Sun\Java\bin;C:\WINDOWS\system32;C:\WINDOWS;C:\Program Files\Java\jdk-17\bin;C:\Program Files\Common Files\Oracle\Java\javapath;C:\WINDOWS\system32;C:\WINDOWS;C:\WINDOWS\System32\Wbem;C:\WINDOWS\System32\WindowsPowerShell\v1.0\;C:\WINDOWS\System32\OpenSSH\;C:\Program Files\SAP\SAP Business One DI API\JCO\LIB\;C:\Program Files\SAP\SAP Business One DI API\DI API 90;C:\Program Files\SAP\SAP Business One\;C:\Program Files\Git\cmd;C:\Users\sistemas\Desktop\ProyectoSyncBalanzas\src\main\resources\;C:\Program Files\dotnet\;C:\ProgramData\ComposerSetup\bin;C:\Program Files (x86)\Java\jre1.8.0_441\bin;C:\Program Files\MySQL\MySQL Shell 8.0\bin\;C:\Users\sistemas\AppData\Local\Programs\Python\Python312\Scripts\;C:\Users\sistemas\AppData\Local\Programs\Python\Python312\;C:\Users\sistemas\AppData\Local\Programs\Python\Launcher\;C:\Users\sistemas\AppData\Local\Microsoft\WindowsApps;C:\Users\sistemas\AppData\Local\Programs\Microsoft VS Code\bin;C:\Users\sistemas\Desktop\ProyectoSyncBalanzas\src\main\resources;C:\Program Files\PHP\;C:\Users\sistemas\AppData\Roaming\Composer\vendor\bin;C:\Users\sistemas\AppData\Local\Programs\Windsurf\bin;C:\Program Files\JetBrains\IntelliJ IDEA Community Edition 2025.1.3\bin;;., no tcnative-1 in java.library.path: C:\Users\sistemas\.jdks\corretto-17.0.12\bin;C:\WINDOWS\Sun\Java\bin;C:\WINDOWS\system32;C:\WINDOWS;C:\Program Files\Java\jdk-17\bin;C:\Program Files\Common Files\Oracle\Java\javapath;C:\WINDOWS\system32;C:\WINDOWS;C:\WINDOWS\System32\Wbem;C:\WINDOWS\System32\WindowsPowerShell\v1.0\;C:\WINDOWS\System32\OpenSSH\;C:\Program Files\SAP\SAP Business One DI API\JCO\LIB\;C:\Program Files\SAP\SAP Business One DI API\DI API 90;C:\Program Files\SAP\SAP Business One\;C:\Program Files\Git\cmd;C:\Users\sistemas\Desktop\ProyectoSyncBalanzas\src\main\resources\;C:\Program Files\dotnet\;C:\ProgramData\ComposerSetup\bin;C:\Program Files (x86)\Java\jre1.8.0_441\bin;C:\Program Files\MySQL\MySQL Shell 8.0\bin\;C:\Users\sistemas\AppData\Local\Programs\Python\Python312\Scripts\;C:\Users\sistemas\AppData\Local\Programs\Python\Python312\;C:\Users\sistemas\AppData\Local\Programs\Python\Launcher\;C:\Users\sistemas\AppData\Local\Microsoft\WindowsApps;C:\Users\sistemas\AppData\Local\Programs\Microsoft VS Code\bin;C:\Users\sistemas\Desktop\ProyectoSyncBalanzas\src\main\resources;C:\Program Files\PHP\;C:\Users\sistemas\AppData\Roaming\Composer\vendor\bin;C:\Users\sistemas\AppData\Local\Programs\Windsurf\bin;C:\Program Files\JetBrains\IntelliJ IDEA Community Edition 2025.1.3\bin;;., no libtcnative-1 in java.library.path: C:\Users\sistemas\.jdks\corretto-17.0.12\bin;C:\WINDOWS\Sun\Java\bin;C:\WINDOWS\system32;C:\WINDOWS;C:\Program Files\Java\jdk-17\bin;C:\Program Files\Common Files\Oracle\Java\javapath;C:\WINDOWS\system32;C:\WINDOWS;C:\WINDOWS\System32\Wbem;C:\WINDOWS\System32\WindowsPowerShell\v1.0\;C:\WINDOWS\System32\OpenSSH\;C:\Program Files\SAP\SAP Business One DI API\JCO\LIB\;C:\Program Files\SAP\SAP Business One DI API\DI API 90;C:\Program Files\SAP\SAP Business One\;C:\Program Files\Git\cmd;C:\Users\sistemas\Desktop\ProyectoSyncBalanzas\src\main\resources\;C:\Program Files\dotnet\;C:\ProgramData\ComposerSetup\bin;C:\Program Files (x86)\Java\jre1.8.0_441\bin;C:\Program Files\MySQL\MySQL Shell 8.0\bin\;C:\Users\sistemas\AppData\Local\Programs\Python\Python312\Scripts\;C:\Users\sistemas\AppData\Local\Programs\Python\Python312\;C:\Users\sistemas\AppData\Local\Programs\Python\Launcher\;C:\Users\sistemas\AppData\Local\Microsoft\WindowsApps;C:\Users\sistemas\AppData\Local\Programs\Microsoft VS Code\bin;C:\Users\sistemas\Desktop\ProyectoSyncBalanzas\src\main\resources;C:\Program Files\PHP\;C:\Users\sistemas\AppData\Roaming\Composer\vendor\bin;C:\Users\sistemas\AppData\Local\Programs\Windsurf\bin;C:\Program Files\JetBrains\IntelliJ IDEA Community Edition 2025.1.3\bin;;.
	at org.apache.tomcat.jni.Library.<init>(Library.java:91)
	at org.apache.tomcat.jni.Library.initialize(Library.java:147)
	at org.apache.catalina.core.AprLifecycleListener.init(AprLifecycleListener.java:189)
	at org.apache.catalina.core.AprLifecycleListener.isAprAvailable(AprLifecycleListener.java:106)
	at org.springframework.boot.web.embedded.tomcat.TomcatServletWebServerFactory.getDefaultServerLifecycleListeners(TomcatServletWebServerFactory.java:191)
	at org.springframework.boot.web.embedded.tomcat.TomcatServletWebServerFactory.<init>(TomcatServletWebServerFactory.java:138)
	at org.springframework.boot.autoconfigure.web.servlet.ServletWebServerFactoryConfiguration$EmbeddedTomcat.tomcatServletWebServerFactory(ServletWebServerFactoryConfiguration.java:73)
	at java.base/jdk.internal.reflect.NativeMethodAccessorImpl.invoke0(Native Method)
	at java.base/jdk.internal.reflect.NativeMethodAccessorImpl.invoke(NativeMethodAccessorImpl.java:77)
	at java.base/jdk.internal.reflect.DelegatingMethodAccessorImpl.invoke(DelegatingMethodAccessorImpl.java:43)
	at java.base/java.lang.reflect.Method.invoke(Method.java:569)
	at org.springframework.beans.factory.support.SimpleInstantiationStrategy.instantiate(SimpleInstantiationStrategy.java:140)
	at org.springframework.beans.factory.support.ConstructorResolver.instantiate(ConstructorResolver.java:644)
	at org.springframework.beans.factory.support.ConstructorResolver.instantiateUsingFactoryMethod(ConstructorResolver.java:636)
	at org.springframework.beans.factory.support.AbstractAutowireCapableBeanFactory.instantiateUsingFactoryMethod(AbstractAutowireCapableBeanFactory.java:1337)
	at org.springframework.beans.factory.support.AbstractAutowireCapableBeanFactory.createBeanInstance(AbstractAutowireCapableBeanFactory.java:1167)
	at org.springframework.beans.factory.support.AbstractAutowireCapableBeanFactory.doCreateBean(AbstractAutowireCapableBeanFactory.java:562)
	at org.springframework.beans.factory.support.AbstractAutowireCapableBeanFactory.createBean(AbstractAutowireCapableBeanFactory.java:522)
	at org.springframework.beans.factory.support.AbstractBeanFactory.lambda$doGetBean$0(AbstractBeanFactory.java:337)
	at org.springframework.beans.factory.support.DefaultSingletonBeanRegistry.getSingleton(DefaultSingletonBeanRegistry.java:234)
	at org.springframework.beans.factory.support.AbstractBeanFactory.doGetBean(AbstractBeanFactory.java:335)
	at org.springframework.beans.factory.support.AbstractBeanFactory.getBean(AbstractBeanFactory.java:205)
	at org.springframework.boot.web.servlet.context.ServletWebServerApplicationContext.getWebServerFactory(ServletWebServerApplicationContext.java:223)
	at org.springframework.boot.web.servlet.context.ServletWebServerApplicationContext.createWebServer(ServletWebServerApplicationContext.java:186)
	at org.springframework.boot.web.servlet.context.ServletWebServerApplicationContext.onRefresh(ServletWebServerApplicationContext.java:162)
	at org.springframework.context.support.AbstractApplicationContext.refresh(AbstractApplicationContext.java:618)
	at org.springframework.boot.web.servlet.context.ServletWebServerApplicationContext.refresh(ServletWebServerApplicationContext.java:146)
	at org.springframework.boot.SpringApplication.refresh(SpringApplication.java:754)
	at org.springframework.boot.SpringApplication.refreshContext(SpringApplication.java:456)
	at org.springframework.boot.SpringApplication.run(SpringApplication.java:335)
	at org.springframework.boot.SpringApplication.run(SpringApplication.java:1363)
	at org.springframework.boot.SpringApplication.run(SpringApplication.java:1352)
	at com.marsol.sync.MainClass.main(MainClass.java:19)
09:43:08.690 DEBUG o.a.tomcat.util.compat.Jre19Compat - Class not found so assuming code is running on a pre-Java 19 JVM
java.lang.ClassNotFoundException: java.lang.WrongThreadException
	at java.base/jdk.internal.loader.BuiltinClassLoader.loadClass(BuiltinClassLoader.java:641)
	at java.base/jdk.internal.loader.ClassLoaders$AppClassLoader.loadClass(ClassLoaders.java:188)
	at java.base/java.lang.ClassLoader.loadClass(ClassLoader.java:525)
	at java.base/java.lang.Class.forName0(Native Method)
	at java.base/java.lang.Class.forName(Class.java:375)
	at org.apache.tomcat.util.compat.Jre19Compat.<clinit>(Jre19Compat.java:37)
	at org.apache.tomcat.util.compat.JreCompat.<clinit>(JreCompat.java:55)
	at org.apache.catalina.startup.Tomcat.<clinit>(Tomcat.java:1193)
	at org.springframework.boot.web.embedded.tomcat.TomcatServletWebServerFactory.getWebServer(TomcatServletWebServerFactory.java:203)
	at org.springframework.boot.web.servlet.context.ServletWebServerApplicationContext.createWebServer(ServletWebServerApplicationContext.java:188)
	at org.springframework.boot.web.servlet.context.ServletWebServerApplicationContext.onRefresh(ServletWebServerApplicationContext.java:162)
	at org.springframework.context.support.AbstractApplicationContext.refresh(AbstractApplicationContext.java:618)
	at org.springframework.boot.web.servlet.context.ServletWebServerApplicationContext.refresh(ServletWebServerApplicationContext.java:146)
	at org.springframework.boot.SpringApplication.refresh(SpringApplication.java:754)
	at org.springframework.boot.SpringApplication.refreshContext(SpringApplication.java:456)
	at org.springframework.boot.SpringApplication.run(SpringApplication.java:335)
	at org.springframework.boot.SpringApplication.run(SpringApplication.java:1363)
	at org.springframework.boot.SpringApplication.run(SpringApplication.java:1352)
	at com.marsol.sync.MainClass.main(MainClass.java:19)
09:43:08.693 DEBUG o.a.tomcat.util.compat.Jre21Compat - Class not found so assuming code is running on a pre-Java 21 JVM
java.lang.ClassNotFoundException: java.lang.Thread$Builder
	at java.base/jdk.internal.loader.BuiltinClassLoader.loadClass(BuiltinClassLoader.java:641)
	at java.base/jdk.internal.loader.ClassLoaders$AppClassLoader.loadClass(ClassLoaders.java:188)
	at java.base/java.lang.ClassLoader.loadClass(ClassLoader.java:525)
	at java.base/java.lang.Class.forName0(Native Method)
	at java.base/java.lang.Class.forName(Class.java:375)
	at org.apache.tomcat.util.compat.Jre21Compat.<clinit>(Jre21Compat.java:43)
	at org.apache.tomcat.util.compat.JreCompat.<clinit>(JreCompat.java:55)
	at org.apache.catalina.startup.Tomcat.<clinit>(Tomcat.java:1193)
	at org.springframework.boot.web.embedded.tomcat.TomcatServletWebServerFactory.getWebServer(TomcatServletWebServerFactory.java:203)
	at org.springframework.boot.web.servlet.context.ServletWebServerApplicationContext.createWebServer(ServletWebServerApplicationContext.java:188)
	at org.springframework.boot.web.servlet.context.ServletWebServerApplicationContext.onRefresh(ServletWebServerApplicationContext.java:162)
	at org.springframework.context.support.AbstractApplicationContext.refresh(AbstractApplicationContext.java:618)
	at org.springframework.boot.web.servlet.context.ServletWebServerApplicationContext.refresh(ServletWebServerApplicationContext.java:146)
	at org.springframework.boot.SpringApplication.refresh(SpringApplication.java:754)
	at org.springframework.boot.SpringApplication.refreshContext(SpringApplication.java:456)
	at org.springframework.boot.SpringApplication.run(SpringApplication.java:335)
	at org.springframework.boot.SpringApplication.run(SpringApplication.java:1363)
	at org.springframework.boot.SpringApplication.run(SpringApplication.java:1352)
	at com.marsol.sync.MainClass.main(MainClass.java:19)
09:43:08.694 DEBUG o.a.tomcat.util.compat.Jre22Compat - Class not found so assuming code is running on a pre-Java 22 JVM
java.lang.ClassNotFoundException: java.text.ListFormat
	at java.base/jdk.internal.loader.BuiltinClassLoader.loadClass(BuiltinClassLoader.java:641)
	at java.base/jdk.internal.loader.ClassLoaders$AppClassLoader.loadClass(ClassLoaders.java:188)
	at java.base/java.lang.ClassLoader.loadClass(ClassLoader.java:525)
	at java.base/java.lang.Class.forName0(Native Method)
	at java.base/java.lang.Class.forName(Class.java:375)
	at org.apache.tomcat.util.compat.Jre22Compat.<clinit>(Jre22Compat.java:37)
	at org.apache.tomcat.util.compat.JreCompat.<clinit>(JreCompat.java:55)
	at org.apache.catalina.startup.Tomcat.<clinit>(Tomcat.java:1193)
	at org.springframework.boot.web.embedded.tomcat.TomcatServletWebServerFactory.getWebServer(TomcatServletWebServerFactory.java:203)
	at org.springframework.boot.web.servlet.context.ServletWebServerApplicationContext.createWebServer(ServletWebServerApplicationContext.java:188)
	at org.springframework.boot.web.servlet.context.ServletWebServerApplicationContext.onRefresh(ServletWebServerApplicationContext.java:162)
	at org.springframework.context.support.AbstractApplicationContext.refresh(AbstractApplicationContext.java:618)
	at org.springframework.boot.web.servlet.context.ServletWebServerApplicationContext.refresh(ServletWebServerApplicationContext.java:146)
	at org.springframework.boot.SpringApplication.refresh(SpringApplication.java:754)
	at org.springframework.boot.SpringApplication.refreshContext(SpringApplication.java:456)
	at org.springframework.boot.SpringApplication.run(SpringApplication.java:335)
	at org.springframework.boot.SpringApplication.run(SpringApplication.java:1363)
	at org.springframework.boot.SpringApplication.run(SpringApplication.java:1352)
	at com.marsol.sync.MainClass.main(MainClass.java:19)
09:43:09.018 DEBUG o.a.tomcat.util.IntrospectionUtils - IntrospectionUtils: setProperty(class org.apache.coyote.http11.Http11NioProtocol port=8001)
09:43:09.147 DEBUG o.apache.catalina.core.ContainerBase - Add container child [StandardHost[localhost]] to container [StandardEngine[Tomcat]]
09:43:09.192 DEBUG o.apache.catalina.core.ContainerBase - Add container child [TomcatEmbeddedContext[]] to container [StandardEngine[Tomcat].StandardHost[localhost]]
09:43:09.208 DEBUG o.apache.tomcat.util.net.NioEndpoint - [bindOnInit] is [null]
09:43:09.209 DEBUG o.a.tomcat.util.IntrospectionUtils - IntrospectionUtils: setProperty(class org.apache.coyote.http11.Http11NioProtocol bindOnInit=false)
09:43:09.224 DEBUG o.apache.tomcat.util.net.NioEndpoint - Set [bindOnInit] to [false]
09:43:09.224 DEBUG o.a.tomcat.util.IntrospectionUtils - IntrospectionUtils: setProperty(class org.apache.tomcat.util.net.NioEndpoint bindOnInit=false)
09:43:09.230 DEBUG o.apache.catalina.util.LifecycleBase - Setting state for [StandardServer[-1]] to [INITIALIZING]
09:43:09.247 DEBUG o.apache.catalina.util.LifecycleBase - Setting state for [org.apache.catalina.deploy.NamingResourcesImpl@508a65bf] to [INITIALIZING]
09:43:09.247 DEBUG o.apache.catalina.util.LifecycleBase - Setting state for [org.apache.catalina.deploy.NamingResourcesImpl@508a65bf] to [INITIALIZED]
09:43:09.248 DEBUG o.apache.catalina.util.LifecycleBase - Setting state for [StandardService[Tomcat]] to [INITIALIZING]
09:43:09.249 DEBUG o.apache.catalina.util.LifecycleBase - Setting state for [StandardEngine[Tomcat]] to [INITIALIZING]
09:43:09.249 DEBUG o.apache.catalina.util.LifecycleBase - Setting state for [StandardEngine[Tomcat]] to [INITIALIZED]
09:43:09.250 DEBUG o.apache.catalina.util.LifecycleBase - Setting state for [org.apache.catalina.core.StandardThreadExecutor@17f2dd85] to [INITIALIZING]
09:43:09.252 DEBUG o.apache.catalina.util.LifecycleBase - Setting state for [org.apache.catalina.core.StandardThreadExecutor@17f2dd85] to [INITIALIZED]
09:43:09.254 DEBUG o.apache.catalina.util.LifecycleBase - Setting state for [org.apache.catalina.mapper.MapperListener@1e58512c] to [INITIALIZING]
09:43:09.255 DEBUG o.apache.catalina.util.LifecycleBase - Setting state for [org.apache.catalina.mapper.MapperListener@1e58512c] to [INITIALIZED]
09:43:09.256 DEBUG o.apache.catalina.util.LifecycleBase - Setting state for [Connector["http-nio-8001"]] to [INITIALIZING]
09:43:09.266 INFO  o.a.coyote.http11.Http11NioProtocol - Initializing ProtocolHandler ["http-nio-8001"]
09:43:09.271 DEBUG o.apache.catalina.util.LifecycleBase - Setting state for [Connector["http-nio-8001"]] to [INITIALIZED]
09:43:09.273 DEBUG o.apache.catalina.util.LifecycleBase - Setting state for [StandardService[Tomcat]] to [INITIALIZED]
09:43:09.273 DEBUG o.apache.catalina.util.LifecycleBase - Setting state for [StandardServer[-1]] to [INITIALIZED]
09:43:09.274 DEBUG o.apache.catalina.util.LifecycleBase - Setting state for [StandardServer[-1]] to [STARTING_PREP]
09:43:09.276 DEBUG o.apache.catalina.util.LifecycleBase - Setting state for [StandardServer[-1]] to [STARTING]
09:43:09.281 DEBUG o.apache.catalina.util.LifecycleBase - Setting state for [org.apache.catalina.deploy.NamingResourcesImpl@508a65bf] to [STARTING_PREP]
09:43:09.282 DEBUG o.apache.catalina.util.LifecycleBase - Setting state for [org.apache.catalina.deploy.NamingResourcesImpl@508a65bf] to [STARTING]
09:43:09.283 DEBUG o.apache.catalina.util.LifecycleBase - Setting state for [org.apache.catalina.deploy.NamingResourcesImpl@508a65bf] to [STARTED]
09:43:09.284 DEBUG o.apache.catalina.util.LifecycleBase - Setting state for [StandardService[Tomcat]] to [STARTING_PREP]
09:43:09.286 INFO  o.a.catalina.core.StandardService - Starting service [Tomcat]
09:43:09.287 DEBUG o.apache.catalina.util.LifecycleBase - Setting state for [StandardService[Tomcat]] to [STARTING]
09:43:09.287 DEBUG o.apache.catalina.util.LifecycleBase - Setting state for [StandardEngine[Tomcat]] to [STARTING_PREP]
09:43:09.288 INFO  o.a.catalina.core.StandardEngine - Starting Servlet engine: [Apache Tomcat/10.1.24]
09:43:09.294 DEBUG o.apache.catalina.util.LifecycleBase - Setting state for [SimpleRealm[StandardEngine[Tomcat]]] to [INITIALIZING]
09:43:09.296 DEBUG o.apache.catalina.util.LifecycleBase - Setting state for [SimpleRealm[StandardEngine[Tomcat]]] to [INITIALIZED]
09:43:09.297 DEBUG o.apache.catalina.util.LifecycleBase - Setting state for [SimpleRealm[StandardEngine[Tomcat]]] to [STARTING_PREP]
09:43:09.299 DEBUG o.apache.catalina.util.LifecycleBase - Setting state for [SimpleRealm[StandardEngine[Tomcat]]] to [STARTING]
09:43:09.301 DEBUG o.apache.catalina.util.LifecycleBase - Setting state for [SimpleRealm[StandardEngine[Tomcat]]] to [STARTED]
09:43:09.304 DEBUG o.apache.catalina.util.LifecycleBase - Setting state for [StandardEngine[Tomcat].StandardHost[localhost]] to [INITIALIZING]
09:43:09.305 DEBUG o.apache.catalina.util.LifecycleBase - Setting state for [StandardEngine[Tomcat].StandardHost[localhost]] to [INITIALIZED]
09:43:09.305 DEBUG o.apache.catalina.util.LifecycleBase - Setting state for [StandardEngine[Tomcat].StandardHost[localhost]] to [STARTING_PREP]
09:43:09.306 DEBUG o.apache.catalina.util.LifecycleBase - Setting state for [StandardEngine[Tomcat].StandardHost[localhost].TomcatEmbeddedContext[]] to [INITIALIZING]
09:43:09.307 DEBUG o.apache.catalina.util.LifecycleBase - Setting state for [StandardEngine[Tomcat].StandardHost[localhost].TomcatEmbeddedContext[]] to [INITIALIZED]
09:43:09.308 DEBUG o.apache.catalina.util.LifecycleBase - Setting state for [StandardEngine[Tomcat].StandardHost[localhost].TomcatEmbeddedContext[]] to [STARTING_PREP]
09:43:09.309 DEBUG o.a.catalina.core.StandardContext - Starting ROOT
09:43:09.343 DEBUG o.a.catalina.core.StandardContext - Configuring default Resources
09:43:09.353 DEBUG o.apache.catalina.util.LifecycleBase - Setting state for [org.apache.catalina.webresources.StandardRoot@2f1d0bbc] to [INITIALIZING]
09:43:09.361 DEBUG o.apache.catalina.util.LifecycleBase - Setting state for [org.apache.catalina.webresources.StandardRoot@2f1d0bbc] to [INITIALIZED]
09:43:09.362 DEBUG o.apache.catalina.util.LifecycleBase - Setting state for [org.apache.catalina.webresources.StandardRoot@2f1d0bbc] to [STARTING_PREP]
09:43:09.366 DEBUG o.apache.catalina.util.LifecycleBase - Setting state for [org.apache.catalina.webresources.DirResourceSet@77bbadc] to [INITIALIZING]
09:43:09.369 DEBUG o.apache.catalina.util.LifecycleBase - Setting state for [org.apache.catalina.webresources.DirResourceSet@77bbadc] to [INITIALIZED]
09:43:09.370 DEBUG o.apache.catalina.util.LifecycleBase - Setting state for [org.apache.catalina.webresources.DirResourceSet@77bbadc] to [STARTING_PREP]
09:43:09.370 DEBUG o.apache.catalina.util.LifecycleBase - Setting state for [org.apache.catalina.webresources.DirResourceSet@77bbadc] to [STARTING]
09:43:09.371 DEBUG o.apache.catalina.util.LifecycleBase - Setting state for [org.apache.catalina.webresources.DirResourceSet@77bbadc] to [STARTED]
09:43:09.371 DEBUG o.apache.catalina.util.LifecycleBase - Setting state for [org.apache.catalina.webresources.StandardRoot@2f1d0bbc] to [STARTING]
09:43:09.371 DEBUG o.apache.catalina.util.LifecycleBase - Setting state for [org.apache.catalina.webresources.StandardRoot@2f1d0bbc] to [STARTED]
09:43:09.372 DEBUG o.a.catalina.core.StandardContext - Processing standard container startup
09:43:09.372 DEBUG o.apache.catalina.util.LifecycleBase - Setting state for [WebappLoader[StandardEngine[Tomcat].StandardHost[localhost].TomcatEmbeddedContext[]]] to [INITIALIZING]
09:43:09.373 DEBUG o.apache.catalina.util.LifecycleBase - Setting state for [WebappLoader[StandardEngine[Tomcat].StandardHost[localhost].TomcatEmbeddedContext[]]] to [INITIALIZED]
09:43:09.373 DEBUG o.apache.catalina.util.LifecycleBase - Setting state for [WebappLoader[StandardEngine[Tomcat].StandardHost[localhost].TomcatEmbeddedContext[]]] to [STARTING_PREP]
09:43:09.373 DEBUG o.a.catalina.loader.WebappLoader - Starting this Loader
09:43:09.399 DEBUG o.apache.catalina.util.LifecycleBase - Setting state for [WebappLoader[StandardEngine[Tomcat].StandardHost[localhost].TomcatEmbeddedContext[]]] to [STARTING]
09:43:09.399 DEBUG o.apache.catalina.util.LifecycleBase - Setting state for [WebappLoader[StandardEngine[Tomcat].StandardHost[localhost].TomcatEmbeddedContext[]]] to [STARTED]
09:43:09.472 DEBUG o.apache.catalina.util.LifecycleBase - Setting state for [StandardPipeline[StandardEngine[Tomcat].StandardHost[localhost].TomcatEmbeddedContext[]]] to [INITIALIZING]
09:43:09.472 DEBUG o.apache.catalina.util.LifecycleBase - Setting state for [StandardPipeline[StandardEngine[Tomcat].StandardHost[localhost].TomcatEmbeddedContext[]]] to [INITIALIZED]
09:43:09.473 DEBUG o.apache.catalina.util.LifecycleBase - Setting state for [StandardPipeline[StandardEngine[Tomcat].StandardHost[localhost].TomcatEmbeddedContext[]]] to [STARTING_PREP]
09:43:09.474 DEBUG o.apache.catalina.util.LifecycleBase - Setting state for [NonLoginAuthenticator[StandardEngine[Tomcat].StandardHost[localhost].TomcatEmbeddedContext[]]] to [INITIALIZING]
09:43:09.475 DEBUG o.apache.catalina.util.LifecycleBase - Setting state for [NonLoginAuthenticator[StandardEngine[Tomcat].StandardHost[localhost].TomcatEmbeddedContext[]]] to [INITIALIZED]
09:43:09.476 DEBUG o.apache.catalina.util.LifecycleBase - Setting state for [NonLoginAuthenticator[StandardEngine[Tomcat].StandardHost[localhost].TomcatEmbeddedContext[]]] to [STARTING_PREP]
09:43:09.479 DEBUG o.a.c.a.AuthenticatorBase - No SingleSignOn Valve is present
09:43:09.480 DEBUG o.apache.catalina.util.LifecycleBase - Setting state for [NonLoginAuthenticator[StandardEngine[Tomcat].StandardHost[localhost].TomcatEmbeddedContext[]]] to [STARTING]
09:43:09.480 DEBUG o.apache.catalina.util.LifecycleBase - Setting state for [NonLoginAuthenticator[StandardEngine[Tomcat].StandardHost[localhost].TomcatEmbeddedContext[]]] to [STARTED]
09:43:09.481 DEBUG o.apache.catalina.util.LifecycleBase - Setting state for [StandardContextValve[StandardEngine[Tomcat].StandardHost[localhost].TomcatEmbeddedContext[]]] to [INITIALIZING]
09:43:09.482 DEBUG o.apache.catalina.util.LifecycleBase - Setting state for [StandardContextValve[StandardEngine[Tomcat].StandardHost[localhost].TomcatEmbeddedContext[]]] to [INITIALIZED]
09:43:09.483 DEBUG o.apache.catalina.util.LifecycleBase - Setting state for [StandardContextValve[StandardEngine[Tomcat].StandardHost[localhost].TomcatEmbeddedContext[]]] to [STARTING_PREP]
09:43:09.483 DEBUG o.apache.catalina.util.LifecycleBase - Setting state for [StandardContextValve[StandardEngine[Tomcat].StandardHost[localhost].TomcatEmbeddedContext[]]] to [STARTING]
09:43:09.484 DEBUG o.apache.catalina.util.LifecycleBase - Setting state for [StandardContextValve[StandardEngine[Tomcat].StandardHost[localhost].TomcatEmbeddedContext[]]] to [STARTED]
09:43:09.485 DEBUG o.apache.catalina.util.LifecycleBase - Setting state for [StandardPipeline[StandardEngine[Tomcat].StandardHost[localhost].TomcatEmbeddedContext[]]] to [STARTING]
09:43:09.486 DEBUG o.apache.catalina.util.LifecycleBase - Setting state for [StandardPipeline[StandardEngine[Tomcat].StandardHost[localhost].TomcatEmbeddedContext[]]] to [STARTED]
09:43:09.486 DEBUG o.a.catalina.core.StandardContext - No manager found. Checking if cluster manager should be used. Cluster configured: [false], Application distributable: [false]
09:43:09.498 DEBUG o.a.catalina.core.StandardContext - Configured a manager of class [org.apache.catalina.session.StandardManager]
09:43:09.499 DEBUG o.apache.catalina.util.LifecycleBase - Setting state for [org.apache.catalina.deploy.NamingResourcesImpl@2b7962a2] to [INITIALIZING]
09:43:09.500 DEBUG o.apache.catalina.util.LifecycleBase - Setting state for [org.apache.catalina.deploy.NamingResourcesImpl@2b7962a2] to [INITIALIZED]
09:43:09.501 DEBUG o.apache.catalina.util.LifecycleBase - Setting state for [org.apache.catalina.deploy.NamingResourcesImpl@2b7962a2] to [STARTING_PREP]
09:43:09.502 DEBUG o.apache.catalina.util.LifecycleBase - Setting state for [org.apache.catalina.deploy.NamingResourcesImpl@2b7962a2] to [STARTING]
09:43:09.503 DEBUG o.apache.catalina.util.LifecycleBase - Setting state for [org.apache.catalina.deploy.NamingResourcesImpl@2b7962a2] to [STARTED]
09:43:09.546 INFO  o.a.c.c.C.[Tomcat].[localhost].[/] - Initializing Spring embedded WebApplicationContext
09:43:09.598 DEBUG o.apache.catalina.core.ContainerBase - Add container child [StandardWrapper[dispatcherServlet]] to container [StandardEngine[Tomcat].StandardHost[localhost].TomcatEmbeddedContext[]]
09:43:09.598 DEBUG o.apache.catalina.util.LifecycleBase - Setting state for [StandardEngine[Tomcat].StandardHost[localhost].TomcatEmbeddedContext[].StandardWrapper[dispatcherServlet]] to [INITIALIZING]
09:43:09.600 DEBUG o.apache.catalina.util.LifecycleBase - Setting state for [StandardEngine[Tomcat].StandardHost[localhost].TomcatEmbeddedContext[].StandardWrapper[dispatcherServlet]] to [INITIALIZED]
09:43:09.602 DEBUG o.apache.catalina.util.LifecycleBase - Setting state for [StandardEngine[Tomcat].StandardHost[localhost].TomcatEmbeddedContext[].StandardWrapper[dispatcherServlet]] to [STARTING_PREP]
09:43:09.603 DEBUG o.apache.catalina.util.LifecycleBase - Setting state for [StandardPipeline[StandardEngine[Tomcat].StandardHost[localhost].TomcatEmbeddedContext[].StandardWrapper[dispatcherServlet]]] to [INITIALIZING]
09:43:09.604 DEBUG o.apache.catalina.util.LifecycleBase - Setting state for [StandardPipeline[StandardEngine[Tomcat].StandardHost[localhost].TomcatEmbeddedContext[].StandardWrapper[dispatcherServlet]]] to [INITIALIZED]
09:43:09.604 DEBUG o.apache.catalina.util.LifecycleBase - Setting state for [StandardPipeline[StandardEngine[Tomcat].StandardHost[localhost].TomcatEmbeddedContext[].StandardWrapper[dispatcherServlet]]] to [STARTING_PREP]
09:43:09.605 DEBUG o.apache.catalina.util.LifecycleBase - Setting state for [StandardWrapperValve[StandardEngine[Tomcat].StandardHost[localhost].TomcatEmbeddedContext[].StandardWrapper[dispatcherServlet]]] to [INITIALIZING]
09:43:09.605 DEBUG o.apache.catalina.util.LifecycleBase - Setting state for [StandardWrapperValve[StandardEngine[Tomcat].StandardHost[localhost].TomcatEmbeddedContext[].StandardWrapper[dispatcherServlet]]] to [INITIALIZED]
09:43:09.606 DEBUG o.apache.catalina.util.LifecycleBase - Setting state for [StandardWrapperValve[StandardEngine[Tomcat].StandardHost[localhost].TomcatEmbeddedContext[].StandardWrapper[dispatcherServlet]]] to [STARTING_PREP]
09:43:09.606 DEBUG o.apache.catalina.util.LifecycleBase - Setting state for [StandardWrapperValve[StandardEngine[Tomcat].StandardHost[localhost].TomcatEmbeddedContext[].StandardWrapper[dispatcherServlet]]] to [STARTING]
09:43:09.606 DEBUG o.apache.catalina.util.LifecycleBase - Setting state for [StandardWrapperValve[StandardEngine[Tomcat].StandardHost[localhost].TomcatEmbeddedContext[].StandardWrapper[dispatcherServlet]]] to [STARTED]
09:43:09.608 DEBUG o.apache.catalina.util.LifecycleBase - Setting state for [StandardPipeline[StandardEngine[Tomcat].StandardHost[localhost].TomcatEmbeddedContext[].StandardWrapper[dispatcherServlet]]] to [STARTING]
09:43:09.609 DEBUG o.apache.catalina.util.LifecycleBase - Setting state for [StandardPipeline[StandardEngine[Tomcat].StandardHost[localhost].TomcatEmbeddedContext[].StandardWrapper[dispatcherServlet]]] to [STARTED]
09:43:09.610 DEBUG o.apache.catalina.util.LifecycleBase - Setting state for [StandardEngine[Tomcat].StandardHost[localhost].TomcatEmbeddedContext[].StandardWrapper[dispatcherServlet]] to [STARTING]
09:43:09.611 DEBUG o.apache.catalina.util.LifecycleBase - Setting state for [StandardEngine[Tomcat].StandardHost[localhost].TomcatEmbeddedContext[].StandardWrapper[dispatcherServlet]] to [STARTED]
09:43:09.667 DEBUG o.a.catalina.core.StandardContext - Configuring application event listeners
09:43:09.668 DEBUG o.a.c.c.C.[Tomcat].[localhost].[/] - Sending application start events
09:43:09.678 DEBUG o.apache.catalina.util.LifecycleBase - Setting state for [StandardManager[StandardEngine[Tomcat].StandardHost[localhost].TomcatEmbeddedContext[]]] to [INITIALIZING]
09:43:09.680 DEBUG o.apache.catalina.util.LifecycleBase - Setting state for [StandardManager[StandardEngine[Tomcat].StandardHost[localhost].TomcatEmbeddedContext[]]] to [INITIALIZED]
09:43:09.680 DEBUG o.apache.catalina.util.LifecycleBase - Setting state for [StandardManager[StandardEngine[Tomcat].StandardHost[localhost].TomcatEmbeddedContext[]]] to [STARTING_PREP]
09:43:09.682 DEBUG o.apache.catalina.util.LifecycleBase - Setting state for [org.springframework.boot.web.embedded.tomcat.LazySessionIdGenerator@265bd546] to [INITIALIZING]
09:43:09.682 DEBUG o.apache.catalina.util.LifecycleBase - Setting state for [org.springframework.boot.web.embedded.tomcat.LazySessionIdGenerator@265bd546] to [INITIALIZED]
09:43:09.684 DEBUG o.apache.catalina.util.LifecycleBase - Setting state for [org.springframework.boot.web.embedded.tomcat.LazySessionIdGenerator@265bd546] to [STARTING_PREP]
09:43:09.684 DEBUG o.apache.catalina.util.LifecycleBase - Setting state for [org.springframework.boot.web.embedded.tomcat.LazySessionIdGenerator@265bd546] to [STARTING]
09:43:09.685 DEBUG o.apache.catalina.util.LifecycleBase - Setting state for [org.springframework.boot.web.embedded.tomcat.LazySessionIdGenerator@265bd546] to [STARTED]
09:43:09.685 DEBUG o.a.catalina.session.StandardManager - Start: Loading persisted sessions
09:43:09.686 DEBUG o.apache.catalina.util.LifecycleBase - Setting state for [StandardManager[StandardEngine[Tomcat].StandardHost[localhost].TomcatEmbeddedContext[]]] to [STARTING]
09:43:09.687 DEBUG o.apache.catalina.util.LifecycleBase - Setting state for [StandardManager[StandardEngine[Tomcat].StandardHost[localhost].TomcatEmbeddedContext[]]] to [STARTED]
09:43:09.688 DEBUG o.a.c.c.C.[Tomcat].[localhost].[/] - Starting filters
09:43:09.690 DEBUG o.a.c.c.C.[Tomcat].[localhost].[/] -  Starting filter 'requestContextFilter'
09:43:09.732 DEBUG o.a.c.c.C.[Tomcat].[localhost].[/] -  Starting filter 'Tomcat WebSocket (JSR356) Filter'
09:43:09.735 DEBUG o.a.c.c.C.[Tomcat].[localhost].[/] -  Starting filter 'characterEncodingFilter'
09:43:09.736 DEBUG o.a.c.c.C.[Tomcat].[localhost].[/] -  Starting filter 'formContentFilter'
09:43:09.736 DEBUG o.a.catalina.core.StandardContext - Starting completed
09:43:09.737 DEBUG o.apache.catalina.util.LifecycleBase - Setting state for [StandardEngine[Tomcat].StandardHost[localhost].TomcatEmbeddedContext[]] to [STARTING]
09:43:09.739 DEBUG o.apache.catalina.util.LifecycleBase - Setting state for [StandardEngine[Tomcat].StandardHost[localhost].TomcatEmbeddedContext[]] to [STARTED]
09:43:09.744 DEBUG o.apache.catalina.util.LifecycleBase - Setting state for [StandardPipeline[StandardEngine[Tomcat].StandardHost[localhost]]] to [INITIALIZING]
09:43:09.745 DEBUG o.apache.catalina.util.LifecycleBase - Setting state for [StandardPipeline[StandardEngine[Tomcat].StandardHost[localhost]]] to [INITIALIZED]
09:43:09.747 DEBUG o.apache.catalina.util.LifecycleBase - Setting state for [StandardPipeline[StandardEngine[Tomcat].StandardHost[localhost]]] to [STARTING_PREP]
09:43:09.749 DEBUG o.apache.catalina.util.LifecycleBase - Setting state for [ErrorReportValve[StandardEngine[Tomcat].StandardHost[localhost]]] to [INITIALIZING]
09:43:09.750 DEBUG o.apache.catalina.util.LifecycleBase - Setting state for [ErrorReportValve[StandardEngine[Tomcat].StandardHost[localhost]]] to [INITIALIZED]
09:43:09.752 DEBUG o.apache.catalina.util.LifecycleBase - Setting state for [ErrorReportValve[StandardEngine[Tomcat].StandardHost[localhost]]] to [STARTING_PREP]
09:43:09.752 DEBUG o.apache.catalina.util.LifecycleBase - Setting state for [ErrorReportValve[StandardEngine[Tomcat].StandardHost[localhost]]] to [STARTING]
09:43:09.753 DEBUG o.apache.catalina.util.LifecycleBase - Setting state for [ErrorReportValve[StandardEngine[Tomcat].StandardHost[localhost]]] to [STARTED]
09:43:09.754 DEBUG o.apache.catalina.util.LifecycleBase - Setting state for [StandardHostValve[StandardEngine[Tomcat].StandardHost[localhost]]] to [INITIALIZING]
09:43:09.755 DEBUG o.apache.catalina.util.LifecycleBase - Setting state for [StandardHostValve[StandardEngine[Tomcat].StandardHost[localhost]]] to [INITIALIZED]
09:43:09.756 DEBUG o.apache.catalina.util.LifecycleBase - Setting state for [StandardHostValve[StandardEngine[Tomcat].StandardHost[localhost]]] to [STARTING_PREP]
09:43:09.757 DEBUG o.apache.catalina.util.LifecycleBase - Setting state for [StandardHostValve[StandardEngine[Tomcat].StandardHost[localhost]]] to [STARTING]
09:43:09.758 DEBUG o.apache.catalina.util.LifecycleBase - Setting state for [StandardHostValve[StandardEngine[Tomcat].StandardHost[localhost]]] to [STARTED]
09:43:09.760 DEBUG o.apache.catalina.util.LifecycleBase - Setting state for [StandardPipeline[StandardEngine[Tomcat].StandardHost[localhost]]] to [STARTING]
09:43:09.761 DEBUG o.apache.catalina.util.LifecycleBase - Setting state for [StandardPipeline[StandardEngine[Tomcat].StandardHost[localhost]]] to [STARTED]
09:43:09.763 DEBUG o.apache.catalina.util.LifecycleBase - Setting state for [StandardEngine[Tomcat].StandardHost[localhost]] to [STARTING]
09:43:09.763 DEBUG o.apache.catalina.util.LifecycleBase - Setting state for [StandardEngine[Tomcat].StandardHost[localhost]] to [STARTED]
09:43:09.764 DEBUG o.apache.catalina.util.LifecycleBase - Setting state for [StandardPipeline[StandardEngine[Tomcat]]] to [INITIALIZING]
09:43:09.766 DEBUG o.apache.catalina.util.LifecycleBase - Setting state for [StandardPipeline[StandardEngine[Tomcat]]] to [INITIALIZED]
09:43:09.767 DEBUG o.apache.catalina.util.LifecycleBase - Setting state for [StandardPipeline[StandardEngine[Tomcat]]] to [STARTING_PREP]
09:43:09.768 DEBUG o.apache.catalina.util.LifecycleBase - Setting state for [StandardEngineValve[StandardEngine[Tomcat]]] to [INITIALIZING]
09:43:09.770 DEBUG o.apache.catalina.util.LifecycleBase - Setting state for [StandardEngineValve[StandardEngine[Tomcat]]] to [INITIALIZED]
09:43:09.770 DEBUG o.apache.catalina.util.LifecycleBase - Setting state for [StandardEngineValve[StandardEngine[Tomcat]]] to [STARTING_PREP]
09:43:09.771 DEBUG o.apache.catalina.util.LifecycleBase - Setting state for [StandardEngineValve[StandardEngine[Tomcat]]] to [STARTING]
09:43:09.771 DEBUG o.apache.catalina.util.LifecycleBase - Setting state for [StandardEngineValve[StandardEngine[Tomcat]]] to [STARTED]
09:43:09.771 DEBUG o.apache.catalina.util.LifecycleBase - Setting state for [StandardPipeline[StandardEngine[Tomcat]]] to [STARTING]
09:43:09.771 DEBUG o.apache.catalina.util.LifecycleBase - Setting state for [StandardPipeline[StandardEngine[Tomcat]]] to [STARTED]
09:43:09.772 DEBUG o.apache.catalina.util.LifecycleBase - Setting state for [StandardEngine[Tomcat]] to [STARTING]
09:43:09.778 DEBUG o.apache.catalina.util.LifecycleBase - Setting state for [StandardEngine[Tomcat]] to [STARTED]
09:43:09.778 DEBUG o.apache.catalina.util.LifecycleBase - Setting state for [org.apache.catalina.core.StandardThreadExecutor@17f2dd85] to [STARTING_PREP]
09:43:09.788 DEBUG o.apache.catalina.util.LifecycleBase - Setting state for [org.apache.catalina.core.StandardThreadExecutor@17f2dd85] to [STARTING]
09:43:09.789 DEBUG o.apache.catalina.util.LifecycleBase - Setting state for [org.apache.catalina.core.StandardThreadExecutor@17f2dd85] to [STARTED]
09:43:09.789 DEBUG o.apache.catalina.util.LifecycleBase - Setting state for [org.apache.catalina.mapper.MapperListener@1e58512c] to [STARTING_PREP]
09:43:09.789 DEBUG o.apache.catalina.util.LifecycleBase - Setting state for [org.apache.catalina.mapper.MapperListener@1e58512c] to [STARTING]
09:43:09.791 DEBUG org.apache.catalina.mapper.Mapper - Registered host [localhost]
09:43:09.795 DEBUG o.a.catalina.mapper.MapperListener - Register Wrapper [dispatcherServlet] in Context [] for service [StandardService[Tomcat]]
09:43:09.796 DEBUG o.a.catalina.mapper.MapperListener - Register Context [] for service [StandardService[Tomcat]]
09:43:09.797 DEBUG o.a.catalina.mapper.MapperListener - Register host [localhost] at domain [null] for service [StandardService[Tomcat]]
09:43:09.797 DEBUG o.apache.catalina.util.LifecycleBase - Setting state for [org.apache.catalina.mapper.MapperListener@1e58512c] to [STARTED]
09:43:09.798 DEBUG o.apache.catalina.util.LifecycleBase - Setting state for [StandardService[Tomcat]] to [STARTED]
09:43:09.799 DEBUG o.apache.catalina.util.LifecycleBase - Setting state for [StandardServer[-1]] to [STARTED]
09:43:11.328 DEBUG o.apache.catalina.util.LifecycleBase - Setting state for [Connector["http-nio-8001"]] to [STARTING_PREP]
09:43:11.329 DEBUG o.apache.catalina.util.LifecycleBase - Setting state for [Connector["http-nio-8001"]] to [STARTING]
09:43:11.330 INFO  o.a.coyote.http11.Http11NioProtocol - Starting ProtocolHandler ["http-nio-8001"]
09:43:11.380 DEBUG o.apache.catalina.util.LifecycleBase - Setting state for [Connector["http-nio-8001"]] to [STARTED]
09:43:11.384 DEBUG o.a.tomcat.util.threads.LimitLatch - Counting up[http-nio-8001-Acceptor] latch=0
09:43:11.457 INFO  com.marsol.sync.MainClass - Aplicación iniciada correctamente.
09:43:11.470 DEBUG i.m.c.u.i.l.InternalLoggerFactory - Using SLF4J as the default logging framework
09:43:11.471 INFO  c.m.s.a.ScalesNetworkController - Evaluando si existen balanzas por actualizar.
09:43:11.474 TRACE i.m.o.SimpleObservation$SimpleScope - NoOp observation used with SimpleScope
09:43:11.474 INFO  c.m.s.a.ScalesNetworkController - Evaluando si existe balanzas que requieran una cargaLayout o cargaMaestra.
09:43:11.474 TRACE i.m.o.SimpleObservation$SimpleScope - NoOp observation used with SimpleScope
09:43:11.474 INFO  c.m.s.a.ScalesNetworkController - Actualizando Set de Balanzas Actualizacion Forzada.
09:43:12.387 DEBUG o.apache.tomcat.util.net.NioEndpoint - timeout completed: keys processed=0; now=1752846192383; nextExpiration=0; keyCount=0; hasEvents=false; eval=false
09:43:13.399 DEBUG o.apache.tomcat.util.net.NioEndpoint - timeout completed: keys processed=0; now=1752846193399; nextExpiration=1752846193383; keyCount=0; hasEvents=false; eval=false
09:43:14.401 DEBUG o.apache.tomcat.util.net.NioEndpoint - timeout completed: keys processed=0; now=1752846194401; nextExpiration=1752846194399; keyCount=0; hasEvents=false; eval=false
09:43:15.416 DEBUG o.apache.tomcat.util.net.NioEndpoint - timeout completed: keys processed=0; now=1752846195416; nextExpiration=1752846195401; keyCount=0; hasEvents=false; eval=false
09:43:16.430 DEBUG o.apache.tomcat.util.net.NioEndpoint - timeout completed: keys processed=0; now=1752846196430; nextExpiration=1752846196416; keyCount=0; hasEvents=false; eval=false
09:43:17.444 DEBUG o.apache.tomcat.util.net.NioEndpoint - timeout completed: keys processed=0; now=1752846197444; nextExpiration=1752846197430; keyCount=0; hasEvents=false; eval=false
09:43:18.458 DEBUG o.apache.tomcat.util.net.NioEndpoint - timeout completed: keys processed=0; now=1752846198458; nextExpiration=1752846198444; keyCount=0; hasEvents=false; eval=false
09:43:19.459 DEBUG o.apache.tomcat.util.net.NioEndpoint - timeout completed: keys processed=0; now=1752846199459; nextExpiration=1752846199458; keyCount=0; hasEvents=false; eval=false
09:43:20.471 DEBUG o.apache.tomcat.util.net.NioEndpoint - timeout completed: keys processed=0; now=1752846200471; nextExpiration=1752846200459; keyCount=0; hasEvents=false; eval=false
09:43:21.479 DEBUG o.apache.tomcat.util.net.NioEndpoint - timeout completed: keys processed=0; now=1752846201477; nextExpiration=1752846201471; keyCount=0; hasEvents=false; eval=false
09:43:22.481 DEBUG o.apache.tomcat.util.net.NioEndpoint - timeout completed: keys processed=0; now=1752846202481; nextExpiration=1752846202477; keyCount=0; hasEvents=false; eval=false
09:43:23.494 DEBUG o.apache.tomcat.util.net.NioEndpoint - timeout completed: keys processed=0; now=1752846203494; nextExpiration=1752846203481; keyCount=0; hasEvents=false; eval=false
09:43:24.499 DEBUG o.apache.tomcat.util.net.NioEndpoint - timeout completed: keys processed=0; now=1752846204499; nextExpiration=1752846204494; keyCount=0; hasEvents=false; eval=false
09:43:25.506 DEBUG o.apache.tomcat.util.net.NioEndpoint - timeout completed: keys processed=0; now=1752846205506; nextExpiration=1752846205499; keyCount=0; hasEvents=false; eval=false
09:43:26.512 DEBUG o.apache.tomcat.util.net.NioEndpoint - timeout completed: keys processed=0; now=1752846206512; nextExpiration=1752846206506; keyCount=0; hasEvents=false; eval=false
09:43:27.523 DEBUG o.apache.tomcat.util.net.NioEndpoint - timeout completed: keys processed=0; now=1752846207523; nextExpiration=1752846207512; keyCount=0; hasEvents=false; eval=false
09:43:28.396 DEBUG o.a.tomcat.util.threads.LimitLatch - Counting up[http-nio-8001-Acceptor] latch=1
09:43:28.402 DEBUG o.a.coyote.http11.Http11NioProtocol - Processing socket [org.apache.tomcat.util.net.NioChannel@b872bf0:java.nio.channels.SocketChannel[connected local=/[0:0:0:0:0:0:0:1]:8001 remote=/[0:0:0:0:0:0:0:1]:50367]] with status [OPEN_READ]
09:43:28.404 DEBUG o.a.coyote.http11.Http11NioProtocol - Found processor [null] for socket [org.apache.tomcat.util.net.NioChannel@b872bf0:java.nio.channels.SocketChannel[connected local=/[0:0:0:0:0:0:0:1]:8001 remote=/[0:0:0:0:0:0:0:1]:50367]]
09:43:28.404 DEBUG o.a.coyote.http11.Http11NioProtocol - Popped processor [null] from cache
09:43:28.486 DEBUG o.a.coyote.http11.Http11NioProtocol - Register [org.apache.coyote.http11.Http11Processor@4e1afa90] as [Tomcat:type=RequestProcessor,worker="http-nio-8001",name=HttpRequest1]
09:43:28.486 DEBUG o.a.coyote.http11.Http11NioProtocol - Created new processor [org.apache.coyote.http11.Http11Processor@4e1afa90]
09:43:28.499 DEBUG o.a.coyote.http11.Http11InputBuffer - Before fill(): parsingHeader: [true], parsingRequestLine: [true], parsingRequestLinePhase: [0], parsingRequestLineStart: [0], byteBuffer.position(): [0], byteBuffer.limit(): [0], end: [0]
09:43:28.504 DEBUG o.a.t.util.net.SocketWrapperBase - Socket: [org.apache.tomcat.util.net.NioEndpoint$NioSocketWrapper@7aaee9a8:org.apache.tomcat.util.net.NioChannel@b872bf0:java.nio.channels.SocketChannel[connected local=/[0:0:0:0:0:0:0:1]:8001 remote=/[0:0:0:0:0:0:0:1]:50367]], Read from buffer: [0]
09:43:28.506 DEBUG o.apache.tomcat.util.net.NioEndpoint - Socket: [org.apache.tomcat.util.net.NioEndpoint$NioSocketWrapper@7aaee9a8:org.apache.tomcat.util.net.NioChannel@b872bf0:java.nio.channels.SocketChannel[connected local=/[0:0:0:0:0:0:0:1]:8001 remote=/[0:0:0:0:0:0:0:1]:50367]], Read direct from socket: [634]
09:43:28.508 DEBUG o.a.coyote.http11.Http11InputBuffer - Received [GET /cargar HTTP/1.1
Host: localhost:8001
Connection: keep-alive
sec-ch-ua: "Not)A;Brand";v="8", "Chromium";v="138", "Brave";v="138"
sec-ch-ua-mobile: ?0
sec-ch-ua-platform: "Windows"
Upgrade-Insecure-Requests: 1
User-Agent: Mozilla/5.0 (Windows NT 10.0; Win64; x64) AppleWebKit/537.36 (KHTML, like Gecko) Chrome/138.0.0.0 Safari/537.36
Accept: text/html,application/xhtml+xml,application/xml;q=0.9,image/avif,image/webp,image/apng,*/*;q=0.8
Sec-GPC: 1
Accept-Language: es-ES,es;q=0.5
Sec-Fetch-Site: none
Sec-Fetch-Mode: navigate
Sec-Fetch-User: ?1
Sec-Fetch-Dest: document
Accept-Encoding: gzip, deflate, br, zstd

]
09:43:28.570 DEBUG o.apache.tomcat.util.http.Parameters - Set query string encoding to UTF-8
09:43:28.576 DEBUG o.a.c.a.AuthenticatorBase - Security checking request GET /cargar
09:43:28.577 DEBUG org.apache.catalina.realm.RealmBase -   No applicable constraints defined
09:43:28.590 DEBUG o.a.c.a.jaspic.AuthConfigFactoryImpl - Loading persistent provider registrations from [C:\Users\sistemas\AppData\Local\Temp\tomcat.8001.17884920214921400510\conf\jaspic-providers.xml]
09:43:28.592 DEBUG o.a.c.a.AuthenticatorBase - Not subject to any constraint
09:43:28.597 INFO  o.a.c.c.C.[Tomcat].[localhost].[/] - Initializing Spring DispatcherServlet 'dispatcherServlet'
09:43:28.600 DEBUG o.a.catalina.core.StandardWrapper -   Returning instance
09:43:28.714 TRACE o.t.s.view.ThymeleafViewResolver - [THYMELEAF] View cargar will be handled by ThymeleafViewResolver and a ThymeleafView instance will be created for it
09:43:28.765 DEBUG org.thymeleaf.TemplateEngine - [THYMELEAF] INITIALIZING TEMPLATE ENGINE
09:43:29.141 TRACE o.t.T.cache.TEMPLATE_CACHE - [THYMELEAF][CACHE_INITIALIZE] Initializing cache TEMPLATE_CACHE. Max size: 200. Soft references are used.
09:43:29.173 DEBUG o.a.c.loader.WebappClassLoaderBase - getResourceAsStream(org/thymeleaf/thymeleaf.properties)
09:43:29.175 DEBUG o.a.c.loader.WebappClassLoaderBase -   Delegating to parent classloader jdk.internal.loader.ClassLoaders$AppClassLoader@60e53b93
09:43:29.177 DEBUG o.a.c.loader.WebappClassLoaderBase -   --> Returning stream from parent
09:43:29.260 TRACE org.thymeleaf.TemplateEngine.CONFIG - Initializing Thymeleaf Template engine configuration...
[THYMELEAF] TEMPLATE ENGINE CONFIGURATION:
[THYMELEAF] * Thymeleaf version: 3.1.2.RELEASE (built 2023-07-30T19:25:50+0000)
[THYMELEAF] * Cache Manager implementation: org.thymeleaf.cache.StandardCacheManager
[THYMELEAF] * Template resolvers:
[THYMELEAF]     * org.thymeleaf.spring6.templateresolver.SpringResourceTemplateResolver
[THYMELEAF] * Message resolvers:
[THYMELEAF]     * org.thymeleaf.spring6.messageresolver.SpringMessageResolver
[THYMELEAF] * Link builders:
[THYMELEAF]     * org.thymeleaf.linkbuilder.StandardLinkBuilder
[THYMELEAF] * Dialect: SpringStandard (org.thymeleaf.spring6.dialect.SpringStandardDialect)
[THYMELEAF]     * Prefix: "th"
[THYMELEAF]     * Processors for Template Mode: HTML
[THYMELEAF]         * Element Tag Processors by [matching element and attribute name] [precedence]:
[THYMELEAF]             * [* {th:include,data-th-include}] [100]: org.thymeleaf.standard.processor.StandardIncludeTagProcessor
[THYMELEAF]             * [* {th:insert,data-th-insert}] [100]: org.thymeleaf.standard.processor.StandardInsertTagProcessor
[THYMELEAF]             * [* {th:replace,data-th-replace}] [100]: org.thymeleaf.standard.processor.StandardReplaceTagProcessor
[THYMELEAF]             * [* {th:each,data-th-each}] [200]: org.thymeleaf.standard.processor.StandardEachTagProcessor
[THYMELEAF]             * [* {th:switch,data-th-switch}] [250]: org.thymeleaf.standard.processor.StandardSwitchTagProcessor
[THYMELEAF]             * [* {th:case,data-th-case}] [275]: org.thymeleaf.standard.processor.StandardCaseTagProcessor
[THYMELEAF]             * [* {th:if,data-th-if}] [300]: org.thymeleaf.standard.processor.StandardIfTagProcessor
[THYMELEAF]             * [* {th:unless,data-th-unless}] [400]: org.thymeleaf.standard.processor.StandardUnlessTagProcessor
[THYMELEAF]             * [* {th:object,data-th-object}] [500]: org.thymeleaf.spring6.processor.SpringObjectTagProcessor
[THYMELEAF]             * [* {th:with,data-th-with}] [600]: org.thymeleaf.standard.processor.StandardWithTagProcessor
[THYMELEAF]             * [* {th:attr,data-th-attr}] [700]: org.thymeleaf.standard.processor.StandardAttrTagProcessor
[THYMELEAF]             * [* {th:attrprepend,data-th-attrprepend}] [800]: org.thymeleaf.standard.processor.StandardAttrprependTagProcessor
[THYMELEAF]             * [* {th:attrappend,data-th-attrappend}] [900]: org.thymeleaf.standard.processor.StandardAttrappendTagProcessor
[THYMELEAF]             * [* {th:method,data-th-method}] [990]: org.thymeleaf.spring6.processor.SpringMethodTagProcessor
[THYMELEAF]             * [* {th:alt-title,data-th-alt-title}] [990]: org.thymeleaf.standard.processor.StandardAltTitleTagProcessor
[THYMELEAF]             * [* {th:lang-xmllang,data-th-lang-xmllang}] [990]: org.thymeleaf.standard.processor.StandardLangXmlLangTagProcessor
[THYMELEAF]             * [* {th:action,data-th-action}] [1000]: org.thymeleaf.spring6.processor.SpringActionTagProcessor
[THYMELEAF]             * [* {th:href,data-th-href}] [1000]: org.thymeleaf.spring6.processor.SpringHrefTagProcessor
[THYMELEAF]             * [* {th:src,data-th-src}] [1000]: org.thymeleaf.spring6.processor.SpringSrcTagProcessor
[THYMELEAF]             * [* {th:declare,data-th-declare}] [1000]: org.thymeleaf.standard.processor.StandardConditionalFixedValueTagProcessor
[THYMELEAF]             * [* {th:autofocus,data-th-autofocus}] [1000]: org.thymeleaf.standard.processor.StandardConditionalFixedValueTagProcessor
[THYMELEAF]             * [* {th:seamless,data-th-seamless}] [1000]: org.thymeleaf.standard.processor.StandardConditionalFixedValueTagProcessor
[THYMELEAF]             * [* {th:autoplay,data-th-autoplay}] [1000]: org.thymeleaf.standard.processor.StandardConditionalFixedValueTagProcessor
[THYMELEAF]             * [* {th:default,data-th-default}] [1000]: org.thymeleaf.standard.processor.StandardConditionalFixedValueTagProcessor
[THYMELEAF]             * [* {th:loop,data-th-loop}] [1000]: org.thymeleaf.standard.processor.StandardConditionalFixedValueTagProcessor
[THYMELEAF]             * [* {th:defer,data-th-defer}] [1000]: org.thymeleaf.standard.processor.StandardConditionalFixedValueTagProcessor
[THYMELEAF]             * [* {th:open,data-th-open}] [1000]: org.thymeleaf.standard.processor.StandardConditionalFixedValueTagProcessor
[THYMELEAF]             * [* {th:hidden,data-th-hidden}] [1000]: org.thymeleaf.standard.processor.StandardConditionalFixedValueTagProcessor
[THYMELEAF]             * [* {th:selected,data-th-selected}] [1000]: org.thymeleaf.standard.processor.StandardConditionalFixedValueTagProcessor
[THYMELEAF]             * [* {th:readonly,data-th-readonly}] [1000]: org.thymeleaf.standard.processor.StandardConditionalFixedValueTagProcessor
[THYMELEAF]             * [* {th:required,data-th-required}] [1000]: org.thymeleaf.standard.processor.StandardConditionalFixedValueTagProcessor
[THYMELEAF]             * [* {th:async,data-th-async}] [1000]: org.thymeleaf.standard.processor.StandardConditionalFixedValueTagProcessor
[THYMELEAF]             * [* {th:nowrap,data-th-nowrap}] [1000]: org.thymeleaf.standard.processor.StandardConditionalFixedValueTagProcessor
[THYMELEAF]             * [* {th:formnovalidate,data-th-formnovalidate}] [1000]: org.thymeleaf.standard.processor.StandardConditionalFixedValueTagProcessor
[THYMELEAF]             * [* {th:scoped,data-th-scoped}] [1000]: org.thymeleaf.standard.processor.StandardConditionalFixedValueTagProcessor
[THYMELEAF]             * [* {th:pubdate,data-th-pubdate}] [1000]: org.thymeleaf.standard.processor.StandardConditionalFixedValueTagProcessor
[THYMELEAF]             * [* {th:controls,data-th-controls}] [1000]: org.thymeleaf.standard.processor.StandardConditionalFixedValueTagProcessor
[THYMELEAF]             * [* {th:reversed,data-th-reversed}] [1000]: org.thymeleaf.standard.processor.StandardConditionalFixedValueTagProcessor
[THYMELEAF]             * [* {th:checked,data-th-checked}] [1000]: org.thymeleaf.standard.processor.StandardConditionalFixedValueTagProcessor
[THYMELEAF]             * [* {th:ismap,data-th-ismap}] [1000]: org.thymeleaf.standard.processor.StandardConditionalFixedValueTagProcessor
[THYMELEAF]             * [* {th:disabled,data-th-disabled}] [1000]: org.thymeleaf.standard.processor.StandardConditionalFixedValueTagProcessor
[THYMELEAF]             * [* {th:novalidate,data-th-novalidate}] [1000]: org.thymeleaf.standard.processor.StandardConditionalFixedValueTagProcessor
[THYMELEAF]             * [* {th:multiple,data-th-multiple}] [1000]: org.thymeleaf.standard.processor.StandardConditionalFixedValueTagProcessor
[THYMELEAF]             * [* {th:onmousemove,data-th-onmousemove}] [1000]: org.thymeleaf.standard.processor.StandardDOMEventAttributeTagProcessor
[THYMELEAF]             * [* {th:onoffline,data-th-onoffline}] [1000]: org.thymeleaf.standard.processor.StandardDOMEventAttributeTagProcessor
[THYMELEAF]             * [* {th:onloadeddata,data-th-onloadeddata}] [1000]: org.thymeleaf.standard.processor.StandardDOMEventAttributeTagProcessor
[THYMELEAF]             * [* {th:onfocus,data-th-onfocus}] [1000]: org.thymeleaf.standard.processor.StandardDOMEventAttributeTagProcessor
[THYMELEAF]             * [* {th:onredo,data-th-onredo}] [1000]: org.thymeleaf.standard.processor.StandardDOMEventAttributeTagProcessor
[THYMELEAF]             * [* {th:onshow,data-th-onshow}] [1000]: org.thymeleaf.standard.processor.StandardDOMEventAttributeTagProcessor
[THYMELEAF]             * [* {th:ondragstart,data-th-ondragstart}] [1000]: org.thymeleaf.standard.processor.StandardDOMEventAttributeTagProcessor
[THYMELEAF]             * [* {th:onplaying,data-th-onplaying}] [1000]: org.thymeleaf.standard.processor.StandardDOMEventAttributeTagProcessor
[THYMELEAF]             * [* {th:onwaiting,data-th-onwaiting}] [1000]: org.thymeleaf.standard.processor.StandardDOMEventAttributeTagProcessor
[THYMELEAF]             * [* {th:ondrag,data-th-ondrag}] [1000]: org.thymeleaf.standard.processor.StandardDOMEventAttributeTagProcessor
[THYMELEAF]             * [* {th:ondblclick,data-th-ondblclick}] [1000]: org.thymeleaf.standard.processor.StandardDOMEventAttributeTagProcessor
[THYMELEAF]             * [* {th:oncontextmenu,data-th-oncontextmenu}] [1000]: org.thymeleaf.standard.processor.StandardDOMEventAttributeTagProcessor
[THYMELEAF]             * [* {th:onbeforeprint,data-th-onbeforeprint}] [1000]: org.thymeleaf.standard.processor.StandardDOMEventAttributeTagProcessor
[THYMELEAF]             * [* {th:onpopstate,data-th-onpopstate}] [1000]: org.thymeleaf.standard.processor.StandardDOMEventAttributeTagProcessor
[THYMELEAF]             * [* {th:onabort,data-th-onabort}] [1000]: org.thymeleaf.standard.processor.StandardDOMEventAttributeTagProcessor
[THYMELEAF]             * [* {th:ondurationchange,data-th-ondurationchange}] [1000]: org.thymeleaf.standard.processor.StandardDOMEventAttributeTagProcessor
[THYMELEAF]             * [* {th:onmousewheel,data-th-onmousewheel}] [1000]: org.thymeleaf.standard.processor.StandardDOMEventAttributeTagProcessor
[THYMELEAF]             * [* {th:onstalled,data-th-onstalled}] [1000]: org.thymeleaf.standard.processor.StandardDOMEventAttributeTagProcessor
[THYMELEAF]             * [* {th:onformchange,data-th-onformchange}] [1000]: org.thymeleaf.standard.processor.StandardDOMEventAttributeTagProcessor
[THYMELEAF]             * [* {th:onmouseout,data-th-onmouseout}] [1000]: org.thymeleaf.standard.processor.StandardDOMEventAttributeTagProcessor
[THYMELEAF]             * [* {th:onkeypress,data-th-onkeypress}] [1000]: org.thymeleaf.standard.processor.StandardDOMEventAttributeTagProcessor
[THYMELEAF]             * [* {th:onload,data-th-onload}] [1000]: org.thymeleaf.standard.processor.StandardDOMEventAttributeTagProcessor
[THYMELEAF]             * [* {th:oninput,data-th-oninput}] [1000]: org.thymeleaf.standard.processor.StandardDOMEventAttributeTagProcessor
[THYMELEAF]             * [* {th:onafterprint,data-th-onafterprint}] [1000]: org.thymeleaf.standard.processor.StandardDOMEventAttributeTagProcessor
[THYMELEAF]             * [* {th:ononline,data-th-ononline}] [1000]: org.thymeleaf.standard.processor.StandardDOMEventAttributeTagProcessor
[THYMELEAF]             * [* {th:onsubmit,data-th-onsubmit}] [1000]: org.thymeleaf.standard.processor.StandardDOMEventAttributeTagProcessor
[THYMELEAF]             * [* {th:onscroll,data-th-onscroll}] [1000]: org.thymeleaf.standard.processor.StandardDOMEventAttributeTagProcessor
[THYMELEAF]             * [* {th:onseeked,data-th-onseeked}] [1000]: org.thymeleaf.standard.processor.StandardDOMEventAttributeTagProcessor
[THYMELEAF]             * [* {th:onemptied,data-th-onemptied}] [1000]: org.thymeleaf.standard.processor.StandardDOMEventAttributeTagProcessor
[THYMELEAF]             * [* {th:onstorage,data-th-onstorage}] [1000]: org.thymeleaf.standard.processor.StandardDOMEventAttributeTagProcessor
[THYMELEAF]             * [* {th:onselect,data-th-onselect}] [1000]: org.thymeleaf.standard.processor.StandardDOMEventAttributeTagProcessor
[THYMELEAF]             * [* {th:oncanplay,data-th-oncanplay}] [1000]: org.thymeleaf.standard.processor.StandardDOMEventAttributeTagProcessor
[THYMELEAF]             * [* {th:onpause,data-th-onpause}] [1000]: org.thymeleaf.standard.processor.StandardDOMEventAttributeTagProcessor
[THYMELEAF]             * [* {th:onvolumechange,data-th-onvolumechange}] [1000]: org.thymeleaf.standard.processor.StandardDOMEventAttributeTagProcessor
[THYMELEAF]             * [* {th:onloadstart,data-th-onloadstart}] [1000]: org.thymeleaf.standard.processor.StandardDOMEventAttributeTagProcessor
[THYMELEAF]             * [* {th:ondragenter,data-th-ondragenter}] [1000]: org.thymeleaf.standard.processor.StandardDOMEventAttributeTagProcessor
[THYMELEAF]             * [* {th:onloadedmetadata,data-th-onloadedmetadata}] [1000]: org.thymeleaf.standard.processor.StandardDOMEventAttributeTagProcessor
[THYMELEAF]             * [* {th:onsuspend,data-th-onsuspend}] [1000]: org.thymeleaf.standard.processor.StandardDOMEventAttributeTagProcessor
[THYMELEAF]             * [* {th:ondragleave,data-th-ondragleave}] [1000]: org.thymeleaf.standard.processor.StandardDOMEventAttributeTagProcessor
[THYMELEAF]             * [* {th:onreset,data-th-onreset}] [1000]: org.thymeleaf.standard.processor.StandardDOMEventAttributeTagProcessor
[THYMELEAF]             * [* {th:onerror,data-th-onerror}] [1000]: org.thymeleaf.standard.processor.StandardDOMEventAttributeTagProcessor
[THYMELEAF]             * [* {th:onclick,data-th-onclick}] [1000]: org.thymeleaf.standard.processor.StandardDOMEventAttributeTagProcessor
[THYMELEAF]             * [* {th:onplay,data-th-onplay}] [1000]: org.thymeleaf.standard.processor.StandardDOMEventAttributeTagProcessor
[THYMELEAF]             * [* {th:ontimeupdate,data-th-ontimeupdate}] [1000]: org.thymeleaf.standard.processor.StandardDOMEventAttributeTagProcessor
[THYMELEAF]             * [* {th:oninvalid,data-th-oninvalid}] [1000]: org.thymeleaf.standard.processor.StandardDOMEventAttributeTagProcessor
[THYMELEAF]             * [* {th:onratechange,data-th-onratechange}] [1000]: org.thymeleaf.standard.processor.StandardDOMEventAttributeTagProcessor
[THYMELEAF]             * [* {th:onmessage,data-th-onmessage}] [1000]: org.thymeleaf.standard.processor.StandardDOMEventAttributeTagProcessor
[THYMELEAF]             * [* {th:ondrop,data-th-ondrop}] [1000]: org.thymeleaf.standard.processor.StandardDOMEventAttributeTagProcessor
[THYMELEAF]             * [* {th:onprogress,data-th-onprogress}] [1000]: org.thymeleaf.standard.processor.StandardDOMEventAttributeTagProcessor
[THYMELEAF]             * [* {th:onchange,data-th-onchange}] [1000]: org.thymeleaf.standard.processor.StandardDOMEventAttributeTagProcessor
[THYMELEAF]             * [* {th:onseeking,data-th-onseeking}] [1000]: org.thymeleaf.standard.processor.StandardDOMEventAttributeTagProcessor
[THYMELEAF]             * [* {th:onkeyup,data-th-onkeyup}] [1000]: org.thymeleaf.standard.processor.StandardDOMEventAttributeTagProcessor
[THYMELEAF]             * [* {th:onblur,data-th-onblur}] [1000]: org.thymeleaf.standard.processor.StandardDOMEventAttributeTagProcessor
[THYMELEAF]             * [* {th:onunload,data-th-onunload}] [1000]: org.thymeleaf.standard.processor.StandardDOMEventAttributeTagProcessor
[THYMELEAF]             * [* {th:onmouseover,data-th-onmouseover}] [1000]: org.thymeleaf.standard.processor.StandardDOMEventAttributeTagProcessor
[THYMELEAF]             * [* {th:onkeydown,data-th-onkeydown}] [1000]: org.thymeleaf.standard.processor.StandardDOMEventAttributeTagProcessor
[THYMELEAF]             * [* {th:onended,data-th-onended}] [1000]: org.thymeleaf.standard.processor.StandardDOMEventAttributeTagProcessor
[THYMELEAF]             * [* {th:onmouseup,data-th-onmouseup}] [1000]: org.thymeleaf.standard.processor.StandardDOMEventAttributeTagProcessor
[THYMELEAF]             * [* {th:onbeforeunload,data-th-onbeforeunload}] [1000]: org.thymeleaf.standard.processor.StandardDOMEventAttributeTagProcessor
[THYMELEAF]             * [* {th:onmousedown,data-th-onmousedown}] [1000]: org.thymeleaf.standard.processor.StandardDOMEventAttributeTagProcessor
[THYMELEAF]             * [* {th:onundo,data-th-onundo}] [1000]: org.thymeleaf.standard.processor.StandardDOMEventAttributeTagProcessor
[THYMELEAF]             * [* {th:onresize,data-th-onresize}] [1000]: org.thymeleaf.standard.processor.StandardDOMEventAttributeTagProcessor
[THYMELEAF]             * [* {th:ondragover,data-th-ondragover}] [1000]: org.thymeleaf.standard.processor.StandardDOMEventAttributeTagProcessor
[THYMELEAF]             * [* {th:onhashchange,data-th-onhashchange}] [1000]: org.thymeleaf.standard.processor.StandardDOMEventAttributeTagProcessor
[THYMELEAF]             * [* {th:onforminput,data-th-onforminput}] [1000]: org.thymeleaf.standard.processor.StandardDOMEventAttributeTagProcessor
[THYMELEAF]             * [* {th:onreadystatechange,data-th-onreadystatechange}] [1000]: org.thymeleaf.standard.processor.StandardDOMEventAttributeTagProcessor
[THYMELEAF]             * [* {th:oncanplaythrough,data-th-oncanplaythrough}] [1000]: org.thymeleaf.standard.processor.StandardDOMEventAttributeTagProcessor
[THYMELEAF]             * [* {th:ondragend,data-th-ondragend}] [1000]: org.thymeleaf.standard.processor.StandardDOMEventAttributeTagProcessor
[THYMELEAF]             * [* {th:inline,data-th-inline}] [1000]: org.thymeleaf.standard.processor.StandardInlineHTMLTagProcessor
[THYMELEAF]             * [* {th:type,data-th-type}] [1000]: org.thymeleaf.standard.processor.StandardNonRemovableAttributeTagProcessor
[THYMELEAF]             * [* {th:name,data-th-name}] [1000]: org.thymeleaf.standard.processor.StandardNonRemovableAttributeTagProcessor
[THYMELEAF]             * [* {th:border,data-th-border}] [1000]: org.thymeleaf.standard.processor.StandardRemovableAttributeTagProcessor
[THYMELEAF]             * [* {th:low,data-th-low}] [1000]: org.thymeleaf.standard.processor.StandardRemovableAttributeTagProcessor
[THYMELEAF]             * [* {th:align,data-th-align}] [1000]: org.thymeleaf.standard.processor.StandardRemovableAttributeTagProcessor
[THYMELEAF]             * [* {th:accept,data-th-accept}] [1000]: org.thymeleaf.standard.processor.StandardRemovableAttributeTagProcessor
[THYMELEAF]             * [* {th:cellspacing,data-th-cellspacing}] [1000]: org.thymeleaf.standard.processor.StandardRemovableAttributeTagProcessor
[THYMELEAF]             * [* {th:cellpadding,data-th-cellpadding}] [1000]: org.thymeleaf.standard.processor.StandardRemovableAttributeTagProcessor
[THYMELEAF]             * [* {th:scope,data-th-scope}] [1000]: org.thymeleaf.standard.processor.StandardRemovableAttributeTagProcessor
[THYMELEAF]             * [* {th:compact,data-th-compact}] [1000]: org.thymeleaf.standard.processor.StandardRemovableAttributeTagProcessor
[THYMELEAF]             * [* {th:accesskey,data-th-accesskey}] [1000]: org.thymeleaf.standard.processor.StandardRemovableAttributeTagProcessor
[THYMELEAF]             * [* {th:size,data-th-size}] [1000]: org.thymeleaf.standard.processor.StandardRemovableAttributeTagProcessor
[THYMELEAF]             * [* {th:height,data-th-height}] [1000]: org.thymeleaf.standard.processor.StandardRemovableAttributeTagProcessor
[THYMELEAF]             * [* {th:poster,data-th-poster}] [1000]: org.thymeleaf.standard.processor.StandardRemovableAttributeTagProcessor
[THYMELEAF]             * [* {th:target,data-th-target}] [1000]: org.thymeleaf.standard.processor.StandardRemovableAttributeTagProcessor
[THYMELEAF]             * [* {th:standby,data-th-standby}] [1000]: org.thymeleaf.standard.processor.StandardRemovableAttributeTagProcessor
[THYMELEAF]             * [* {th:form,data-th-form}] [1000]: org.thymeleaf.standard.processor.StandardRemovableAttributeTagProcessor
[THYMELEAF]             * [* {th:span,data-th-span}] [1000]: org.thymeleaf.standard.processor.StandardRemovableAttributeTagProcessor
[THYMELEAF]             * [* {th:placeholder,data-th-placeholder}] [1000]: org.thymeleaf.standard.processor.StandardRemovableAttributeTagProcessor
[THYMELEAF]             * [* {th:style,data-th-style}] [1000]: org.thymeleaf.standard.processor.StandardRemovableAttributeTagProcessor
[THYMELEAF]             * [* {th:scheme,data-th-scheme}] [1000]: org.thymeleaf.standard.processor.StandardRemovableAttributeTagProcessor
[THYMELEAF]             * [* {th:wrap,data-th-wrap}] [1000]: org.thymeleaf.standard.processor.StandardRemovableAttributeTagProcessor
[THYMELEAF]             * [* {th:frameborder,data-th-frameborder}] [1000]: org.thymeleaf.standard.processor.StandardRemovableAttributeTagProcessor
[THYMELEAF]             * [* {th:summary,data-th-summary}] [1000]: org.thymeleaf.standard.processor.StandardRemovableAttributeTagProcessor
[THYMELEAF]             * [* {th:challenge,data-th-challenge}] [1000]: org.thymeleaf.standard.processor.StandardRemovableAttributeTagProcessor
[THYMELEAF]             * [* {th:hspace,data-th-hspace}] [1000]: org.thymeleaf.standard.processor.StandardRemovableAttributeTagProcessor
[THYMELEAF]             * [* {th:frame,data-th-frame}] [1000]: org.thymeleaf.standard.processor.StandardRemovableAttributeTagProcessor
[THYMELEAF]             * [* {th:vspace,data-th-vspace}] [1000]: org.thymeleaf.standard.processor.StandardRemovableAttributeTagProcessor
[THYMELEAF]             * [* {th:rev,data-th-rev}] [1000]: org.thymeleaf.standard.processor.StandardRemovableAttributeTagProcessor
[THYMELEAF]             * [* {th:width,data-th-width}] [1000]: org.thymeleaf.standard.processor.StandardRemovableAttributeTagProcessor
[THYMELEAF]             * [* {th:tabindex,data-th-tabindex}] [1000]: org.thymeleaf.standard.processor.StandardRemovableAttributeTagProcessor
[THYMELEAF]             * [* {th:axis,data-th-axis}] [1000]: org.thymeleaf.standard.processor.StandardRemovableAttributeTagProcessor
[THYMELEAF]             * [* {th:usemap,data-th-usemap}] [1000]: org.thymeleaf.standard.processor.StandardRemovableAttributeTagProcessor
[THYMELEAF]             * [* {th:kind,data-th-kind}] [1000]: org.thymeleaf.standard.processor.StandardRemovableAttributeTagProcessor
[THYMELEAF]             * [* {th:optimum,data-th-optimum}] [1000]: org.thymeleaf.standard.processor.StandardRemovableAttributeTagProcessor
[THYMELEAF]             * [* {th:marginwidth,data-th-marginwidth}] [1000]: org.thymeleaf.standard.processor.StandardRemovableAttributeTagProcessor
[THYMELEAF]             * [* {th:rowspan,data-th-rowspan}] [1000]: org.thymeleaf.standard.processor.StandardRemovableAttributeTagProcessor
[THYMELEAF]             * [* {th:id,data-th-id}] [1000]: org.thymeleaf.standard.processor.StandardRemovableAttributeTagProcessor
[THYMELEAF]             * [* {th:preload,data-th-preload}] [1000]: org.thymeleaf.standard.processor.StandardRemovableAttributeTagProcessor
[THYMELEAF]             * [* {th:longdesc,data-th-longdesc}] [1000]: org.thymeleaf.standard.processor.StandardRemovableAttributeTagProcessor
[THYMELEAF]             * [* {th:sandbox,data-th-sandbox}] [1000]: org.thymeleaf.standard.processor.StandardRemovableAttributeTagProcessor
[THYMELEAF]             * [* {th:formtarget,data-th-formtarget}] [1000]: org.thymeleaf.standard.processor.StandardRemovableAttributeTagProcessor
[THYMELEAF]             * [* {th:headers,data-th-headers}] [1000]: org.thymeleaf.standard.processor.StandardRemovableAttributeTagProcessor
[THYMELEAF]             * [* {th:formaction,data-th-formaction}] [1000]: org.thymeleaf.standard.processor.StandardRemovableAttributeTagProcessor
[THYMELEAF]             * [* {th:step,data-th-step}] [1000]: org.thymeleaf.standard.processor.StandardRemovableAttributeTagProcessor
[THYMELEAF]             * [* {th:content,data-th-content}] [1000]: org.thymeleaf.standard.processor.StandardRemovableAttributeTagProcessor
[THYMELEAF]             * [* {th:class,data-th-class}] [1000]: org.thymeleaf.standard.processor.StandardRemovableAttributeTagProcessor
[THYMELEAF]             * [* {th:icon,data-th-icon}] [1000]: org.thymeleaf.standard.processor.StandardRemovableAttributeTagProcessor
[THYMELEAF]             * [* {th:for,data-th-for}] [1000]: org.thymeleaf.standard.processor.StandardRemovableAttributeTagProcessor
[THYMELEAF]             * [* {th:contenteditable,data-th-contenteditable}] [1000]: org.thymeleaf.standard.processor.StandardRemovableAttributeTagProcessor
[THYMELEAF]             * [* {th:charset,data-th-charset}] [1000]: org.thymeleaf.standard.processor.StandardRemovableAttributeTagProcessor
[THYMELEAF]             * [* {th:formmethod,data-th-formmethod}] [1000]: org.thymeleaf.standard.processor.StandardRemovableAttributeTagProcessor
[THYMELEAF]             * [* {th:dir,data-th-dir}] [1000]: org.thymeleaf.standard.processor.StandardRemovableAttributeTagProcessor
[THYMELEAF]             * [* {th:pattern,data-th-pattern}] [1000]: org.thymeleaf.standard.processor.StandardRemovableAttributeTagProcessor
[THYMELEAF]             * [* {th:formenctype,data-th-formenctype}] [1000]: org.thymeleaf.standard.processor.StandardRemovableAttributeTagProcessor
[THYMELEAF]             * [* {th:max,data-th-max}] [1000]: org.thymeleaf.standard.processor.StandardRemovableAttributeTagProcessor
[THYMELEAF]             * [* {th:audio,data-th-audio}] [1000]: org.thymeleaf.standard.processor.StandardRemovableAttributeTagProcessor
[THYMELEAF]             * [* {th:rel,data-th-rel}] [1000]: org.thymeleaf.standard.processor.StandardRemovableAttributeTagProcessor
[THYMELEAF]             * [* {th:rows,data-th-rows}] [1000]: org.thymeleaf.standard.processor.StandardRemovableAttributeTagProcessor
[THYMELEAF]             * [* {th:contextmenu,data-th-contextmenu}] [1000]: org.thymeleaf.standard.processor.StandardRemovableAttributeTagProcessor
[THYMELEAF]             * [* {th:start,data-th-start}] [1000]: org.thymeleaf.standard.processor.StandardRemovableAttributeTagProcessor
[THYMELEAF]             * [* {th:enctype,data-th-enctype}] [1000]: org.thymeleaf.standard.processor.StandardRemovableAttributeTagProcessor
[THYMELEAF]             * [* {th:min,data-th-min}] [1000]: org.thymeleaf.standard.processor.StandardRemovableAttributeTagProcessor
[THYMELEAF]             * [* {th:colspan,data-th-colspan}] [1000]: org.thymeleaf.standard.processor.StandardRemovableAttributeTagProcessor
[THYMELEAF]             * [* {th:manifest,data-th-manifest}] [1000]: org.thymeleaf.standard.processor.StandardRemovableAttributeTagProcessor
[THYMELEAF]             * [* {th:valuetype,data-th-valuetype}] [1000]: org.thymeleaf.standard.processor.StandardRemovableAttributeTagProcessor
[THYMELEAF]             * [* {th:radiogroup,data-th-radiogroup}] [1000]: org.thymeleaf.standard.processor.StandardRemovableAttributeTagProcessor
[THYMELEAF]             * [* {th:keytype,data-th-keytype}] [1000]: org.thymeleaf.standard.processor.StandardRemovableAttributeTagProcessor
[THYMELEAF]             * [* {th:autocomplete,data-th-autocomplete}] [1000]: org.thymeleaf.standard.processor.StandardRemovableAttributeTagProcessor
[THYMELEAF]             * [* {th:abbr,data-th-abbr}] [1000]: org.thymeleaf.standard.processor.StandardRemovableAttributeTagProcessor
[THYMELEAF]             * [* {th:label,data-th-label}] [1000]: org.thymeleaf.standard.processor.StandardRemovableAttributeTagProcessor
[THYMELEAF]             * [* {th:rules,data-th-rules}] [1000]: org.thymeleaf.standard.processor.StandardRemovableAttributeTagProcessor
[THYMELEAF]             * [* {th:http-equiv,data-th-http-equiv}] [1000]: org.thymeleaf.standard.processor.StandardRemovableAttributeTagProcessor
[THYMELEAF]             * [* {th:maxlength,data-th-maxlength}] [1000]: org.thymeleaf.standard.processor.StandardRemovableAttributeTagProcessor
[THYMELEAF]             * [* {th:draggable,data-th-draggable}] [1000]: org.thymeleaf.standard.processor.StandardRemovableAttributeTagProcessor
[THYMELEAF]             * [* {th:high,data-th-high}] [1000]: org.thymeleaf.standard.processor.StandardRemovableAttributeTagProcessor
[THYMELEAF]             * [* {th:hreflang,data-th-hreflang}] [1000]: org.thymeleaf.standard.processor.StandardRemovableAttributeTagProcessor
[THYMELEAF]             * [* {th:archive,data-th-archive}] [1000]: org.thymeleaf.standard.processor.StandardRemovableAttributeTagProcessor
[THYMELEAF]             * [* {th:lang,data-th-lang}] [1000]: org.thymeleaf.standard.processor.StandardRemovableAttributeTagProcessor
[THYMELEAF]             * [* {th:classid,data-th-classid}] [1000]: org.thymeleaf.standard.processor.StandardRemovableAttributeTagProcessor
[THYMELEAF]             * [* {th:codebase,data-th-codebase}] [1000]: org.thymeleaf.standard.processor.StandardRemovableAttributeTagProcessor
[THYMELEAF]             * [* {th:title,data-th-title}] [1000]: org.thymeleaf.standard.processor.StandardRemovableAttributeTagProcessor
[THYMELEAF]             * [* {th:sizes,data-th-sizes}] [1000]: org.thymeleaf.standard.processor.StandardRemovableAttributeTagProcessor
[THYMELEAF]             * [* {th:codetype,data-th-codetype}] [1000]: org.thymeleaf.standard.processor.StandardRemovableAttributeTagProcessor
[THYMELEAF]             * [* {th:dropzone,data-th-dropzone}] [1000]: org.thymeleaf.standard.processor.StandardRemovableAttributeTagProcessor
[THYMELEAF]             * [* {th:scrolling,data-th-scrolling}] [1000]: org.thymeleaf.standard.processor.StandardRemovableAttributeTagProcessor
[THYMELEAF]             * [* {th:alt,data-th-alt}] [1000]: org.thymeleaf.standard.processor.StandardRemovableAttributeTagProcessor
[THYMELEAF]             * [* {th:datetime,data-th-datetime}] [1000]: org.thymeleaf.standard.processor.StandardRemovableAttributeTagProcessor
[THYMELEAF]             * [* {th:srclang,data-th-srclang}] [1000]: org.thymeleaf.standard.processor.StandardRemovableAttributeTagProcessor
[THYMELEAF]             * [* {th:list,data-th-list}] [1000]: org.thymeleaf.standard.processor.StandardRemovableAttributeTagProcessor
[THYMELEAF]             * [* {th:spellcheck,data-th-spellcheck}] [1000]: org.thymeleaf.standard.processor.StandardRemovableAttributeTagProcessor
[THYMELEAF]             * [* {th:data,data-th-data}] [1000]: org.thymeleaf.standard.processor.StandardRemovableAttributeTagProcessor
[THYMELEAF]             * [* {th:cols,data-th-cols}] [1000]: org.thymeleaf.standard.processor.StandardRemovableAttributeTagProcessor
[THYMELEAF]             * [* {th:bgcolor,data-th-bgcolor}] [1000]: org.thymeleaf.standard.processor.StandardRemovableAttributeTagProcessor
[THYMELEAF]             * [* {th:marginheight,data-th-marginheight}] [1000]: org.thymeleaf.standard.processor.StandardRemovableAttributeTagProcessor
[THYMELEAF]             * [* {th:background,data-th-background}] [1000]: org.thymeleaf.standard.processor.StandardRemovableAttributeTagProcessor
[THYMELEAF]             * [* {th:media,data-th-media}] [1000]: org.thymeleaf.standard.processor.StandardRemovableAttributeTagProcessor
[THYMELEAF]             * [* {th:cite,data-th-cite}] [1000]: org.thymeleaf.standard.processor.StandardRemovableAttributeTagProcessor
[THYMELEAF]             * [* {th:accept-charset,data-th-accept-charset}] [1000]: org.thymeleaf.standard.processor.StandardRemovableAttributeTagProcessor
[THYMELEAF]             * [* {th:xmlbase,data-th-xmlbase}] [1000]: org.thymeleaf.standard.processor.StandardXmlBaseTagProcessor
[THYMELEAF]             * [* {th:xmllang,data-th-xmllang}] [1000]: org.thymeleaf.standard.processor.StandardXmlLangTagProcessor
[THYMELEAF]             * [* {xmlns:th}] [1000]: org.thymeleaf.standard.processor.StandardXmlNsTagProcessor
[THYMELEAF]             * [* {th:xmlspace,data-th-xmlspace}] [1000]: org.thymeleaf.standard.processor.StandardXmlSpaceTagProcessor
[THYMELEAF]             * [{option} *] [1005]: org.thymeleaf.spring6.processor.SpringOptionInSelectFieldTagProcessor
[THYMELEAF]             * [* {th:value,data-th-value}] [1010]: org.thymeleaf.spring6.processor.SpringValueTagProcessor
[THYMELEAF]             * [* {th:classappend,data-th-classappend}] [1100]: org.thymeleaf.standard.processor.StandardClassappendTagProcessor
[THYMELEAF]             * [* {th:styleappend,data-th-styleappend}] [1100]: org.thymeleaf.standard.processor.StandardStyleappendTagProcessor
[THYMELEAF]             * [* {th:text,data-th-text}] [1300]: org.thymeleaf.standard.processor.StandardTextTagProcessor
[THYMELEAF]             * [* {th:utext,data-th-utext}] [1400]: org.thymeleaf.standard.processor.StandardUtextTagProcessor
[THYMELEAF]             * [* {th:fragment,data-th-fragment}] [1500]: org.thymeleaf.standard.processor.StandardFragmentTagProcessor
[THYMELEAF]             * [* {th:assert,data-th-assert}] [1550]: org.thymeleaf.standard.processor.StandardAssertTagProcessor
[THYMELEAF]             * [* {th:remove,data-th-remove}] [1600]: org.thymeleaf.standard.processor.StandardRemoveTagProcessor
[THYMELEAF]             * [* {th:errors,data-th-errors}] [1700]: org.thymeleaf.spring6.processor.SpringErrorsTagProcessor
[THYMELEAF]             * [{input} {th:field,data-th-field}] [1700]: org.thymeleaf.spring6.processor.SpringInputCheckboxFieldTagProcessor
[THYMELEAF]             * [{input} {th:field,data-th-field}] [1700]: org.thymeleaf.spring6.processor.SpringInputFileFieldTagProcessor
[THYMELEAF]             * [{input} {th:field,data-th-field}] [1700]: org.thymeleaf.spring6.processor.SpringInputGeneralFieldTagProcessor
[THYMELEAF]             * [{input} {th:field,data-th-field}] [1700]: org.thymeleaf.spring6.processor.SpringInputPasswordFieldTagProcessor
[THYMELEAF]             * [{input} {th:field,data-th-field}] [1700]: org.thymeleaf.spring6.processor.SpringInputRadioFieldTagProcessor
[THYMELEAF]             * [{option} {th:field,data-th-field}] [1700]: org.thymeleaf.spring6.processor.SpringOptionFieldTagProcessor
[THYMELEAF]             * [{select} {th:field,data-th-field}] [1700]: org.thymeleaf.spring6.processor.SpringSelectFieldTagProcessor
[THYMELEAF]             * [{textarea} {th:field,data-th-field}] [1700]: org.thymeleaf.spring6.processor.SpringTextareaFieldTagProcessor
[THYMELEAF]             * [* {th:uerrors,data-th-uerrors}] [1700]: org.thymeleaf.spring6.processor.SpringUErrorsTagProcessor
[THYMELEAF]             * [* {th:errorclass,data-th-errorclass}] [1800]: org.thymeleaf.spring6.processor.SpringErrorClassTagProcessor
[THYMELEAF]             * [* {th:ref,data-th-ref}] [10000]: org.thymeleaf.standard.processor.StandardRefAttributeTagProcessor
[THYMELEAF]             * [{th:block,th-block} *] [100000]: org.thymeleaf.standard.processor.StandardBlockTagProcessor
[THYMELEAF]             * [* th:*] [2147483647]: org.thymeleaf.standard.processor.StandardDefaultAttributesTagProcessor
[THYMELEAF]         * Text Processors by [precedence]:
[THYMELEAF]             * [1000]: org.thymeleaf.standard.processor.StandardInliningTextProcessor
[THYMELEAF]         * DOCTYPE Processors by [precedence]:
[THYMELEAF]             * [1000]: org.thymeleaf.standard.processor.StandardTranslationDocTypeProcessor
[THYMELEAF]         * CDATA Section Processors by [precedence]:
[THYMELEAF]             * [1000]: org.thymeleaf.standard.processor.StandardInliningCDATASectionProcessor
[THYMELEAF]         * Comment Processors by [precedence]:
[THYMELEAF]             * [1000]: org.thymeleaf.standard.processor.StandardInliningCommentProcessor
[THYMELEAF]             * [1100]: org.thymeleaf.standard.processor.StandardConditionalCommentProcessor
[THYMELEAF]     * Processors for Template Mode: XML
[THYMELEAF]         * Element Tag Processors by [matching element and attribute name] [precedence]:
[THYMELEAF]             * [* {th:include}] [100]: org.thymeleaf.standard.processor.StandardIncludeTagProcessor
[THYMELEAF]             * [* {th:insert}] [100]: org.thymeleaf.standard.processor.StandardInsertTagProcessor
[THYMELEAF]             * [* {th:replace}] [100]: org.thymeleaf.standard.processor.StandardReplaceTagProcessor
[THYMELEAF]             * [* {th:each}] [200]: org.thymeleaf.standard.processor.StandardEachTagProcessor
[THYMELEAF]             * [* {th:switch}] [250]: org.thymeleaf.standard.processor.StandardSwitchTagProcessor
[THYMELEAF]             * [* {th:case}] [275]: org.thymeleaf.standard.processor.StandardCaseTagProcessor
[THYMELEAF]             * [* {th:if}] [300]: org.thymeleaf.standard.processor.StandardIfTagProcessor
[THYMELEAF]             * [* {th:unless}] [400]: org.thymeleaf.standard.processor.StandardUnlessTagProcessor
[THYMELEAF]             * [* {th:object}] [500]: org.thymeleaf.standard.processor.StandardObjectTagProcessor
[THYMELEAF]             * [* {th:with}] [600]: org.thymeleaf.standard.processor.StandardWithTagProcessor
[THYMELEAF]             * [* {th:attr}] [700]: org.thymeleaf.standard.processor.StandardAttrTagProcessor
[THYMELEAF]             * [* {th:attrprepend}] [800]: org.thymeleaf.standard.processor.StandardAttrprependTagProcessor
[THYMELEAF]             * [* {th:attrappend}] [900]: org.thymeleaf.standard.processor.StandardAttrappendTagProcessor
[THYMELEAF]             * [* {th:inline}] [1000]: org.thymeleaf.standard.processor.StandardInlineXMLTagProcessor
[THYMELEAF]             * [* {xmlns:th}] [1000]: org.thymeleaf.standard.processor.StandardXmlNsTagProcessor
[THYMELEAF]             * [* {th:text}] [1300]: org.thymeleaf.standard.processor.StandardTextTagProcessor
[THYMELEAF]             * [* {th:utext}] [1400]: org.thymeleaf.standard.processor.StandardUtextTagProcessor
[THYMELEAF]             * [* {th:fragment}] [1500]: org.thymeleaf.standard.processor.StandardFragmentTagProcessor
[THYMELEAF]             * [* {th:assert}] [1550]: org.thymeleaf.standard.processor.StandardAssertTagProcessor
[THYMELEAF]             * [* {th:remove}] [1600]: org.thymeleaf.standard.processor.StandardRemoveTagProcessor
[THYMELEAF]             * [* {th:ref}] [10000]: org.thymeleaf.standard.processor.StandardRefAttributeTagProcessor
[THYMELEAF]             * [{th:block} *] [100000]: org.thymeleaf.standard.processor.StandardBlockTagProcessor
[THYMELEAF]             * [* th:*] [2147483647]: org.thymeleaf.standard.processor.StandardDefaultAttributesTagProcessor
[THYMELEAF]         * Text Processors by [precedence]:
[THYMELEAF]             * [1000]: org.thymeleaf.standard.processor.StandardInliningTextProcessor
[THYMELEAF]         * CDATA Section Processors by [precedence]:
[THYMELEAF]             * [1000]: org.thymeleaf.standard.processor.StandardInliningCDATASectionProcessor
[THYMELEAF]         * Comment Processors by [precedence]:
[THYMELEAF]             * [1000]: org.thymeleaf.standard.processor.StandardInliningCommentProcessor
[THYMELEAF]     * Processors for Template Mode: TEXT
[THYMELEAF]         * Element Tag Processors by [matching element and attribute name] [precedence]:
[THYMELEAF]             * [* {th:insert}] [100]: org.thymeleaf.standard.processor.StandardInsertTagProcessor
[THYMELEAF]             * [* {th:replace}] [100]: org.thymeleaf.standard.processor.StandardReplaceTagProcessor
[THYMELEAF]             * [* {th:each}] [200]: org.thymeleaf.standard.processor.StandardEachTagProcessor
[THYMELEAF]             * [* {th:switch}] [250]: org.thymeleaf.standard.processor.StandardSwitchTagProcessor
[THYMELEAF]             * [* {th:case}] [275]: org.thymeleaf.standard.processor.StandardCaseTagProcessor
[THYMELEAF]             * [* {th:if}] [300]: org.thymeleaf.standard.processor.StandardIfTagProcessor
[THYMELEAF]             * [* {th:unless}] [400]: org.thymeleaf.standard.processor.StandardUnlessTagProcessor
[THYMELEAF]             * [* {th:object}] [500]: org.thymeleaf.standard.processor.StandardObjectTagProcessor
[THYMELEAF]             * [* {th:with}] [600]: org.thymeleaf.standard.processor.StandardWithTagProcessor
[THYMELEAF]             * [* {th:inline}] [1000]: org.thymeleaf.standard.processor.StandardInlineTextualTagProcessor
[THYMELEAF]             * [* {th:text}] [1300]: org.thymeleaf.standard.processor.StandardTextTagProcessor
[THYMELEAF]             * [* {th:utext}] [1400]: org.thymeleaf.standard.processor.StandardUtextTagProcessor
[THYMELEAF]             * [* {th:assert}] [1550]: org.thymeleaf.standard.processor.StandardAssertTagProcessor
[THYMELEAF]             * [* {th:remove}] [1600]: org.thymeleaf.standard.processor.StandardRemoveTagProcessor
[THYMELEAF]             * [{th:block} *] [100000]: org.thymeleaf.standard.processor.StandardBlockTagProcessor
[THYMELEAF]             * [* 100000] [org.thymeleaf.standard.processor.StandardBlockTagProcessor]: {}
[THYMELEAF]         * Text Processors by [precedence]:
[THYMELEAF]             * [1000]: org.thymeleaf.standard.processor.StandardInliningTextProcessor
[THYMELEAF]     * Processors for Template Mode: JAVASCRIPT
[THYMELEAF]         * Element Tag Processors by [matching element and attribute name] [precedence]:
[THYMELEAF]             * [* {th:insert}] [100]: org.thymeleaf.standard.processor.StandardInsertTagProcessor
[THYMELEAF]             * [* {th:replace}] [100]: org.thymeleaf.standard.processor.StandardReplaceTagProcessor
[THYMELEAF]             * [* {th:each}] [200]: org.thymeleaf.standard.processor.StandardEachTagProcessor
[THYMELEAF]             * [* {th:switch}] [250]: org.thymeleaf.standard.processor.StandardSwitchTagProcessor
[THYMELEAF]             * [* {th:case}] [275]: org.thymeleaf.standard.processor.StandardCaseTagProcessor
[THYMELEAF]             * [* {th:if}] [300]: org.thymeleaf.standard.processor.StandardIfTagProcessor
[THYMELEAF]             * [* {th:unless}] [400]: org.thymeleaf.standard.processor.StandardUnlessTagProcessor
[THYMELEAF]             * [* {th:object}] [500]: org.thymeleaf.standard.processor.StandardObjectTagProcessor
[THYMELEAF]             * [* {th:with}] [600]: org.thymeleaf.standard.processor.StandardWithTagProcessor
[THYMELEAF]             * [* {th:inline}] [1000]: org.thymeleaf.standard.processor.StandardInlineTextualTagProcessor
[THYMELEAF]             * [* {th:text}] [1300]: org.thymeleaf.standard.processor.StandardTextTagProcessor
[THYMELEAF]             * [* {th:utext}] [1400]: org.thymeleaf.standard.processor.StandardUtextTagProcessor
[THYMELEAF]             * [* {th:assert}] [1550]: org.thymeleaf.standard.processor.StandardAssertTagProcessor
[THYMELEAF]             * [* {th:remove}] [1600]: org.thymeleaf.standard.processor.StandardRemoveTagProcessor
[THYMELEAF]             * [{th:block} *] [100000]: org.thymeleaf.standard.processor.StandardBlockTagProcessor
[THYMELEAF]             * [* 100000] [org.thymeleaf.standard.processor.StandardBlockTagProcessor]: {}
[THYMELEAF]         * Text Processors by [precedence]:
[THYMELEAF]             * [1000]: org.thymeleaf.standard.processor.StandardInliningTextProcessor
[THYMELEAF]     * Processors for Template Mode: CSS
[THYMELEAF]         * Element Tag Processors by [matching element and attribute name] [precedence]:
[THYMELEAF]             * [* {th:insert}] [100]: org.thymeleaf.standard.processor.StandardInsertTagProcessor
[THYMELEAF]             * [* {th:replace}] [100]: org.thymeleaf.standard.processor.StandardReplaceTagProcessor
[THYMELEAF]             * [* {th:each}] [200]: org.thymeleaf.standard.processor.StandardEachTagProcessor
[THYMELEAF]             * [* {th:switch}] [250]: org.thymeleaf.standard.processor.StandardSwitchTagProcessor
[THYMELEAF]             * [* {th:case}] [275]: org.thymeleaf.standard.processor.StandardCaseTagProcessor
[THYMELEAF]             * [* {th:if}] [300]: org.thymeleaf.standard.processor.StandardIfTagProcessor
[THYMELEAF]             * [* {th:unless}] [400]: org.thymeleaf.standard.processor.StandardUnlessTagProcessor
[THYMELEAF]             * [* {th:object}] [500]: org.thymeleaf.standard.processor.StandardObjectTagProcessor
[THYMELEAF]             * [* {th:with}] [600]: org.thymeleaf.standard.processor.StandardWithTagProcessor
[THYMELEAF]             * [* {th:inline}] [1000]: org.thymeleaf.standard.processor.StandardInlineTextualTagProcessor
[THYMELEAF]             * [* {th:text}] [1300]: org.thymeleaf.standard.processor.StandardTextTagProcessor
[THYMELEAF]             * [* {th:utext}] [1400]: org.thymeleaf.standard.processor.StandardUtextTagProcessor
[THYMELEAF]             * [* {th:assert}] [1550]: org.thymeleaf.standard.processor.StandardAssertTagProcessor
[THYMELEAF]             * [* {th:remove}] [1600]: org.thymeleaf.standard.processor.StandardRemoveTagProcessor
[THYMELEAF]             * [{th:block} *] [100000]: org.thymeleaf.standard.processor.StandardBlockTagProcessor
[THYMELEAF]             * [* 100000] [org.thymeleaf.standard.processor.StandardBlockTagProcessor]: {}
[THYMELEAF]         * Text Processors by [precedence]:
[THYMELEAF]             * [1000]: org.thymeleaf.standard.processor.StandardInliningTextProcessor
[THYMELEAF]     * Expression Objects:
[THYMELEAF]         * #ctx
[THYMELEAF]         * #root
[THYMELEAF]         * #vars
[THYMELEAF]         * #object
[THYMELEAF]         * #locale
[THYMELEAF]         * #conversions
[THYMELEAF]         * #uris
[THYMELEAF]         * #temporals
[THYMELEAF]         * #calendars
[THYMELEAF]         * #dates
[THYMELEAF]         * #bools
[THYMELEAF]         * #numbers
[THYMELEAF]         * #objects
[THYMELEAF]         * #strings
[THYMELEAF]         * #arrays
[THYMELEAF]         * #lists
[THYMELEAF]         * #sets
[THYMELEAF]         * #maps
[THYMELEAF]         * #aggregates
[THYMELEAF]         * #messages
[THYMELEAF]         * #ids
[THYMELEAF]         * #execInfo
[THYMELEAF]         * #request
[THYMELEAF]         * #response
[THYMELEAF]         * #session
[THYMELEAF]         * #servletContext
[THYMELEAF]         * #fields
[THYMELEAF]         * #themes
[THYMELEAF]         * #mvc
[THYMELEAF]         * #requestdatavalues
[THYMELEAF]     * Execution Attributes:
[THYMELEAF]         * "StandardExpressionParser": Standard Expression Parser
[THYMELEAF]         * "StandardJavaScriptSerializer": org.thymeleaf.standard.serializer.StandardJavaScriptSerializer@7415e300
[THYMELEAF]         * "StandardCSSSerializer": org.thymeleaf.standard.serializer.StandardCSSSerializer@43a72d3
[THYMELEAF]         * "EnableSpringELCompiler": false
[THYMELEAF]         * "StandardVariableExpressionEvaluator": SpringEL
[THYMELEAF]         * "StandardConversionService": org.thymeleaf.spring6.expression.SpringStandardConversionService@f94aac6
[THYMELEAF] TEMPLATE ENGINE CONFIGURED OK
09:43:29.274 DEBUG org.thymeleaf.TemplateEngine - [THYMELEAF] TEMPLATE ENGINE INITIALIZED
09:43:29.286 TRACE org.thymeleaf.TemplateEngine - [THYMELEAF][http-nio-8001-exec-3] STARTING PROCESS OF TEMPLATE "cargar" WITH LOCALE es_ES
09:43:29.288 TRACE o.t.T.cache.TEMPLATE_CACHE - [THYMELEAF][http-nio-8001-exec-3][TEMPLATE_CACHE][CACHE_MISS] Cache miss in cache "TEMPLATE_CACHE" for key "cargar".
09:43:29.290 DEBUG o.a.c.loader.WebappClassLoaderBase - getResource(templates/cargar.html)
09:43:29.291 DEBUG o.a.c.loader.WebappClassLoaderBase -   Delegating to parent classloader jdk.internal.loader.ClassLoaders$AppClassLoader@60e53b93
09:43:29.291 DEBUG o.a.c.loader.WebappClassLoaderBase -   --> Returning 'file:/C:/Users/sistemas/Desktop/MARSOL/HPRT/Balanza%20HPRT/Proyecto%20Walmart/Driver_sync/Test/ProyectoSyncBalanzas/target/classes/templates/cargar.html'
09:43:29.292 TRACE o.thymeleaf.engine.TemplateManager - [THYMELEAF][http-nio-8001-exec-3] Template resolver match! Resolver "org.thymeleaf.spring6.templateresolver.SpringResourceTemplateResolver" will resolve template "cargar"
09:43:29.342 DEBUG o.a.c.loader.WebappClassLoaderBase - getResourceAsStream(templates/cargar.html)
09:43:29.343 DEBUG o.a.c.loader.WebappClassLoaderBase -   Delegating to parent classloader jdk.internal.loader.ClassLoaders$AppClassLoader@60e53b93
09:43:29.375 DEBUG o.a.c.loader.WebappClassLoaderBase -   --> Returning stream from parent
09:43:29.413 DEBUG o.apache.tomcat.util.net.NioEndpoint - timeout completed: keys processed=1; now=1752846209413; nextExpiration=1752846208523; keyCount=0; hasEvents=false; eval=false
09:43:29.457 TRACE o.t.T.cache.TEMPLATE_CACHE - [THYMELEAF][http-nio-8001-exec-3][TEMPLATE_CACHE][CACHE_ADD][1] Adding cache entry in cache "TEMPLATE_CACHE" for key "cargar". New size is 1.
09:43:29.473 TRACE o.t.T.cache.EXPRESSION_CACHE - [THYMELEAF][CACHE_INITIALIZE] Initializing cache EXPRESSION_CACHE. Max size: 500. Soft references are used.
09:43:29.474 TRACE o.t.T.cache.EXPRESSION_CACHE - [THYMELEAF][http-nio-8001-exec-3][EXPRESSION_CACHE][CACHE_MISS] Cache miss in cache "EXPRESSION_CACHE" for key "expr|~{fragments/navbar :: navbar}".
09:43:29.541 TRACE o.t.T.cache.EXPRESSION_CACHE - [THYMELEAF][http-nio-8001-exec-3][EXPRESSION_CACHE][CACHE_ADD][1] Adding cache entry in cache "EXPRESSION_CACHE" for key "expr|~{fragments/navbar :: navbar}". New size is 1.
09:43:29.542 TRACE o.t.s.expression.FragmentExpression - [THYMELEAF][http-nio-8001-exec-3] Evaluating fragment: "~{'fragments/navbar' :: navbar}"
09:43:29.543 TRACE o.t.s.e.TextLiteralExpression - [THYMELEAF][http-nio-8001-exec-3] Evaluating text literal: "'fragments/navbar'"
09:43:29.543 TRACE o.t.s.e.GenericTokenExpression - [THYMELEAF][http-nio-8001-exec-3] Evaluating generic token: "navbar"
09:43:29.544 WARN  o.t.s.p.AbstractStandardFragmentInsertionTagProcessor - [THYMELEAF][http-nio-8001-exec-3][cargar] Deprecated unwrapped fragment expression "fragments/navbar :: navbar" found in template cargar, line 11, col 6. Please use the complete syntax of fragment expressions instead ("~{fragments/navbar :: navbar}"). The old, unwrapped syntax for fragment expressions will be removed in future versions of Thymeleaf.
09:43:29.545 TRACE o.t.T.cache.TEMPLATE_CACHE - [THYMELEAF][http-nio-8001-exec-3][TEMPLATE_CACHE][CACHE_MISS] Cache miss in cache "TEMPLATE_CACHE" for key "fragments/navbar@(cargar;0,0)::[navbar]".
09:43:29.545 DEBUG o.a.c.loader.WebappClassLoaderBase - getResource(templates/fragments/navbar.html)
09:43:29.546 DEBUG o.a.c.loader.WebappClassLoaderBase -   Delegating to parent classloader jdk.internal.loader.ClassLoaders$AppClassLoader@60e53b93
09:43:29.551 DEBUG o.a.c.loader.WebappClassLoaderBase -   --> Returning 'file:/C:/Users/sistemas/Desktop/MARSOL/HPRT/Balanza%20HPRT/Proyecto%20Walmart/Driver_sync/Test/ProyectoSyncBalanzas/target/classes/templates/fragments/navbar.html'
09:43:29.552 TRACE o.thymeleaf.engine.TemplateManager - [THYMELEAF][http-nio-8001-exec-3] Template resolver match! Resolver "org.thymeleaf.spring6.templateresolver.SpringResourceTemplateResolver" will resolve template "fragments/navbar"
09:43:29.559 DEBUG o.a.c.loader.WebappClassLoaderBase - getResourceAsStream(templates/fragments/navbar.html)
09:43:29.559 DEBUG o.a.c.loader.WebappClassLoaderBase -   Delegating to parent classloader jdk.internal.loader.ClassLoaders$AppClassLoader@60e53b93
09:43:29.598 DEBUG o.a.c.loader.WebappClassLoaderBase -   --> Returning stream from parent
09:43:29.621 TRACE o.t.T.cache.TEMPLATE_CACHE - [THYMELEAF][http-nio-8001-exec-3][TEMPLATE_CACHE][CACHE_ADD][2] Adding cache entry in cache "TEMPLATE_CACHE" for key "fragments/navbar@(cargar;0,0)::[navbar]". New size is 2.
09:43:29.627 TRACE o.t.T.cache.EXPRESSION_CACHE - [THYMELEAF][http-nio-8001-exec-3][EXPRESSION_CACHE][CACHE_MISS] Cache miss in cache "EXPRESSION_CACHE" for key "fsig|navbar".
09:43:29.628 TRACE o.t.T.cache.EXPRESSION_CACHE - [THYMELEAF][http-nio-8001-exec-3][EXPRESSION_CACHE][CACHE_ADD][2] Adding cache entry in cache "EXPRESSION_CACHE" for key "fsig|navbar". New size is 2.
09:43:29.629 TRACE o.t.T.cache.EXPRESSION_CACHE - [THYMELEAF][http-nio-8001-exec-3][EXPRESSION_CACHE][CACHE_MISS] Cache miss in cache "EXPRESSION_CACHE" for key "expr|@{/}".
09:43:29.632 TRACE o.t.T.cache.EXPRESSION_CACHE - [THYMELEAF][http-nio-8001-exec-3][EXPRESSION_CACHE][CACHE_ADD][3] Adding cache entry in cache "EXPRESSION_CACHE" for key "expr|@{/}". New size is 3.
09:43:29.632 TRACE o.t.s.expression.LinkExpression - [THYMELEAF][http-nio-8001-exec-3] Evaluating link: "@{'/'}"
09:43:29.632 TRACE o.t.s.e.TextLiteralExpression - [THYMELEAF][http-nio-8001-exec-3] Evaluating text literal: "'/'"
09:43:29.825 TRACE o.t.T.cache.EXPRESSION_CACHE - [THYMELEAF][http-nio-8001-exec-3][EXPRESSION_CACHE][CACHE_HIT] Cache hit in cache "EXPRESSION_CACHE" for key "expr|@{/}".
09:43:29.825 TRACE o.t.s.expression.LinkExpression - [THYMELEAF][http-nio-8001-exec-3] Evaluating link: "@{'/'}"
09:43:29.825 TRACE o.t.s.e.TextLiteralExpression - [THYMELEAF][http-nio-8001-exec-3] Evaluating text literal: "'/'"
09:43:29.826 TRACE o.t.T.cache.EXPRESSION_CACHE - [THYMELEAF][http-nio-8001-exec-3][EXPRESSION_CACHE][CACHE_MISS] Cache miss in cache "EXPRESSION_CACHE" for key "expr|@{/cargar}".
09:43:29.826 TRACE o.t.T.cache.EXPRESSION_CACHE - [THYMELEAF][http-nio-8001-exec-3][EXPRESSION_CACHE][CACHE_ADD][4] Adding cache entry in cache "EXPRESSION_CACHE" for key "expr|@{/cargar}". New size is 4.
09:43:29.827 TRACE o.t.s.expression.LinkExpression - [THYMELEAF][http-nio-8001-exec-3] Evaluating link: "@{'/cargar'}"
09:43:29.827 TRACE o.t.s.e.TextLiteralExpression - [THYMELEAF][http-nio-8001-exec-3] Evaluating text literal: "'/cargar'"
09:43:29.828 TRACE o.t.T.cache.EXPRESSION_CACHE - [THYMELEAF][http-nio-8001-exec-3][EXPRESSION_CACHE][CACHE_MISS] Cache miss in cache "EXPRESSION_CACHE" for key "expr|${mensaje}".
09:43:29.831 TRACE o.t.T.cache.EXPRESSION_CACHE - [THYMELEAF][http-nio-8001-exec-3][EXPRESSION_CACHE][CACHE_ADD][5] Adding cache entry in cache "EXPRESSION_CACHE" for key "expr|${mensaje}". New size is 5.
09:43:29.831 TRACE o.t.s.expression.VariableExpression - [THYMELEAF][http-nio-8001-exec-3] Evaluating variable expression: "${mensaje}"
09:43:29.831 TRACE o.t.s.e.SPELVariableExpressionEvaluator - [THYMELEAF][http-nio-8001-exec-3] SpringEL expression: evaluating expression "mensaje" on target
09:43:29.831 TRACE o.t.T.cache.EXPRESSION_CACHE - [THYMELEAF][http-nio-8001-exec-3][EXPRESSION_CACHE][CACHE_MISS] Cache miss in cache "EXPRESSION_CACHE" for key "spel|mensaje".
09:43:29.882 TRACE o.t.T.cache.EXPRESSION_CACHE - [THYMELEAF][http-nio-8001-exec-3][EXPRESSION_CACHE][CACHE_ADD][6] Adding cache entry in cache "EXPRESSION_CACHE" for key "spel|mensaje". New size is 6.
09:43:29.889 TRACE o.t.T.cache.EXPRESSION_CACHE - [THYMELEAF][http-nio-8001-exec-3][EXPRESSION_CACHE][CACHE_MISS] Cache miss in cache "EXPRESSION_CACHE" for key "expr|${datosExcel}".
09:43:29.889 TRACE o.t.T.cache.EXPRESSION_CACHE - [THYMELEAF][http-nio-8001-exec-3][EXPRESSION_CACHE][CACHE_ADD][7] Adding cache entry in cache "EXPRESSION_CACHE" for key "expr|${datosExcel}". New size is 7.
09:43:29.890 TRACE o.t.s.expression.VariableExpression - [THYMELEAF][http-nio-8001-exec-3] Evaluating variable expression: "${datosExcel}"
09:43:29.890 TRACE o.t.s.e.SPELVariableExpressionEvaluator - [THYMELEAF][http-nio-8001-exec-3] SpringEL expression: evaluating expression "datosExcel" on target
09:43:29.890 TRACE o.t.T.cache.EXPRESSION_CACHE - [THYMELEAF][http-nio-8001-exec-3][EXPRESSION_CACHE][CACHE_MISS] Cache miss in cache "EXPRESSION_CACHE" for key "spel|datosExcel".
09:43:29.890 TRACE o.t.T.cache.EXPRESSION_CACHE - [THYMELEAF][http-nio-8001-exec-3][EXPRESSION_CACHE][CACHE_ADD][8] Adding cache entry in cache "EXPRESSION_CACHE" for key "spel|datosExcel". New size is 8.
09:43:29.891 TRACE org.thymeleaf.TemplateEngine - [THYMELEAF][http-nio-8001-exec-3] FINISHED PROCESS AND OUTPUT OF TEMPLATE "cargar" WITH LOCALE es_ES
09:43:29.891 TRACE org.thymeleaf.TemplateEngine.TIMER - [THYMELEAF][http-nio-8001-exec-3][cargar][es_ES][603688500][604] TEMPLATE "cargar" WITH LOCALE es_ES PROCESSED IN 603688500 nanoseconds (approx. 604ms)
09:43:29.900 DEBUG o.a.coyote.http11.Http11InputBuffer - Before fill(): parsingHeader: [true], parsingRequestLine: [true], parsingRequestLinePhase: [0], parsingRequestLineStart: [0], byteBuffer.position(): [0], byteBuffer.limit(): [0], end: [634]
09:43:29.900 DEBUG o.a.t.util.net.SocketWrapperBase - Socket: [org.apache.tomcat.util.net.NioEndpoint$NioSocketWrapper@7aaee9a8:org.apache.tomcat.util.net.NioChannel@b872bf0:java.nio.channels.SocketChannel[connected local=/[0:0:0:0:0:0:0:1]:8001 remote=/[0:0:0:0:0:0:0:1]:50367]], Read from buffer: [0]
09:43:29.900 DEBUG o.apache.tomcat.util.net.NioEndpoint - Socket: [org.apache.tomcat.util.net.NioEndpoint$NioSocketWrapper@7aaee9a8:org.apache.tomcat.util.net.NioChannel@b872bf0:java.nio.channels.SocketChannel[connected local=/[0:0:0:0:0:0:0:1]:8001 remote=/[0:0:0:0:0:0:0:1]:50367]], Read direct from socket: [0]
09:43:29.900 DEBUG o.a.coyote.http11.Http11InputBuffer - Received []
09:43:29.900 DEBUG o.a.coyote.http11.Http11Processor - Socket: [org.apache.tomcat.util.net.NioEndpoint$NioSocketWrapper@7aaee9a8:org.apache.tomcat.util.net.NioChannel@b872bf0:java.nio.channels.SocketChannel[connected local=/[0:0:0:0:0:0:0:1]:8001 remote=/[0:0:0:0:0:0:0:1]:50367]], Status in: [OPEN_READ], State out: [OPEN]
09:43:29.902 DEBUG o.a.coyote.http11.Http11NioProtocol - Pushed Processor [org.apache.coyote.http11.Http11Processor@4e1afa90]
09:43:29.902 DEBUG o.apache.tomcat.util.net.NioEndpoint - Registered read interest for [org.apache.tomcat.util.net.NioEndpoint$NioSocketWrapper@7aaee9a8:org.apache.tomcat.util.net.NioChannel@b872bf0:java.nio.channels.SocketChannel[connected local=/[0:0:0:0:0:0:0:1]:8001 remote=/[0:0:0:0:0:0:0:1]:50367]]
09:43:30.133 DEBUG o.a.coyote.http11.Http11NioProtocol - Processing socket [org.apache.tomcat.util.net.NioChannel@b872bf0:java.nio.channels.SocketChannel[connected local=/[0:0:0:0:0:0:0:1]:8001 remote=/[0:0:0:0:0:0:0:1]:50367]] with status [OPEN_READ]
09:43:30.134 DEBUG o.a.coyote.http11.Http11NioProtocol - Found processor [null] for socket [org.apache.tomcat.util.net.NioChannel@b872bf0:java.nio.channels.SocketChannel[connected local=/[0:0:0:0:0:0:0:1]:8001 remote=/[0:0:0:0:0:0:0:1]:50367]]
09:43:30.134 DEBUG o.a.coyote.http11.Http11NioProtocol - Popped processor [org.apache.coyote.http11.Http11Processor@4e1afa90] from cache
09:43:30.134 DEBUG o.a.coyote.http11.Http11InputBuffer - Before fill(): parsingHeader: [true], parsingRequestLine: [true], parsingRequestLinePhase: [0], parsingRequestLineStart: [0], byteBuffer.position(): [0], byteBuffer.limit(): [0], end: [634]
09:43:30.135 DEBUG o.a.t.util.net.SocketWrapperBase - Socket: [org.apache.tomcat.util.net.NioEndpoint$NioSocketWrapper@7aaee9a8:org.apache.tomcat.util.net.NioChannel@b872bf0:java.nio.channels.SocketChannel[connected local=/[0:0:0:0:0:0:0:1]:8001 remote=/[0:0:0:0:0:0:0:1]:50367]], Read from buffer: [0]
09:43:30.136 DEBUG o.apache.tomcat.util.net.NioEndpoint - Socket: [org.apache.tomcat.util.net.NioEndpoint$NioSocketWrapper@7aaee9a8:org.apache.tomcat.util.net.NioChannel@b872bf0:java.nio.channels.SocketChannel[connected local=/[0:0:0:0:0:0:0:1]:8001 remote=/[0:0:0:0:0:0:0:1]:50367]], Read direct from socket: [599]
09:43:30.142 DEBUG o.a.coyote.http11.Http11InputBuffer - Received [GET /favicon.ico HTTP/1.1
Host: localhost:8001
Connection: keep-alive
sec-ch-ua-platform: "Windows"
User-Agent: Mozilla/5.0 (Windows NT 10.0; Win64; x64) AppleWebKit/537.36 (KHTML, like Gecko) Chrome/138.0.0.0 Safari/537.36
sec-ch-ua: "Not)A;Brand";v="8", "Chromium";v="138", "Brave";v="138"
sec-ch-ua-mobile: ?0
Accept: image/avif,image/webp,image/apng,image/svg+xml,image/*,*/*;q=0.8
Sec-GPC: 1
Accept-Language: es-ES,es;q=0.5
Sec-Fetch-Site: same-origin
Sec-Fetch-Mode: no-cors
Sec-Fetch-Dest: image
Referer: http://localhost:8001/cargar
Accept-Encoding: gzip, deflate, br, zstd

]
09:43:30.144 DEBUG o.a.c.a.AuthenticatorBase - Security checking request GET /favicon.ico
09:43:30.144 DEBUG org.apache.catalina.realm.RealmBase -   No applicable constraints defined
09:43:30.144 DEBUG o.a.c.a.AuthenticatorBase - Not subject to any constraint
09:43:30.147 DEBUG o.a.catalina.core.StandardWrapper -   Returning instance
09:43:30.173 DEBUG o.a.c.c.C.[Tomcat].[localhost] - Processing ErrorPage[errorCode=0, location=/error]
09:43:30.188 DEBUG o.a.catalina.core.StandardWrapper -   Returning instance
09:43:30.390 DEBUG o.a.c.c.C.[.[.[.[dispatcherServlet] -  Disabling the response for further output
09:43:30.393 DEBUG o.a.coyote.http11.Http11InputBuffer - Before fill(): parsingHeader: [true], parsingRequestLine: [true], parsingRequestLinePhase: [0], parsingRequestLineStart: [0], byteBuffer.position(): [0], byteBuffer.limit(): [0], end: [599]
09:43:30.394 DEBUG o.a.t.util.net.SocketWrapperBase - Socket: [org.apache.tomcat.util.net.NioEndpoint$NioSocketWrapper@7aaee9a8:org.apache.tomcat.util.net.NioChannel@b872bf0:java.nio.channels.SocketChannel[connected local=/[0:0:0:0:0:0:0:1]:8001 remote=/[0:0:0:0:0:0:0:1]:50367]], Read from buffer: [0]
09:43:30.394 DEBUG o.apache.tomcat.util.net.NioEndpoint - Socket: [org.apache.tomcat.util.net.NioEndpoint$NioSocketWrapper@7aaee9a8:org.apache.tomcat.util.net.NioChannel@b872bf0:java.nio.channels.SocketChannel[connected local=/[0:0:0:0:0:0:0:1]:8001 remote=/[0:0:0:0:0:0:0:1]:50367]], Read direct from socket: [0]
09:43:30.394 DEBUG o.a.coyote.http11.Http11InputBuffer - Received []
09:43:30.395 DEBUG o.a.coyote.http11.Http11Processor - Socket: [org.apache.tomcat.util.net.NioEndpoint$NioSocketWrapper@7aaee9a8:org.apache.tomcat.util.net.NioChannel@b872bf0:java.nio.channels.SocketChannel[connected local=/[0:0:0:0:0:0:0:1]:8001 remote=/[0:0:0:0:0:0:0:1]:50367]], Status in: [OPEN_READ], State out: [OPEN]
09:43:30.395 DEBUG o.a.coyote.http11.Http11NioProtocol - Pushed Processor [org.apache.coyote.http11.Http11Processor@4e1afa90]
09:43:30.395 DEBUG o.apache.tomcat.util.net.NioEndpoint - Registered read interest for [org.apache.tomcat.util.net.NioEndpoint$NioSocketWrapper@7aaee9a8:org.apache.tomcat.util.net.NioChannel@b872bf0:java.nio.channels.SocketChannel[connected local=/[0:0:0:0:0:0:0:1]:8001 remote=/[0:0:0:0:0:0:0:1]:50367]]
09:43:31.402 DEBUG o.apache.tomcat.util.net.NioEndpoint - timeout completed: keys processed=1; now=1752846211402; nextExpiration=1752846210413; keyCount=0; hasEvents=false; eval=false
09:43:32.410 DEBUG o.apache.tomcat.util.net.NioEndpoint - timeout completed: keys processed=1; now=1752846212410; nextExpiration=1752846212402; keyCount=0; hasEvents=false; eval=false
09:43:32.712 TRACE i.m.o.SimpleObservation$SimpleScope - NoOp observation used with SimpleScope
09:43:32.713 ERROR c.m.s.i.api.ScaleService - Error I/O error on GET request for "http://10.10.26.192:5001/api/Autoservicio/IPs": Connection timed out: connect
org.springframework.web.client.ResourceAccessException: I/O error on GET request for "http://10.10.26.192:5001/api/Autoservicio/IPs": Connection timed out: connect
	at org.springframework.web.client.RestTemplate.createResourceAccessException(RestTemplate.java:915)
	at org.springframework.web.client.RestTemplate.doExecute(RestTemplate.java:895)
	at org.springframework.web.client.RestTemplate.execute(RestTemplate.java:790)
	at org.springframework.web.client.RestTemplate.exchange(RestTemplate.java:701)
	at com.marsol.sync.infraestructure.api.ScaleService.getScalesByMarca(ScaleService.java:109)
	at com.marsol.sync.application.ScalesNetworkController.fetchScalesUpdateFromLab(ScalesNetworkController.java:132)
	at com.marsol.sync.application.ScalesNetworkController.scheduleTaskForced(ScalesNetworkController.java:60)
	at java.base/jdk.internal.reflect.NativeMethodAccessorImpl.invoke0(Native Method)
	at java.base/jdk.internal.reflect.NativeMethodAccessorImpl.invoke(NativeMethodAccessorImpl.java:77)
	at java.base/jdk.internal.reflect.DelegatingMethodAccessorImpl.invoke(DelegatingMethodAccessorImpl.java:43)
	at java.base/java.lang.reflect.Method.invoke(Method.java:569)
	at org.springframework.scheduling.support.ScheduledMethodRunnable.runInternal(ScheduledMethodRunnable.java:130)
	at org.springframework.scheduling.support.ScheduledMethodRunnable.lambda$run$2(ScheduledMethodRunnable.java:124)
	at io.micrometer.observation.Observation.observe(Observation.java:499)
	at org.springframework.scheduling.support.ScheduledMethodRunnable.run(ScheduledMethodRunnable.java:124)
	at org.springframework.scheduling.support.DelegatingErrorHandlingRunnable.run(DelegatingErrorHandlingRunnable.java:54)
	at java.base/java.util.concurrent.Executors$RunnableAdapter.call(Executors.java:539)
	at java.base/java.util.concurrent.FutureTask.runAndReset(FutureTask.java:305)
	at java.base/java.util.concurrent.ScheduledThreadPoolExecutor$ScheduledFutureTask.run(ScheduledThreadPoolExecutor.java:305)
	at java.base/java.util.concurrent.ThreadPoolExecutor.runWorker(ThreadPoolExecutor.java:1136)
	at java.base/java.util.concurrent.ThreadPoolExecutor$Worker.run(ThreadPoolExecutor.java:635)
	at java.base/java.lang.Thread.run(Thread.java:840)
Caused by: java.net.ConnectException: Connection timed out: connect
	at java.base/sun.nio.ch.Net.connect0(Native Method)
	at java.base/sun.nio.ch.Net.connect(Net.java:579)
	at java.base/sun.nio.ch.Net.connect(Net.java:568)
	at java.base/sun.nio.ch.NioSocketImpl.connect(NioSocketImpl.java:593)
	at java.base/java.net.Socket.connect(Socket.java:633)
	at java.base/java.net.Socket.connect(Socket.java:583)
	at java.base/sun.net.NetworkClient.doConnect(NetworkClient.java:183)
	at java.base/sun.net.www.http.HttpClient.openServer(HttpClient.java:533)
	at java.base/sun.net.www.http.HttpClient.openServer(HttpClient.java:638)
	at java.base/sun.net.www.http.HttpClient.<init>(HttpClient.java:281)
	at java.base/sun.net.www.http.HttpClient.New(HttpClient.java:386)
	at java.base/sun.net.www.http.HttpClient.New(HttpClient.java:408)
	at java.base/sun.net.www.protocol.http.HttpURLConnection.getNewHttpClient(HttpURLConnection.java:1308)
	at java.base/sun.net.www.protocol.http.HttpURLConnection.plainConnect0(HttpURLConnection.java:1241)
	at java.base/sun.net.www.protocol.http.HttpURLConnection.plainConnect(HttpURLConnection.java:1127)
	at java.base/sun.net.www.protocol.http.HttpURLConnection.connect(HttpURLConnection.java:1056)
	at org.springframework.http.client.SimpleClientHttpRequest.executeInternal(SimpleClientHttpRequest.java:79)
	at org.springframework.http.client.AbstractStreamingClientHttpRequest.executeInternal(AbstractStreamingClientHttpRequest.java:70)
	at org.springframework.http.client.AbstractClientHttpRequest.execute(AbstractClientHttpRequest.java:66)
	at org.springframework.web.client.RestTemplate.doExecute(RestTemplate.java:889)
	... 20 common frames omitted
09:43:32.715 ERROR c.m.s.a.ScalesNetworkController - No existe una lista de balanzas.
09:43:32.715 TRACE i.m.o.SimpleObservation$SimpleScope - NoOp observation used with SimpleScope
09:43:32.715 INFO  c.m.s.a.ScalesNetworkController - Actualizando lista de balanzas
09:43:32.721 TRACE i.m.o.SimpleObservation$SimpleScope - NoOp observation used with SimpleScope
09:43:32.723 INFO  c.m.s.a.ScalesNetworkController - Actualizando lista de balanzas
09:43:32.725 TRACE i.m.o.SimpleObservation$SimpleScope - NoOp observation used with SimpleScope
09:43:32.725 INFO  c.m.s.a.ScalesNetworkController - Evaluando si existen balanzas por actualizar.
09:43:32.725 TRACE i.m.o.SimpleObservation$SimpleScope - NoOp observation used with SimpleScope
09:43:32.727 INFO  c.m.s.a.ScalesNetworkController - Actualizando lista de balanzas
09:43:32.727 TRACE i.m.o.SimpleObservation$SimpleScope - NoOp observation used with SimpleScope
09:43:33.414 DEBUG o.apache.tomcat.util.net.NioEndpoint - timeout completed: keys processed=1; now=1752846213414; nextExpiration=1752846213410; keyCount=0; hasEvents=false; eval=false
09:43:34.429 DEBUG o.apache.tomcat.util.net.NioEndpoint - timeout completed: keys processed=1; now=1752846214429; nextExpiration=1752846214414; keyCount=0; hasEvents=false; eval=false
09:43:35.433 DEBUG o.apache.tomcat.util.net.NioEndpoint - timeout completed: keys processed=1; now=1752846215433; nextExpiration=1752846215429; keyCount=0; hasEvents=false; eval=false
09:43:36.440 DEBUG o.apache.tomcat.util.net.NioEndpoint - timeout completed: keys processed=1; now=1752846216440; nextExpiration=1752846216433; keyCount=0; hasEvents=false; eval=false
09:43:36.712 DEBUG o.a.coyote.http11.Http11NioProtocol - Processing socket [org.apache.tomcat.util.net.NioChannel@b872bf0:java.nio.channels.SocketChannel[connected local=/[0:0:0:0:0:0:0:1]:8001 remote=/[0:0:0:0:0:0:0:1]:50367]] with status [OPEN_READ]
09:43:36.712 DEBUG o.a.coyote.http11.Http11NioProtocol - Found processor [null] for socket [org.apache.tomcat.util.net.NioChannel@b872bf0:java.nio.channels.SocketChannel[connected local=/[0:0:0:0:0:0:0:1]:8001 remote=/[0:0:0:0:0:0:0:1]:50367]]
09:43:36.712 DEBUG o.a.coyote.http11.Http11NioProtocol - Popped processor [org.apache.coyote.http11.Http11Processor@4e1afa90] from cache
09:43:36.713 DEBUG o.a.coyote.http11.Http11InputBuffer - Before fill(): parsingHeader: [true], parsingRequestLine: [true], parsingRequestLinePhase: [0], parsingRequestLineStart: [0], byteBuffer.position(): [0], byteBuffer.limit(): [0], end: [599]
09:43:36.713 DEBUG o.a.t.util.net.SocketWrapperBase - Socket: [org.apache.tomcat.util.net.NioEndpoint$NioSocketWrapper@7aaee9a8:org.apache.tomcat.util.net.NioChannel@b872bf0:java.nio.channels.SocketChannel[connected local=/[0:0:0:0:0:0:0:1]:8001 remote=/[0:0:0:0:0:0:0:1]:50367]], Read from buffer: [0]
09:43:36.713 DEBUG o.apache.tomcat.util.net.NioEndpoint - Socket: [org.apache.tomcat.util.net.NioEndpoint$NioSocketWrapper@7aaee9a8:org.apache.tomcat.util.net.NioChannel@b872bf0:java.nio.channels.SocketChannel[connected local=/[0:0:0:0:0:0:0:1]:8001 remote=/[0:0:0:0:0:0:0:1]:50367]], Read direct from socket: [677]
09:43:36.713 DEBUG o.a.coyote.http11.Http11InputBuffer - Received [GET /cargar HTTP/1.1
Host: localhost:8001
Connection: keep-alive
Pragma: no-cache
Cache-Control: no-cache
sec-ch-ua: "Not)A;Brand";v="8", "Chromium";v="138", "Brave";v="138"
sec-ch-ua-mobile: ?0
sec-ch-ua-platform: "Windows"
Upgrade-Insecure-Requests: 1
User-Agent: Mozilla/5.0 (Windows NT 10.0; Win64; x64) AppleWebKit/537.36 (KHTML, like Gecko) Chrome/138.0.0.0 Safari/537.36
Accept: text/html,application/xhtml+xml,application/xml;q=0.9,image/avif,image/webp,image/apng,*/*;q=0.8
Sec-GPC: 1
Accept-Language: es-ES,es;q=0.5
Sec-Fetch-Site: none
Sec-Fetch-Mode: navigate
Sec-Fetch-User: ?1
Sec-Fetch-Dest: document
Accept-Encoding: gzip, deflate, br, zstd

]
09:43:36.715 DEBUG o.a.c.a.AuthenticatorBase - Security checking request GET /cargar
09:43:36.715 DEBUG org.apache.catalina.realm.RealmBase -   No applicable constraints defined
09:43:36.715 DEBUG o.a.c.a.AuthenticatorBase - Not subject to any constraint
09:43:36.715 DEBUG o.a.catalina.core.StandardWrapper -   Returning instance
09:43:36.718 TRACE org.thymeleaf.TemplateEngine - [THYMELEAF][http-nio-8001-exec-7] STARTING PROCESS OF TEMPLATE "cargar" WITH LOCALE es_ES
09:43:36.718 TRACE o.t.T.cache.TEMPLATE_CACHE - [THYMELEAF][http-nio-8001-exec-7][TEMPLATE_CACHE][CACHE_HIT] Cache hit in cache "TEMPLATE_CACHE" for key "cargar".
09:43:36.719 TRACE o.t.T.cache.EXPRESSION_CACHE - [THYMELEAF][http-nio-8001-exec-7][EXPRESSION_CACHE][CACHE_HIT] Cache hit in cache "EXPRESSION_CACHE" for key "expr|~{fragments/navbar :: navbar}".
09:43:36.719 TRACE o.t.s.expression.FragmentExpression - [THYMELEAF][http-nio-8001-exec-7] Evaluating fragment: "~{'fragments/navbar' :: navbar}"
09:43:36.719 TRACE o.t.s.e.TextLiteralExpression - [THYMELEAF][http-nio-8001-exec-7] Evaluating text literal: "'fragments/navbar'"
09:43:36.719 TRACE o.t.s.e.GenericTokenExpression - [THYMELEAF][http-nio-8001-exec-7] Evaluating generic token: "navbar"
09:43:36.719 WARN  o.t.s.p.AbstractStandardFragmentInsertionTagProcessor - [THYMELEAF][http-nio-8001-exec-7][cargar] Deprecated unwrapped fragment expression "fragments/navbar :: navbar" found in template cargar, line 11, col 6. Please use the complete syntax of fragment expressions instead ("~{fragments/navbar :: navbar}"). The old, unwrapped syntax for fragment expressions will be removed in future versions of Thymeleaf.
09:43:36.720 TRACE o.t.T.cache.TEMPLATE_CACHE - [THYMELEAF][http-nio-8001-exec-7][TEMPLATE_CACHE][CACHE_HIT] Cache hit in cache "TEMPLATE_CACHE" for key "fragments/navbar@(cargar;0,0)::[navbar]".
09:43:36.720 TRACE o.t.T.cache.EXPRESSION_CACHE - [THYMELEAF][http-nio-8001-exec-7][EXPRESSION_CACHE][CACHE_HIT] Cache hit in cache "EXPRESSION_CACHE" for key "fsig|navbar".
09:43:36.720 TRACE o.t.s.expression.LinkExpression - [THYMELEAF][http-nio-8001-exec-7] Evaluating link: "@{'/'}"
09:43:36.720 TRACE o.t.s.e.TextLiteralExpression - [THYMELEAF][http-nio-8001-exec-7] Evaluating text literal: "'/'"
09:43:36.721 TRACE o.t.s.expression.LinkExpression - [THYMELEAF][http-nio-8001-exec-7] Evaluating link: "@{'/'}"
09:43:36.721 TRACE o.t.s.e.TextLiteralExpression - [THYMELEAF][http-nio-8001-exec-7] Evaluating text literal: "'/'"
09:43:36.721 TRACE o.t.s.expression.LinkExpression - [THYMELEAF][http-nio-8001-exec-7] Evaluating link: "@{'/cargar'}"
09:43:36.722 TRACE o.t.s.e.TextLiteralExpression - [THYMELEAF][http-nio-8001-exec-7] Evaluating text literal: "'/cargar'"
09:43:36.723 TRACE o.t.T.cache.EXPRESSION_CACHE - [THYMELEAF][http-nio-8001-exec-7][EXPRESSION_CACHE][CACHE_HIT] Cache hit in cache "EXPRESSION_CACHE" for key "expr|${mensaje}".
09:43:36.723 TRACE o.t.s.expression.VariableExpression - [THYMELEAF][http-nio-8001-exec-7] Evaluating variable expression: "${mensaje}"
09:43:36.723 TRACE o.t.s.e.SPELVariableExpressionEvaluator - [THYMELEAF][http-nio-8001-exec-7] SpringEL expression: evaluating expression "mensaje" on target
09:43:36.723 TRACE o.t.T.cache.EXPRESSION_CACHE - [THYMELEAF][http-nio-8001-exec-7][EXPRESSION_CACHE][CACHE_HIT] Cache hit in cache "EXPRESSION_CACHE" for key "expr|${datosExcel}".
09:43:36.723 TRACE o.t.s.expression.VariableExpression - [THYMELEAF][http-nio-8001-exec-7] Evaluating variable expression: "${datosExcel}"
09:43:36.723 TRACE o.t.s.e.SPELVariableExpressionEvaluator - [THYMELEAF][http-nio-8001-exec-7] SpringEL expression: evaluating expression "datosExcel" on target
09:43:36.724 TRACE org.thymeleaf.TemplateEngine - [THYMELEAF][http-nio-8001-exec-7] FINISHED PROCESS AND OUTPUT OF TEMPLATE "cargar" WITH LOCALE es_ES
09:43:36.724 TRACE org.thymeleaf.TemplateEngine.TIMER - [THYMELEAF][http-nio-8001-exec-7][cargar][es_ES][5442000][5] TEMPLATE "cargar" WITH LOCALE es_ES PROCESSED IN 5442000 nanoseconds (approx. 5ms)
09:43:36.726 DEBUG o.a.coyote.http11.Http11InputBuffer - Before fill(): parsingHeader: [true], parsingRequestLine: [true], parsingRequestLinePhase: [0], parsingRequestLineStart: [0], byteBuffer.position(): [0], byteBuffer.limit(): [0], end: [677]
09:43:36.726 DEBUG o.a.t.util.net.SocketWrapperBase - Socket: [org.apache.tomcat.util.net.NioEndpoint$NioSocketWrapper@7aaee9a8:org.apache.tomcat.util.net.NioChannel@b872bf0:java.nio.channels.SocketChannel[connected local=/[0:0:0:0:0:0:0:1]:8001 remote=/[0:0:0:0:0:0:0:1]:50367]], Read from buffer: [0]
09:43:36.727 DEBUG o.apache.tomcat.util.net.NioEndpoint - Socket: [org.apache.tomcat.util.net.NioEndpoint$NioSocketWrapper@7aaee9a8:org.apache.tomcat.util.net.NioChannel@b872bf0:java.nio.channels.SocketChannel[connected local=/[0:0:0:0:0:0:0:1]:8001 remote=/[0:0:0:0:0:0:0:1]:50367]], Read direct from socket: [0]
09:43:36.727 DEBUG o.a.coyote.http11.Http11InputBuffer - Received []
09:43:36.728 DEBUG o.a.coyote.http11.Http11Processor - Socket: [org.apache.tomcat.util.net.NioEndpoint$NioSocketWrapper@7aaee9a8:org.apache.tomcat.util.net.NioChannel@b872bf0:java.nio.channels.SocketChannel[connected local=/[0:0:0:0:0:0:0:1]:8001 remote=/[0:0:0:0:0:0:0:1]:50367]], Status in: [OPEN_READ], State out: [OPEN]
09:43:36.729 DEBUG o.a.coyote.http11.Http11NioProtocol - Pushed Processor [org.apache.coyote.http11.Http11Processor@4e1afa90]
09:43:36.729 DEBUG o.apache.tomcat.util.net.NioEndpoint - Registered read interest for [org.apache.tomcat.util.net.NioEndpoint$NioSocketWrapper@7aaee9a8:org.apache.tomcat.util.net.NioChannel@b872bf0:java.nio.channels.SocketChannel[connected local=/[0:0:0:0:0:0:0:1]:8001 remote=/[0:0:0:0:0:0:0:1]:50367]]
09:43:37.047 DEBUG o.a.coyote.http11.Http11NioProtocol - Processing socket [org.apache.tomcat.util.net.NioChannel@b872bf0:java.nio.channels.SocketChannel[connected local=/[0:0:0:0:0:0:0:1]:8001 remote=/[0:0:0:0:0:0:0:1]:50367]] with status [OPEN_READ]
09:43:37.047 DEBUG o.a.coyote.http11.Http11NioProtocol - Found processor [null] for socket [org.apache.tomcat.util.net.NioChannel@b872bf0:java.nio.channels.SocketChannel[connected local=/[0:0:0:0:0:0:0:1]:8001 remote=/[0:0:0:0:0:0:0:1]:50367]]
09:43:37.048 DEBUG o.a.coyote.http11.Http11NioProtocol - Popped processor [org.apache.coyote.http11.Http11Processor@4e1afa90] from cache
09:43:37.048 DEBUG o.a.coyote.http11.Http11InputBuffer - Before fill(): parsingHeader: [true], parsingRequestLine: [true], parsingRequestLinePhase: [0], parsingRequestLineStart: [0], byteBuffer.position(): [0], byteBuffer.limit(): [0], end: [677]
09:43:37.048 DEBUG o.a.t.util.net.SocketWrapperBase - Socket: [org.apache.tomcat.util.net.NioEndpoint$NioSocketWrapper@7aaee9a8:org.apache.tomcat.util.net.NioChannel@b872bf0:java.nio.channels.SocketChannel[connected local=/[0:0:0:0:0:0:0:1]:8001 remote=/[0:0:0:0:0:0:0:1]:50367]], Read from buffer: [0]
09:43:37.049 DEBUG o.apache.tomcat.util.net.NioEndpoint - Socket: [org.apache.tomcat.util.net.NioEndpoint$NioSocketWrapper@7aaee9a8:org.apache.tomcat.util.net.NioChannel@b872bf0:java.nio.channels.SocketChannel[connected local=/[0:0:0:0:0:0:0:1]:8001 remote=/[0:0:0:0:0:0:0:1]:50367]], Read direct from socket: [642]
09:43:37.049 DEBUG o.a.coyote.http11.Http11InputBuffer - Received [GET /favicon.ico HTTP/1.1
Host: localhost:8001
Connection: keep-alive
Pragma: no-cache
Cache-Control: no-cache
sec-ch-ua-platform: "Windows"
User-Agent: Mozilla/5.0 (Windows NT 10.0; Win64; x64) AppleWebKit/537.36 (KHTML, like Gecko) Chrome/138.0.0.0 Safari/537.36
sec-ch-ua: "Not)A;Brand";v="8", "Chromium";v="138", "Brave";v="138"
sec-ch-ua-mobile: ?0
Accept: image/avif,image/webp,image/apng,image/svg+xml,image/*,*/*;q=0.8
Sec-GPC: 1
Accept-Language: es-ES,es;q=0.5
Sec-Fetch-Site: same-origin
Sec-Fetch-Mode: no-cors
Sec-Fetch-Dest: image
Referer: http://localhost:8001/cargar
Accept-Encoding: gzip, deflate, br, zstd

]
09:43:37.051 DEBUG o.a.c.a.AuthenticatorBase - Security checking request GET /favicon.ico
09:43:37.051 DEBUG org.apache.catalina.realm.RealmBase -   No applicable constraints defined
09:43:37.051 DEBUG o.a.c.a.AuthenticatorBase - Not subject to any constraint
09:43:37.051 DEBUG o.a.catalina.core.StandardWrapper -   Returning instance
09:43:37.060 DEBUG o.a.c.c.C.[Tomcat].[localhost] - Processing ErrorPage[errorCode=0, location=/error]
09:43:37.060 DEBUG o.a.catalina.core.StandardWrapper -   Returning instance
09:43:37.066 DEBUG o.a.c.c.C.[.[.[.[dispatcherServlet] -  Disabling the response for further output
09:43:37.067 DEBUG o.a.coyote.http11.Http11InputBuffer - Before fill(): parsingHeader: [true], parsingRequestLine: [true], parsingRequestLinePhase: [0], parsingRequestLineStart: [0], byteBuffer.position(): [0], byteBuffer.limit(): [0], end: [642]
09:43:37.067 DEBUG o.a.t.util.net.SocketWrapperBase - Socket: [org.apache.tomcat.util.net.NioEndpoint$NioSocketWrapper@7aaee9a8:org.apache.tomcat.util.net.NioChannel@b872bf0:java.nio.channels.SocketChannel[connected local=/[0:0:0:0:0:0:0:1]:8001 remote=/[0:0:0:0:0:0:0:1]:50367]], Read from buffer: [0]
09:43:37.067 DEBUG o.apache.tomcat.util.net.NioEndpoint - Socket: [org.apache.tomcat.util.net.NioEndpoint$NioSocketWrapper@7aaee9a8:org.apache.tomcat.util.net.NioChannel@b872bf0:java.nio.channels.SocketChannel[connected local=/[0:0:0:0:0:0:0:1]:8001 remote=/[0:0:0:0:0:0:0:1]:50367]], Read direct from socket: [0]
09:43:37.067 DEBUG o.a.coyote.http11.Http11InputBuffer - Received []
09:43:37.068 DEBUG o.a.coyote.http11.Http11Processor - Socket: [org.apache.tomcat.util.net.NioEndpoint$NioSocketWrapper@7aaee9a8:org.apache.tomcat.util.net.NioChannel@b872bf0:java.nio.channels.SocketChannel[connected local=/[0:0:0:0:0:0:0:1]:8001 remote=/[0:0:0:0:0:0:0:1]:50367]], Status in: [OPEN_READ], State out: [OPEN]
09:43:37.068 DEBUG o.a.coyote.http11.Http11NioProtocol - Pushed Processor [org.apache.coyote.http11.Http11Processor@4e1afa90]
09:43:37.068 DEBUG o.apache.tomcat.util.net.NioEndpoint - Registered read interest for [org.apache.tomcat.util.net.NioEndpoint$NioSocketWrapper@7aaee9a8:org.apache.tomcat.util.net.NioChannel@b872bf0:java.nio.channels.SocketChannel[connected local=/[0:0:0:0:0:0:0:1]:8001 remote=/[0:0:0:0:0:0:0:1]:50367]]
09:43:38.082 DEBUG o.apache.tomcat.util.net.NioEndpoint - timeout completed: keys processed=1; now=1752846218082; nextExpiration=1752846217440; keyCount=0; hasEvents=false; eval=false
09:43:39.092 DEBUG o.apache.tomcat.util.net.NioEndpoint - timeout completed: keys processed=1; now=1752846219092; nextExpiration=1752846219082; keyCount=0; hasEvents=false; eval=false
09:43:40.103 DEBUG o.apache.tomcat.util.net.NioEndpoint - timeout completed: keys processed=1; now=1752846220103; nextExpiration=1752846220092; keyCount=0; hasEvents=false; eval=false
09:43:41.117 DEBUG o.apache.tomcat.util.net.NioEndpoint - timeout completed: keys processed=1; now=1752846221117; nextExpiration=1752846221103; keyCount=0; hasEvents=false; eval=false
09:43:41.441 INFO  c.m.s.a.ScalesNetworkController - Actualizando lista de balanzas
09:43:41.441 TRACE i.m.o.SimpleObservation$SimpleScope - NoOp observation used with SimpleScope
09:43:42.123 DEBUG o.apache.tomcat.util.net.NioEndpoint - timeout completed: keys processed=1; now=1752846222123; nextExpiration=1752846222117; keyCount=0; hasEvents=false; eval=false
09:43:43.134 DEBUG o.apache.tomcat.util.net.NioEndpoint - timeout completed: keys processed=1; now=1752846223134; nextExpiration=1752846223123; keyCount=0; hasEvents=false; eval=false
09:43:53.764 TRACE i.m.o.SimpleObservation$SimpleScope - NoOp observation used with SimpleScope
09:43:53.764 ERROR c.m.s.i.api.ScaleService - Error I/O error on GET request for "http://10.10.26.192:5001/api/Autoservicio/IPs": Connection timed out: connect
org.springframework.web.client.ResourceAccessException: I/O error on GET request for "http://10.10.26.192:5001/api/Autoservicio/IPs": Connection timed out: connect
	at org.springframework.web.client.RestTemplate.createResourceAccessException(RestTemplate.java:915)
	at org.springframework.web.client.RestTemplate.doExecute(RestTemplate.java:895)
	at org.springframework.web.client.RestTemplate.execute(RestTemplate.java:790)
	at org.springframework.web.client.RestTemplate.exchange(RestTemplate.java:701)
	at com.marsol.sync.infraestructure.api.ScaleService.getScalesByMarca(ScaleService.java:109)
	at com.marsol.sync.application.ScalesNetworkController.fetchScalesFromLab(ScalesNetworkController.java:112)
	at org.springframework.scheduling.support.DelegatingErrorHandlingRunnable.run(DelegatingErrorHandlingRunnable.java:54)
	at java.base/java.util.concurrent.Executors$RunnableAdapter.call(Executors.java:539)
	at java.base/java.util.concurrent.FutureTask.run(FutureTask.java:264)
	at java.base/java.util.concurrent.ScheduledThreadPoolExecutor$ScheduledFutureTask.run(ScheduledThreadPoolExecutor.java:304)
	at java.base/java.util.concurrent.ThreadPoolExecutor.runWorker(ThreadPoolExecutor.java:1136)
	at java.base/java.util.concurrent.ThreadPoolExecutor$Worker.run(ThreadPoolExecutor.java:635)
	at java.base/java.lang.Thread.run(Thread.java:840)
Caused by: java.net.ConnectException: Connection timed out: connect
	at java.base/sun.nio.ch.Net.connect0(Native Method)
	at java.base/sun.nio.ch.Net.connect(Net.java:579)
	at java.base/sun.nio.ch.Net.connect(Net.java:568)
	at java.base/sun.nio.ch.NioSocketImpl.connect(NioSocketImpl.java:593)
	at java.base/java.net.Socket.connect(Socket.java:633)
	at java.base/java.net.Socket.connect(Socket.java:583)
	at java.base/sun.net.NetworkClient.doConnect(NetworkClient.java:183)
	at java.base/sun.net.www.http.HttpClient.openServer(HttpClient.java:533)
	at java.base/sun.net.www.http.HttpClient.openServer(HttpClient.java:638)
	at java.base/sun.net.www.http.HttpClient.<init>(HttpClient.java:281)
	at java.base/sun.net.www.http.HttpClient.New(HttpClient.java:386)
	at java.base/sun.net.www.http.HttpClient.New(HttpClient.java:408)
	at java.base/sun.net.www.protocol.http.HttpURLConnection.getNewHttpClient(HttpURLConnection.java:1308)
	at java.base/sun.net.www.protocol.http.HttpURLConnection.plainConnect0(HttpURLConnection.java:1241)
	at java.base/sun.net.www.protocol.http.HttpURLConnection.plainConnect(HttpURLConnection.java:1127)
	at java.base/sun.net.www.protocol.http.HttpURLConnection.connect(HttpURLConnection.java:1056)
	at org.springframework.http.client.SimpleClientHttpRequest.executeInternal(SimpleClientHttpRequest.java:79)
	at org.springframework.http.client.AbstractStreamingClientHttpRequest.executeInternal(AbstractStreamingClientHttpRequest.java:70)
	at org.springframework.http.client.AbstractClientHttpRequest.execute(AbstractClientHttpRequest.java:66)
	at org.springframework.web.client.RestTemplate.doExecute(RestTemplate.java:889)
	... 11 common frames omitted
09:43:53.765 ERROR c.m.s.a.ScalesNetworkController - No existe una lista de balanzas.
09:43:53.765 TRACE i.m.o.SimpleObservation$SimpleScope - NoOp observation used with SimpleScope
09:43:53.765 ERROR c.m.s.i.api.ScaleService - Error I/O error on GET request for "http://10.10.26.192:5001/api/Autoservicio/IPs": Connection timed out: connect
org.springframework.web.client.ResourceAccessException: I/O error on GET request for "http://10.10.26.192:5001/api/Autoservicio/IPs": Connection timed out: connect
	at org.springframework.web.client.RestTemplate.createResourceAccessException(RestTemplate.java:915)
	at org.springframework.web.client.RestTemplate.doExecute(RestTemplate.java:895)
	at org.springframework.web.client.RestTemplate.execute(RestTemplate.java:790)
	at org.springframework.web.client.RestTemplate.exchange(RestTemplate.java:701)
	at com.marsol.sync.infraestructure.api.ScaleService.getScalesByMarca(ScaleService.java:109)
	at com.marsol.sync.application.ScalesNetworkController.fetchScalesFromLab(ScalesNetworkController.java:112)
	at org.springframework.scheduling.support.DelegatingErrorHandlingRunnable.run(DelegatingErrorHandlingRunnable.java:54)
	at java.base/java.util.concurrent.Executors$RunnableAdapter.call(Executors.java:539)
	at java.base/java.util.concurrent.FutureTask.run(FutureTask.java:264)
	at java.base/java.util.concurrent.ScheduledThreadPoolExecutor$ScheduledFutureTask.run(ScheduledThreadPoolExecutor.java:304)
	at java.base/java.util.concurrent.ThreadPoolExecutor.runWorker(ThreadPoolExecutor.java:1136)
	at java.base/java.util.concurrent.ThreadPoolExecutor$Worker.run(ThreadPoolExecutor.java:635)
	at java.base/java.lang.Thread.run(Thread.java:840)
Caused by: java.net.ConnectException: Connection timed out: connect
	at java.base/sun.nio.ch.Net.connect0(Native Method)
	at java.base/sun.nio.ch.Net.connect(Net.java:579)
	at java.base/sun.nio.ch.Net.connect(Net.java:568)
	at java.base/sun.nio.ch.NioSocketImpl.connect(NioSocketImpl.java:593)
	at java.base/java.net.Socket.connect(Socket.java:633)
	at java.base/java.net.Socket.connect(Socket.java:583)
	at java.base/sun.net.NetworkClient.doConnect(NetworkClient.java:183)
	at java.base/sun.net.www.http.HttpClient.openServer(HttpClient.java:533)
	at java.base/sun.net.www.http.HttpClient.openServer(HttpClient.java:638)
	at java.base/sun.net.www.http.HttpClient.<init>(HttpClient.java:281)
	at java.base/sun.net.www.http.HttpClient.New(HttpClient.java:386)
	at java.base/sun.net.www.http.HttpClient.New(HttpClient.java:408)
	at java.base/sun.net.www.protocol.http.HttpURLConnection.getNewHttpClient(HttpURLConnection.java:1308)
	at java.base/sun.net.www.protocol.http.HttpURLConnection.plainConnect0(HttpURLConnection.java:1241)
	at java.base/sun.net.www.protocol.http.HttpURLConnection.plainConnect(HttpURLConnection.java:1127)
	at java.base/sun.net.www.protocol.http.HttpURLConnection.connect(HttpURLConnection.java:1056)
	at org.springframework.http.client.SimpleClientHttpRequest.executeInternal(SimpleClientHttpRequest.java:79)
	at org.springframework.http.client.AbstractStreamingClientHttpRequest.executeInternal(AbstractStreamingClientHttpRequest.java:70)
	at org.springframework.http.client.AbstractClientHttpRequest.execute(AbstractClientHttpRequest.java:66)
	at org.springframework.web.client.RestTemplate.doExecute(RestTemplate.java:889)
	... 11 common frames omitted
09:43:53.766 ERROR c.m.s.a.ScalesNetworkController - No existe una lista de balanzas.
09:43:53.777 TRACE i.m.o.SimpleObservation$SimpleScope - NoOp observation used with SimpleScope
09:43:53.777 ERROR c.m.s.i.api.ScaleService - Error I/O error on GET request for "http://10.10.26.192:5001/api/Autoservicio/IPs": Connection timed out: connect
org.springframework.web.client.ResourceAccessException: I/O error on GET request for "http://10.10.26.192:5001/api/Autoservicio/IPs": Connection timed out: connect
	at org.springframework.web.client.RestTemplate.createResourceAccessException(RestTemplate.java:915)
	at org.springframework.web.client.RestTemplate.doExecute(RestTemplate.java:895)
	at org.springframework.web.client.RestTemplate.execute(RestTemplate.java:790)
	at org.springframework.web.client.RestTemplate.exchange(RestTemplate.java:701)
	at com.marsol.sync.infraestructure.api.ScaleService.getScalesByMarca(ScaleService.java:109)
	at com.marsol.sync.application.ScalesNetworkController.fetchScalesFromLab(ScalesNetworkController.java:112)
	at org.springframework.scheduling.support.DelegatingErrorHandlingRunnable.run(DelegatingErrorHandlingRunnable.java:54)
	at java.base/java.util.concurrent.Executors$RunnableAdapter.call(Executors.java:539)
	at java.base/java.util.concurrent.FutureTask.run(FutureTask.java:264)
	at java.base/java.util.concurrent.ScheduledThreadPoolExecutor$ScheduledFutureTask.run(ScheduledThreadPoolExecutor.java:304)
	at java.base/java.util.concurrent.ThreadPoolExecutor.runWorker(ThreadPoolExecutor.java:1136)
	at java.base/java.util.concurrent.ThreadPoolExecutor$Worker.run(ThreadPoolExecutor.java:635)
	at java.base/java.lang.Thread.run(Thread.java:840)
Caused by: java.net.ConnectException: Connection timed out: connect
	at java.base/sun.nio.ch.Net.connect0(Native Method)
	at java.base/sun.nio.ch.Net.connect(Net.java:579)
	at java.base/sun.nio.ch.Net.connect(Net.java:568)
	at java.base/sun.nio.ch.NioSocketImpl.connect(NioSocketImpl.java:593)
	at java.base/java.net.Socket.connect(Socket.java:633)
	at java.base/java.net.Socket.connect(Socket.java:583)
	at java.base/sun.net.NetworkClient.doConnect(NetworkClient.java:183)
	at java.base/sun.net.www.http.HttpClient.openServer(HttpClient.java:533)
	at java.base/sun.net.www.http.HttpClient.openServer(HttpClient.java:638)
	at java.base/sun.net.www.http.HttpClient.<init>(HttpClient.java:281)
	at java.base/sun.net.www.http.HttpClient.New(HttpClient.java:386)
	at java.base/sun.net.www.http.HttpClient.New(HttpClient.java:408)
	at java.base/sun.net.www.protocol.http.HttpURLConnection.getNewHttpClient(HttpURLConnection.java:1308)
	at java.base/sun.net.www.protocol.http.HttpURLConnection.plainConnect0(HttpURLConnection.java:1241)
	at java.base/sun.net.www.protocol.http.HttpURLConnection.plainConnect(HttpURLConnection.java:1127)
	at java.base/sun.net.www.protocol.http.HttpURLConnection.connect(HttpURLConnection.java:1056)
	at org.springframework.http.client.SimpleClientHttpRequest.executeInternal(SimpleClientHttpRequest.java:79)
	at org.springframework.http.client.AbstractStreamingClientHttpRequest.executeInternal(AbstractStreamingClientHttpRequest.java:70)
	at org.springframework.http.client.AbstractClientHttpRequest.execute(AbstractClientHttpRequest.java:66)
	at org.springframework.web.client.RestTemplate.doExecute(RestTemplate.java:889)
	... 11 common frames omitted
09:43:53.778 ERROR c.m.s.a.ScalesNetworkController - No existe una lista de balanzas.
09:44:02.493 TRACE i.m.o.SimpleObservation$SimpleScope - NoOp observation used with SimpleScope
09:44:02.493 ERROR c.m.s.i.api.ScaleService - Error I/O error on GET request for "http://10.10.26.192:5001/api/Autoservicio/IPs": Connection timed out: connect
org.springframework.web.client.ResourceAccessException: I/O error on GET request for "http://10.10.26.192:5001/api/Autoservicio/IPs": Connection timed out: connect
	at org.springframework.web.client.RestTemplate.createResourceAccessException(RestTemplate.java:915)
	at org.springframework.web.client.RestTemplate.doExecute(RestTemplate.java:895)
	at org.springframework.web.client.RestTemplate.execute(RestTemplate.java:790)
	at org.springframework.web.client.RestTemplate.exchange(RestTemplate.java:701)
	at com.marsol.sync.infraestructure.api.ScaleService.getScalesByMarca(ScaleService.java:109)
	at com.marsol.sync.application.ScalesNetworkController.fetchScalesFromLab(ScalesNetworkController.java:112)
	at org.springframework.scheduling.support.DelegatingErrorHandlingRunnable.run(DelegatingErrorHandlingRunnable.java:54)
	at java.base/java.util.concurrent.Executors$RunnableAdapter.call(Executors.java:539)
	at java.base/java.util.concurrent.FutureTask.run(FutureTask.java:264)
	at java.base/java.util.concurrent.ScheduledThreadPoolExecutor$ScheduledFutureTask.run(ScheduledThreadPoolExecutor.java:304)
	at java.base/java.util.concurrent.ThreadPoolExecutor.runWorker(ThreadPoolExecutor.java:1136)
	at java.base/java.util.concurrent.ThreadPoolExecutor$Worker.run(ThreadPoolExecutor.java:635)
	at java.base/java.lang.Thread.run(Thread.java:840)
Caused by: java.net.ConnectException: Connection timed out: connect
	at java.base/sun.nio.ch.Net.connect0(Native Method)
	at java.base/sun.nio.ch.Net.connect(Net.java:579)
	at java.base/sun.nio.ch.Net.connect(Net.java:568)
	at java.base/sun.nio.ch.NioSocketImpl.connect(NioSocketImpl.java:593)
	at java.base/java.net.Socket.connect(Socket.java:633)
	at java.base/java.net.Socket.connect(Socket.java:583)
	at java.base/sun.net.NetworkClient.doConnect(NetworkClient.java:183)
	at java.base/sun.net.www.http.HttpClient.openServer(HttpClient.java:533)
	at java.base/sun.net.www.http.HttpClient.openServer(HttpClient.java:638)
	at java.base/sun.net.www.http.HttpClient.<init>(HttpClient.java:281)
	at java.base/sun.net.www.http.HttpClient.New(HttpClient.java:386)
	at java.base/sun.net.www.http.HttpClient.New(HttpClient.java:408)
	at java.base/sun.net.www.protocol.http.HttpURLConnection.getNewHttpClient(HttpURLConnection.java:1308)
	at java.base/sun.net.www.protocol.http.HttpURLConnection.plainConnect0(HttpURLConnection.java:1241)
	at java.base/sun.net.www.protocol.http.HttpURLConnection.plainConnect(HttpURLConnection.java:1127)
	at java.base/sun.net.www.protocol.http.HttpURLConnection.connect(HttpURLConnection.java:1056)
	at org.springframework.http.client.SimpleClientHttpRequest.executeInternal(SimpleClientHttpRequest.java:79)
	at org.springframework.http.client.AbstractStreamingClientHttpRequest.executeInternal(AbstractStreamingClientHttpRequest.java:70)
	at org.springframework.http.client.AbstractClientHttpRequest.execute(AbstractClientHttpRequest.java:66)
	at org.springframework.web.client.RestTemplate.doExecute(RestTemplate.java:889)
	... 11 common frames omitted
09:44:02.494 ERROR c.m.s.a.ScalesNetworkController - No existe una lista de balanzas.
15:23:58.289 DEBUG o.a.c.core.AprLifecycleListener - The Apache Tomcat Native library could not be found using names [tcnative-2, libtcnative-2, tcnative-1, libtcnative-1] on the java.library.path [C:\Users\sistemas\.jdks\corretto-17.0.12\bin;C:\WINDOWS\Sun\Java\bin;C:\WINDOWS\system32;C:\WINDOWS;C:\Program Files\Java\jdk-17\bin;C:\Program Files\Common Files\Oracle\Java\javapath;C:\WINDOWS\system32;C:\WINDOWS;C:\WINDOWS\System32\Wbem;C:\WINDOWS\System32\WindowsPowerShell\v1.0\;C:\WINDOWS\System32\OpenSSH\;C:\Program Files\SAP\SAP Business One DI API\JCO\LIB\;C:\Program Files\SAP\SAP Business One DI API\DI API 90;C:\Program Files\SAP\SAP Business One\;C:\Program Files\Git\cmd;C:\Users\sistemas\Desktop\ProyectoSyncBalanzas\src\main\resources\;C:\Program Files\dotnet\;C:\ProgramData\ComposerSetup\bin;C:\Program Files (x86)\Java\jre1.8.0_441\bin;C:\Program Files\MySQL\MySQL Shell 8.0\bin\;C:\Users\sistemas\AppData\Local\Programs\Python\Python312\Scripts\;C:\Users\sistemas\AppData\Local\Programs\Python\Python312\;C:\Users\sistemas\AppData\Local\Programs\Python\Launcher\;C:\Users\sistemas\AppData\Local\Microsoft\WindowsApps;C:\Users\sistemas\AppData\Local\Programs\Microsoft VS Code\bin;C:\Users\sistemas\Desktop\ProyectoSyncBalanzas\src\main\resources;C:\Program Files\PHP\;C:\Users\sistemas\AppData\Roaming\Composer\vendor\bin;C:\Users\sistemas\AppData\Local\Programs\Windsurf\bin;C:\Program Files\JetBrains\IntelliJ IDEA Community Edition 2025.1.3\bin;;.]. The errors reported were [Can't load library: C:\Users\sistemas\Desktop\MARSOL\HPRT\Balanza HPRT\Proyecto Walmart\Driver_sync\Test\ProyectoSyncBalanzas\bin\tcnative-2.dll, Can't load library: C:\Users\sistemas\Desktop\MARSOL\HPRT\Balanza HPRT\Proyecto Walmart\Driver_sync\Test\ProyectoSyncBalanzas\bin\libtcnative-2.dll, Can't load library: C:\Users\sistemas\Desktop\MARSOL\HPRT\Balanza HPRT\Proyecto Walmart\Driver_sync\Test\ProyectoSyncBalanzas\bin\tcnative-1.dll, Can't load library: C:\Users\sistemas\Desktop\MARSOL\HPRT\Balanza HPRT\Proyecto Walmart\Driver_sync\Test\ProyectoSyncBalanzas\bin\libtcnative-1.dll, no tcnative-2 in java.library.path: C:\Users\sistemas\.jdks\corretto-17.0.12\bin;C:\WINDOWS\Sun\Java\bin;C:\WINDOWS\system32;C:\WINDOWS;C:\Program Files\Java\jdk-17\bin;C:\Program Files\Common Files\Oracle\Java\javapath;C:\WINDOWS\system32;C:\WINDOWS;C:\WINDOWS\System32\Wbem;C:\WINDOWS\System32\WindowsPowerShell\v1.0\;C:\WINDOWS\System32\OpenSSH\;C:\Program Files\SAP\SAP Business One DI API\JCO\LIB\;C:\Program Files\SAP\SAP Business One DI API\DI API 90;C:\Program Files\SAP\SAP Business One\;C:\Program Files\Git\cmd;C:\Users\sistemas\Desktop\ProyectoSyncBalanzas\src\main\resources\;C:\Program Files\dotnet\;C:\ProgramData\ComposerSetup\bin;C:\Program Files (x86)\Java\jre1.8.0_441\bin;C:\Program Files\MySQL\MySQL Shell 8.0\bin\;C:\Users\sistemas\AppData\Local\Programs\Python\Python312\Scripts\;C:\Users\sistemas\AppData\Local\Programs\Python\Python312\;C:\Users\sistemas\AppData\Local\Programs\Python\Launcher\;C:\Users\sistemas\AppData\Local\Microsoft\WindowsApps;C:\Users\sistemas\AppData\Local\Programs\Microsoft VS Code\bin;C:\Users\sistemas\Desktop\ProyectoSyncBalanzas\src\main\resources;C:\Program Files\PHP\;C:\Users\sistemas\AppData\Roaming\Composer\vendor\bin;C:\Users\sistemas\AppData\Local\Programs\Windsurf\bin;C:\Program Files\JetBrains\IntelliJ IDEA Community Edition 2025.1.3\bin;;., no libtcnative-2 in java.library.path: C:\Users\sistemas\.jdks\corretto-17.0.12\bin;C:\WINDOWS\Sun\Java\bin;C:\WINDOWS\system32;C:\WINDOWS;C:\Program Files\Java\jdk-17\bin;C:\Program Files\Common Files\Oracle\Java\javapath;C:\WINDOWS\system32;C:\WINDOWS;C:\WINDOWS\System32\Wbem;C:\WINDOWS\System32\WindowsPowerShell\v1.0\;C:\WINDOWS\System32\OpenSSH\;C:\Program Files\SAP\SAP Business One DI API\JCO\LIB\;C:\Program Files\SAP\SAP Business One DI API\DI API 90;C:\Program Files\SAP\SAP Business One\;C:\Program Files\Git\cmd;C:\Users\sistemas\Desktop\ProyectoSyncBalanzas\src\main\resources\;C:\Program Files\dotnet\;C:\ProgramData\ComposerSetup\bin;C:\Program Files (x86)\Java\jre1.8.0_441\bin;C:\Program Files\MySQL\MySQL Shell 8.0\bin\;C:\Users\sistemas\AppData\Local\Programs\Python\Python312\Scripts\;C:\Users\sistemas\AppData\Local\Programs\Python\Python312\;C:\Users\sistemas\AppData\Local\Programs\Python\Launcher\;C:\Users\sistemas\AppData\Local\Microsoft\WindowsApps;C:\Users\sistemas\AppData\Local\Programs\Microsoft VS Code\bin;C:\Users\sistemas\Desktop\ProyectoSyncBalanzas\src\main\resources;C:\Program Files\PHP\;C:\Users\sistemas\AppData\Roaming\Composer\vendor\bin;C:\Users\sistemas\AppData\Local\Programs\Windsurf\bin;C:\Program Files\JetBrains\IntelliJ IDEA Community Edition 2025.1.3\bin;;., no tcnative-1 in java.library.path: C:\Users\sistemas\.jdks\corretto-17.0.12\bin;C:\WINDOWS\Sun\Java\bin;C:\WINDOWS\system32;C:\WINDOWS;C:\Program Files\Java\jdk-17\bin;C:\Program Files\Common Files\Oracle\Java\javapath;C:\WINDOWS\system32;C:\WINDOWS;C:\WINDOWS\System32\Wbem;C:\WINDOWS\System32\WindowsPowerShell\v1.0\;C:\WINDOWS\System32\OpenSSH\;C:\Program Files\SAP\SAP Business One DI API\JCO\LIB\;C:\Program Files\SAP\SAP Business One DI API\DI API 90;C:\Program Files\SAP\SAP Business One\;C:\Program Files\Git\cmd;C:\Users\sistemas\Desktop\ProyectoSyncBalanzas\src\main\resources\;C:\Program Files\dotnet\;C:\ProgramData\ComposerSetup\bin;C:\Program Files (x86)\Java\jre1.8.0_441\bin;C:\Program Files\MySQL\MySQL Shell 8.0\bin\;C:\Users\sistemas\AppData\Local\Programs\Python\Python312\Scripts\;C:\Users\sistemas\AppData\Local\Programs\Python\Python312\;C:\Users\sistemas\AppData\Local\Programs\Python\Launcher\;C:\Users\sistemas\AppData\Local\Microsoft\WindowsApps;C:\Users\sistemas\AppData\Local\Programs\Microsoft VS Code\bin;C:\Users\sistemas\Desktop\ProyectoSyncBalanzas\src\main\resources;C:\Program Files\PHP\;C:\Users\sistemas\AppData\Roaming\Composer\vendor\bin;C:\Users\sistemas\AppData\Local\Programs\Windsurf\bin;C:\Program Files\JetBrains\IntelliJ IDEA Community Edition 2025.1.3\bin;;., no libtcnative-1 in java.library.path: C:\Users\sistemas\.jdks\corretto-17.0.12\bin;C:\WINDOWS\Sun\Java\bin;C:\WINDOWS\system32;C:\WINDOWS;C:\Program Files\Java\jdk-17\bin;C:\Program Files\Common Files\Oracle\Java\javapath;C:\WINDOWS\system32;C:\WINDOWS;C:\WINDOWS\System32\Wbem;C:\WINDOWS\System32\WindowsPowerShell\v1.0\;C:\WINDOWS\System32\OpenSSH\;C:\Program Files\SAP\SAP Business One DI API\JCO\LIB\;C:\Program Files\SAP\SAP Business One DI API\DI API 90;C:\Program Files\SAP\SAP Business One\;C:\Program Files\Git\cmd;C:\Users\sistemas\Desktop\ProyectoSyncBalanzas\src\main\resources\;C:\Program Files\dotnet\;C:\ProgramData\ComposerSetup\bin;C:\Program Files (x86)\Java\jre1.8.0_441\bin;C:\Program Files\MySQL\MySQL Shell 8.0\bin\;C:\Users\sistemas\AppData\Local\Programs\Python\Python312\Scripts\;C:\Users\sistemas\AppData\Local\Programs\Python\Python312\;C:\Users\sistemas\AppData\Local\Programs\Python\Launcher\;C:\Users\sistemas\AppData\Local\Microsoft\WindowsApps;C:\Users\sistemas\AppData\Local\Programs\Microsoft VS Code\bin;C:\Users\sistemas\Desktop\ProyectoSyncBalanzas\src\main\resources;C:\Program Files\PHP\;C:\Users\sistemas\AppData\Roaming\Composer\vendor\bin;C:\Users\sistemas\AppData\Local\Programs\Windsurf\bin;C:\Program Files\JetBrains\IntelliJ IDEA Community Edition 2025.1.3\bin;;.]
org.apache.tomcat.jni.LibraryNotFoundError: Can't load library: C:\Users\sistemas\Desktop\MARSOL\HPRT\Balanza HPRT\Proyecto Walmart\Driver_sync\Test\ProyectoSyncBalanzas\bin\tcnative-2.dll, Can't load library: C:\Users\sistemas\Desktop\MARSOL\HPRT\Balanza HPRT\Proyecto Walmart\Driver_sync\Test\ProyectoSyncBalanzas\bin\libtcnative-2.dll, Can't load library: C:\Users\sistemas\Desktop\MARSOL\HPRT\Balanza HPRT\Proyecto Walmart\Driver_sync\Test\ProyectoSyncBalanzas\bin\tcnative-1.dll, Can't load library: C:\Users\sistemas\Desktop\MARSOL\HPRT\Balanza HPRT\Proyecto Walmart\Driver_sync\Test\ProyectoSyncBalanzas\bin\libtcnative-1.dll, no tcnative-2 in java.library.path: C:\Users\sistemas\.jdks\corretto-17.0.12\bin;C:\WINDOWS\Sun\Java\bin;C:\WINDOWS\system32;C:\WINDOWS;C:\Program Files\Java\jdk-17\bin;C:\Program Files\Common Files\Oracle\Java\javapath;C:\WINDOWS\system32;C:\WINDOWS;C:\WINDOWS\System32\Wbem;C:\WINDOWS\System32\WindowsPowerShell\v1.0\;C:\WINDOWS\System32\OpenSSH\;C:\Program Files\SAP\SAP Business One DI API\JCO\LIB\;C:\Program Files\SAP\SAP Business One DI API\DI API 90;C:\Program Files\SAP\SAP Business One\;C:\Program Files\Git\cmd;C:\Users\sistemas\Desktop\ProyectoSyncBalanzas\src\main\resources\;C:\Program Files\dotnet\;C:\ProgramData\ComposerSetup\bin;C:\Program Files (x86)\Java\jre1.8.0_441\bin;C:\Program Files\MySQL\MySQL Shell 8.0\bin\;C:\Users\sistemas\AppData\Local\Programs\Python\Python312\Scripts\;C:\Users\sistemas\AppData\Local\Programs\Python\Python312\;C:\Users\sistemas\AppData\Local\Programs\Python\Launcher\;C:\Users\sistemas\AppData\Local\Microsoft\WindowsApps;C:\Users\sistemas\AppData\Local\Programs\Microsoft VS Code\bin;C:\Users\sistemas\Desktop\ProyectoSyncBalanzas\src\main\resources;C:\Program Files\PHP\;C:\Users\sistemas\AppData\Roaming\Composer\vendor\bin;C:\Users\sistemas\AppData\Local\Programs\Windsurf\bin;C:\Program Files\JetBrains\IntelliJ IDEA Community Edition 2025.1.3\bin;;., no libtcnative-2 in java.library.path: C:\Users\sistemas\.jdks\corretto-17.0.12\bin;C:\WINDOWS\Sun\Java\bin;C:\WINDOWS\system32;C:\WINDOWS;C:\Program Files\Java\jdk-17\bin;C:\Program Files\Common Files\Oracle\Java\javapath;C:\WINDOWS\system32;C:\WINDOWS;C:\WINDOWS\System32\Wbem;C:\WINDOWS\System32\WindowsPowerShell\v1.0\;C:\WINDOWS\System32\OpenSSH\;C:\Program Files\SAP\SAP Business One DI API\JCO\LIB\;C:\Program Files\SAP\SAP Business One DI API\DI API 90;C:\Program Files\SAP\SAP Business One\;C:\Program Files\Git\cmd;C:\Users\sistemas\Desktop\ProyectoSyncBalanzas\src\main\resources\;C:\Program Files\dotnet\;C:\ProgramData\ComposerSetup\bin;C:\Program Files (x86)\Java\jre1.8.0_441\bin;C:\Program Files\MySQL\MySQL Shell 8.0\bin\;C:\Users\sistemas\AppData\Local\Programs\Python\Python312\Scripts\;C:\Users\sistemas\AppData\Local\Programs\Python\Python312\;C:\Users\sistemas\AppData\Local\Programs\Python\Launcher\;C:\Users\sistemas\AppData\Local\Microsoft\WindowsApps;C:\Users\sistemas\AppData\Local\Programs\Microsoft VS Code\bin;C:\Users\sistemas\Desktop\ProyectoSyncBalanzas\src\main\resources;C:\Program Files\PHP\;C:\Users\sistemas\AppData\Roaming\Composer\vendor\bin;C:\Users\sistemas\AppData\Local\Programs\Windsurf\bin;C:\Program Files\JetBrains\IntelliJ IDEA Community Edition 2025.1.3\bin;;., no tcnative-1 in java.library.path: C:\Users\sistemas\.jdks\corretto-17.0.12\bin;C:\WINDOWS\Sun\Java\bin;C:\WINDOWS\system32;C:\WINDOWS;C:\Program Files\Java\jdk-17\bin;C:\Program Files\Common Files\Oracle\Java\javapath;C:\WINDOWS\system32;C:\WINDOWS;C:\WINDOWS\System32\Wbem;C:\WINDOWS\System32\WindowsPowerShell\v1.0\;C:\WINDOWS\System32\OpenSSH\;C:\Program Files\SAP\SAP Business One DI API\JCO\LIB\;C:\Program Files\SAP\SAP Business One DI API\DI API 90;C:\Program Files\SAP\SAP Business One\;C:\Program Files\Git\cmd;C:\Users\sistemas\Desktop\ProyectoSyncBalanzas\src\main\resources\;C:\Program Files\dotnet\;C:\ProgramData\ComposerSetup\bin;C:\Program Files (x86)\Java\jre1.8.0_441\bin;C:\Program Files\MySQL\MySQL Shell 8.0\bin\;C:\Users\sistemas\AppData\Local\Programs\Python\Python312\Scripts\;C:\Users\sistemas\AppData\Local\Programs\Python\Python312\;C:\Users\sistemas\AppData\Local\Programs\Python\Launcher\;C:\Users\sistemas\AppData\Local\Microsoft\WindowsApps;C:\Users\sistemas\AppData\Local\Programs\Microsoft VS Code\bin;C:\Users\sistemas\Desktop\ProyectoSyncBalanzas\src\main\resources;C:\Program Files\PHP\;C:\Users\sistemas\AppData\Roaming\Composer\vendor\bin;C:\Users\sistemas\AppData\Local\Programs\Windsurf\bin;C:\Program Files\JetBrains\IntelliJ IDEA Community Edition 2025.1.3\bin;;., no libtcnative-1 in java.library.path: C:\Users\sistemas\.jdks\corretto-17.0.12\bin;C:\WINDOWS\Sun\Java\bin;C:\WINDOWS\system32;C:\WINDOWS;C:\Program Files\Java\jdk-17\bin;C:\Program Files\Common Files\Oracle\Java\javapath;C:\WINDOWS\system32;C:\WINDOWS;C:\WINDOWS\System32\Wbem;C:\WINDOWS\System32\WindowsPowerShell\v1.0\;C:\WINDOWS\System32\OpenSSH\;C:\Program Files\SAP\SAP Business One DI API\JCO\LIB\;C:\Program Files\SAP\SAP Business One DI API\DI API 90;C:\Program Files\SAP\SAP Business One\;C:\Program Files\Git\cmd;C:\Users\sistemas\Desktop\ProyectoSyncBalanzas\src\main\resources\;C:\Program Files\dotnet\;C:\ProgramData\ComposerSetup\bin;C:\Program Files (x86)\Java\jre1.8.0_441\bin;C:\Program Files\MySQL\MySQL Shell 8.0\bin\;C:\Users\sistemas\AppData\Local\Programs\Python\Python312\Scripts\;C:\Users\sistemas\AppData\Local\Programs\Python\Python312\;C:\Users\sistemas\AppData\Local\Programs\Python\Launcher\;C:\Users\sistemas\AppData\Local\Microsoft\WindowsApps;C:\Users\sistemas\AppData\Local\Programs\Microsoft VS Code\bin;C:\Users\sistemas\Desktop\ProyectoSyncBalanzas\src\main\resources;C:\Program Files\PHP\;C:\Users\sistemas\AppData\Roaming\Composer\vendor\bin;C:\Users\sistemas\AppData\Local\Programs\Windsurf\bin;C:\Program Files\JetBrains\IntelliJ IDEA Community Edition 2025.1.3\bin;;.
	at org.apache.tomcat.jni.Library.<init>(Library.java:91)
	at org.apache.tomcat.jni.Library.initialize(Library.java:147)
	at org.apache.catalina.core.AprLifecycleListener.init(AprLifecycleListener.java:189)
	at org.apache.catalina.core.AprLifecycleListener.isAprAvailable(AprLifecycleListener.java:106)
	at org.springframework.boot.web.embedded.tomcat.TomcatServletWebServerFactory.getDefaultServerLifecycleListeners(TomcatServletWebServerFactory.java:191)
	at org.springframework.boot.web.embedded.tomcat.TomcatServletWebServerFactory.<init>(TomcatServletWebServerFactory.java:138)
	at org.springframework.boot.autoconfigure.web.servlet.ServletWebServerFactoryConfiguration$EmbeddedTomcat.tomcatServletWebServerFactory(ServletWebServerFactoryConfiguration.java:73)
	at java.base/jdk.internal.reflect.NativeMethodAccessorImpl.invoke0(Native Method)
	at java.base/jdk.internal.reflect.NativeMethodAccessorImpl.invoke(NativeMethodAccessorImpl.java:77)
	at java.base/jdk.internal.reflect.DelegatingMethodAccessorImpl.invoke(DelegatingMethodAccessorImpl.java:43)
	at java.base/java.lang.reflect.Method.invoke(Method.java:569)
	at org.springframework.beans.factory.support.SimpleInstantiationStrategy.instantiate(SimpleInstantiationStrategy.java:140)
	at org.springframework.beans.factory.support.ConstructorResolver.instantiate(ConstructorResolver.java:644)
	at org.springframework.beans.factory.support.ConstructorResolver.instantiateUsingFactoryMethod(ConstructorResolver.java:636)
	at org.springframework.beans.factory.support.AbstractAutowireCapableBeanFactory.instantiateUsingFactoryMethod(AbstractAutowireCapableBeanFactory.java:1337)
	at org.springframework.beans.factory.support.AbstractAutowireCapableBeanFactory.createBeanInstance(AbstractAutowireCapableBeanFactory.java:1167)
	at org.springframework.beans.factory.support.AbstractAutowireCapableBeanFactory.doCreateBean(AbstractAutowireCapableBeanFactory.java:562)
	at org.springframework.beans.factory.support.AbstractAutowireCapableBeanFactory.createBean(AbstractAutowireCapableBeanFactory.java:522)
	at org.springframework.beans.factory.support.AbstractBeanFactory.lambda$doGetBean$0(AbstractBeanFactory.java:337)
	at org.springframework.beans.factory.support.DefaultSingletonBeanRegistry.getSingleton(DefaultSingletonBeanRegistry.java:234)
	at org.springframework.beans.factory.support.AbstractBeanFactory.doGetBean(AbstractBeanFactory.java:335)
	at org.springframework.beans.factory.support.AbstractBeanFactory.getBean(AbstractBeanFactory.java:205)
	at org.springframework.boot.web.servlet.context.ServletWebServerApplicationContext.getWebServerFactory(ServletWebServerApplicationContext.java:223)
	at org.springframework.boot.web.servlet.context.ServletWebServerApplicationContext.createWebServer(ServletWebServerApplicationContext.java:186)
	at org.springframework.boot.web.servlet.context.ServletWebServerApplicationContext.onRefresh(ServletWebServerApplicationContext.java:162)
	at org.springframework.context.support.AbstractApplicationContext.refresh(AbstractApplicationContext.java:618)
	at org.springframework.boot.web.servlet.context.ServletWebServerApplicationContext.refresh(ServletWebServerApplicationContext.java:146)
	at org.springframework.boot.SpringApplication.refresh(SpringApplication.java:754)
	at org.springframework.boot.SpringApplication.refreshContext(SpringApplication.java:456)
	at org.springframework.boot.SpringApplication.run(SpringApplication.java:335)
	at org.springframework.boot.SpringApplication.run(SpringApplication.java:1363)
	at org.springframework.boot.SpringApplication.run(SpringApplication.java:1352)
	at com.marsol.sync.MainClass.main(MainClass.java:19)
15:23:58.526 DEBUG o.a.tomcat.util.compat.Jre19Compat - Class not found so assuming code is running on a pre-Java 19 JVM
java.lang.ClassNotFoundException: java.lang.WrongThreadException
	at java.base/jdk.internal.loader.BuiltinClassLoader.loadClass(BuiltinClassLoader.java:641)
	at java.base/jdk.internal.loader.ClassLoaders$AppClassLoader.loadClass(ClassLoaders.java:188)
	at java.base/java.lang.ClassLoader.loadClass(ClassLoader.java:525)
	at java.base/java.lang.Class.forName0(Native Method)
	at java.base/java.lang.Class.forName(Class.java:375)
	at org.apache.tomcat.util.compat.Jre19Compat.<clinit>(Jre19Compat.java:37)
	at org.apache.tomcat.util.compat.JreCompat.<clinit>(JreCompat.java:55)
	at org.apache.catalina.startup.Tomcat.<clinit>(Tomcat.java:1193)
	at org.springframework.boot.web.embedded.tomcat.TomcatServletWebServerFactory.getWebServer(TomcatServletWebServerFactory.java:203)
	at org.springframework.boot.web.servlet.context.ServletWebServerApplicationContext.createWebServer(ServletWebServerApplicationContext.java:188)
	at org.springframework.boot.web.servlet.context.ServletWebServerApplicationContext.onRefresh(ServletWebServerApplicationContext.java:162)
	at org.springframework.context.support.AbstractApplicationContext.refresh(AbstractApplicationContext.java:618)
	at org.springframework.boot.web.servlet.context.ServletWebServerApplicationContext.refresh(ServletWebServerApplicationContext.java:146)
	at org.springframework.boot.SpringApplication.refresh(SpringApplication.java:754)
	at org.springframework.boot.SpringApplication.refreshContext(SpringApplication.java:456)
	at org.springframework.boot.SpringApplication.run(SpringApplication.java:335)
	at org.springframework.boot.SpringApplication.run(SpringApplication.java:1363)
	at org.springframework.boot.SpringApplication.run(SpringApplication.java:1352)
	at com.marsol.sync.MainClass.main(MainClass.java:19)
15:23:58.528 DEBUG o.a.tomcat.util.compat.Jre21Compat - Class not found so assuming code is running on a pre-Java 21 JVM
java.lang.ClassNotFoundException: java.lang.Thread$Builder
	at java.base/jdk.internal.loader.BuiltinClassLoader.loadClass(BuiltinClassLoader.java:641)
	at java.base/jdk.internal.loader.ClassLoaders$AppClassLoader.loadClass(ClassLoaders.java:188)
	at java.base/java.lang.ClassLoader.loadClass(ClassLoader.java:525)
	at java.base/java.lang.Class.forName0(Native Method)
	at java.base/java.lang.Class.forName(Class.java:375)
	at org.apache.tomcat.util.compat.Jre21Compat.<clinit>(Jre21Compat.java:43)
	at org.apache.tomcat.util.compat.JreCompat.<clinit>(JreCompat.java:55)
	at org.apache.catalina.startup.Tomcat.<clinit>(Tomcat.java:1193)
	at org.springframework.boot.web.embedded.tomcat.TomcatServletWebServerFactory.getWebServer(TomcatServletWebServerFactory.java:203)
	at org.springframework.boot.web.servlet.context.ServletWebServerApplicationContext.createWebServer(ServletWebServerApplicationContext.java:188)
	at org.springframework.boot.web.servlet.context.ServletWebServerApplicationContext.onRefresh(ServletWebServerApplicationContext.java:162)
	at org.springframework.context.support.AbstractApplicationContext.refresh(AbstractApplicationContext.java:618)
	at org.springframework.boot.web.servlet.context.ServletWebServerApplicationContext.refresh(ServletWebServerApplicationContext.java:146)
	at org.springframework.boot.SpringApplication.refresh(SpringApplication.java:754)
	at org.springframework.boot.SpringApplication.refreshContext(SpringApplication.java:456)
	at org.springframework.boot.SpringApplication.run(SpringApplication.java:335)
	at org.springframework.boot.SpringApplication.run(SpringApplication.java:1363)
	at org.springframework.boot.SpringApplication.run(SpringApplication.java:1352)
	at com.marsol.sync.MainClass.main(MainClass.java:19)
15:23:58.529 DEBUG o.a.tomcat.util.compat.Jre22Compat - Class not found so assuming code is running on a pre-Java 22 JVM
java.lang.ClassNotFoundException: java.text.ListFormat
	at java.base/jdk.internal.loader.BuiltinClassLoader.loadClass(BuiltinClassLoader.java:641)
	at java.base/jdk.internal.loader.ClassLoaders$AppClassLoader.loadClass(ClassLoaders.java:188)
	at java.base/java.lang.ClassLoader.loadClass(ClassLoader.java:525)
	at java.base/java.lang.Class.forName0(Native Method)
	at java.base/java.lang.Class.forName(Class.java:375)
	at org.apache.tomcat.util.compat.Jre22Compat.<clinit>(Jre22Compat.java:37)
	at org.apache.tomcat.util.compat.JreCompat.<clinit>(JreCompat.java:55)
	at org.apache.catalina.startup.Tomcat.<clinit>(Tomcat.java:1193)
	at org.springframework.boot.web.embedded.tomcat.TomcatServletWebServerFactory.getWebServer(TomcatServletWebServerFactory.java:203)
	at org.springframework.boot.web.servlet.context.ServletWebServerApplicationContext.createWebServer(ServletWebServerApplicationContext.java:188)
	at org.springframework.boot.web.servlet.context.ServletWebServerApplicationContext.onRefresh(ServletWebServerApplicationContext.java:162)
	at org.springframework.context.support.AbstractApplicationContext.refresh(AbstractApplicationContext.java:618)
	at org.springframework.boot.web.servlet.context.ServletWebServerApplicationContext.refresh(ServletWebServerApplicationContext.java:146)
	at org.springframework.boot.SpringApplication.refresh(SpringApplication.java:754)
	at org.springframework.boot.SpringApplication.refreshContext(SpringApplication.java:456)
	at org.springframework.boot.SpringApplication.run(SpringApplication.java:335)
	at org.springframework.boot.SpringApplication.run(SpringApplication.java:1363)
	at org.springframework.boot.SpringApplication.run(SpringApplication.java:1352)
	at com.marsol.sync.MainClass.main(MainClass.java:19)
15:23:58.667 DEBUG o.a.tomcat.util.IntrospectionUtils - IntrospectionUtils: setProperty(class org.apache.coyote.http11.Http11NioProtocol port=8001)
15:23:58.715 DEBUG o.apache.catalina.core.ContainerBase - Add container child [StandardHost[localhost]] to container [StandardEngine[Tomcat]]
15:23:58.757 DEBUG o.apache.catalina.core.ContainerBase - Add container child [TomcatEmbeddedContext[]] to container [StandardEngine[Tomcat].StandardHost[localhost]]
15:23:58.764 DEBUG o.apache.tomcat.util.net.NioEndpoint - [bindOnInit] is [null]
15:23:58.764 DEBUG o.a.tomcat.util.IntrospectionUtils - IntrospectionUtils: setProperty(class org.apache.coyote.http11.Http11NioProtocol bindOnInit=false)
15:23:58.764 DEBUG o.apache.tomcat.util.net.NioEndpoint - Set [bindOnInit] to [false]
15:23:58.765 DEBUG o.a.tomcat.util.IntrospectionUtils - IntrospectionUtils: setProperty(class org.apache.tomcat.util.net.NioEndpoint bindOnInit=false)
15:23:58.768 DEBUG o.apache.catalina.util.LifecycleBase - Setting state for [StandardServer[-1]] to [INITIALIZING]
15:23:58.774 DEBUG o.apache.catalina.util.LifecycleBase - Setting state for [org.apache.catalina.deploy.NamingResourcesImpl@1e58512c] to [INITIALIZING]
15:23:58.775 DEBUG o.apache.catalina.util.LifecycleBase - Setting state for [org.apache.catalina.deploy.NamingResourcesImpl@1e58512c] to [INITIALIZED]
15:23:58.775 DEBUG o.apache.catalina.util.LifecycleBase - Setting state for [StandardService[Tomcat]] to [INITIALIZING]
15:23:58.776 DEBUG o.apache.catalina.util.LifecycleBase - Setting state for [StandardEngine[Tomcat]] to [INITIALIZING]
15:23:58.776 DEBUG o.apache.catalina.util.LifecycleBase - Setting state for [StandardEngine[Tomcat]] to [INITIALIZED]
15:23:58.776 DEBUG o.apache.catalina.util.LifecycleBase - Setting state for [org.apache.catalina.core.StandardThreadExecutor@210308d5] to [INITIALIZING]
15:23:58.777 DEBUG o.apache.catalina.util.LifecycleBase - Setting state for [org.apache.catalina.core.StandardThreadExecutor@210308d5] to [INITIALIZED]
15:23:58.777 DEBUG o.apache.catalina.util.LifecycleBase - Setting state for [org.apache.catalina.mapper.MapperListener@22a736d7] to [INITIALIZING]
15:23:58.777 DEBUG o.apache.catalina.util.LifecycleBase - Setting state for [org.apache.catalina.mapper.MapperListener@22a736d7] to [INITIALIZED]
15:23:58.778 DEBUG o.apache.catalina.util.LifecycleBase - Setting state for [Connector["http-nio-8001"]] to [INITIALIZING]
15:23:58.784 INFO  o.a.coyote.http11.Http11NioProtocol - Initializing ProtocolHandler ["http-nio-8001"]
15:23:58.785 DEBUG o.apache.catalina.util.LifecycleBase - Setting state for [Connector["http-nio-8001"]] to [INITIALIZED]
15:23:58.793 DEBUG o.apache.catalina.util.LifecycleBase - Setting state for [StandardService[Tomcat]] to [INITIALIZED]
15:23:58.793 DEBUG o.apache.catalina.util.LifecycleBase - Setting state for [StandardServer[-1]] to [INITIALIZED]
15:23:58.794 DEBUG o.apache.catalina.util.LifecycleBase - Setting state for [StandardServer[-1]] to [STARTING_PREP]
15:23:58.794 DEBUG o.apache.catalina.util.LifecycleBase - Setting state for [StandardServer[-1]] to [STARTING]
15:23:58.797 DEBUG o.apache.catalina.util.LifecycleBase - Setting state for [org.apache.catalina.deploy.NamingResourcesImpl@1e58512c] to [STARTING_PREP]
15:23:58.798 DEBUG o.apache.catalina.util.LifecycleBase - Setting state for [org.apache.catalina.deploy.NamingResourcesImpl@1e58512c] to [STARTING]
15:23:58.798 DEBUG o.apache.catalina.util.LifecycleBase - Setting state for [org.apache.catalina.deploy.NamingResourcesImpl@1e58512c] to [STARTED]
15:23:58.798 DEBUG o.apache.catalina.util.LifecycleBase - Setting state for [StandardService[Tomcat]] to [STARTING_PREP]
15:23:58.798 INFO  o.a.catalina.core.StandardService - Starting service [Tomcat]
15:23:58.799 DEBUG o.apache.catalina.util.LifecycleBase - Setting state for [StandardService[Tomcat]] to [STARTING]
15:23:58.799 DEBUG o.apache.catalina.util.LifecycleBase - Setting state for [StandardEngine[Tomcat]] to [STARTING_PREP]
15:23:58.799 INFO  o.a.catalina.core.StandardEngine - Starting Servlet engine: [Apache Tomcat/10.1.24]
15:23:58.801 DEBUG o.apache.catalina.util.LifecycleBase - Setting state for [SimpleRealm[StandardEngine[Tomcat]]] to [INITIALIZING]
15:23:58.802 DEBUG o.apache.catalina.util.LifecycleBase - Setting state for [SimpleRealm[StandardEngine[Tomcat]]] to [INITIALIZED]
15:23:58.803 DEBUG o.apache.catalina.util.LifecycleBase - Setting state for [SimpleRealm[StandardEngine[Tomcat]]] to [STARTING_PREP]
15:23:58.803 DEBUG o.apache.catalina.util.LifecycleBase - Setting state for [SimpleRealm[StandardEngine[Tomcat]]] to [STARTING]
15:23:58.804 DEBUG o.apache.catalina.util.LifecycleBase - Setting state for [SimpleRealm[StandardEngine[Tomcat]]] to [STARTED]
15:23:58.805 DEBUG o.apache.catalina.util.LifecycleBase - Setting state for [StandardEngine[Tomcat].StandardHost[localhost]] to [INITIALIZING]
15:23:58.805 DEBUG o.apache.catalina.util.LifecycleBase - Setting state for [StandardEngine[Tomcat].StandardHost[localhost]] to [INITIALIZED]
15:23:58.805 DEBUG o.apache.catalina.util.LifecycleBase - Setting state for [StandardEngine[Tomcat].StandardHost[localhost]] to [STARTING_PREP]
15:23:58.806 DEBUG o.apache.catalina.util.LifecycleBase - Setting state for [StandardEngine[Tomcat].StandardHost[localhost].TomcatEmbeddedContext[]] to [INITIALIZING]
15:23:58.806 DEBUG o.apache.catalina.util.LifecycleBase - Setting state for [StandardEngine[Tomcat].StandardHost[localhost].TomcatEmbeddedContext[]] to [INITIALIZED]
15:23:58.806 DEBUG o.apache.catalina.util.LifecycleBase - Setting state for [StandardEngine[Tomcat].StandardHost[localhost].TomcatEmbeddedContext[]] to [STARTING_PREP]
15:23:58.808 DEBUG o.a.catalina.core.StandardContext - Starting ROOT
15:23:58.822 DEBUG o.a.catalina.core.StandardContext - Configuring default Resources
15:23:58.829 DEBUG o.apache.catalina.util.LifecycleBase - Setting state for [org.apache.catalina.webresources.StandardRoot@a9f023e] to [INITIALIZING]
15:23:58.832 DEBUG o.apache.catalina.util.LifecycleBase - Setting state for [org.apache.catalina.webresources.StandardRoot@a9f023e] to [INITIALIZED]
15:23:58.832 DEBUG o.apache.catalina.util.LifecycleBase - Setting state for [org.apache.catalina.webresources.StandardRoot@a9f023e] to [STARTING_PREP]
15:23:58.836 DEBUG o.apache.catalina.util.LifecycleBase - Setting state for [org.apache.catalina.webresources.DirResourceSet@7ceb4478] to [INITIALIZING]
15:23:58.837 DEBUG o.apache.catalina.util.LifecycleBase - Setting state for [org.apache.catalina.webresources.DirResourceSet@7ceb4478] to [INITIALIZED]
15:23:58.838 DEBUG o.apache.catalina.util.LifecycleBase - Setting state for [org.apache.catalina.webresources.DirResourceSet@7ceb4478] to [STARTING_PREP]
15:23:58.838 DEBUG o.apache.catalina.util.LifecycleBase - Setting state for [org.apache.catalina.webresources.DirResourceSet@7ceb4478] to [STARTING]
15:23:58.838 DEBUG o.apache.catalina.util.LifecycleBase - Setting state for [org.apache.catalina.webresources.DirResourceSet@7ceb4478] to [STARTED]
15:23:58.838 DEBUG o.apache.catalina.util.LifecycleBase - Setting state for [org.apache.catalina.webresources.StandardRoot@a9f023e] to [STARTING]
15:23:58.838 DEBUG o.apache.catalina.util.LifecycleBase - Setting state for [org.apache.catalina.webresources.StandardRoot@a9f023e] to [STARTED]
15:23:58.839 DEBUG o.a.catalina.core.StandardContext - Processing standard container startup
15:23:58.839 DEBUG o.apache.catalina.util.LifecycleBase - Setting state for [WebappLoader[StandardEngine[Tomcat].StandardHost[localhost].TomcatEmbeddedContext[]]] to [INITIALIZING]
15:23:58.839 DEBUG o.apache.catalina.util.LifecycleBase - Setting state for [WebappLoader[StandardEngine[Tomcat].StandardHost[localhost].TomcatEmbeddedContext[]]] to [INITIALIZED]
15:23:58.839 DEBUG o.apache.catalina.util.LifecycleBase - Setting state for [WebappLoader[StandardEngine[Tomcat].StandardHost[localhost].TomcatEmbeddedContext[]]] to [STARTING_PREP]
15:23:58.839 DEBUG o.a.catalina.loader.WebappLoader - Starting this Loader
15:23:58.849 DEBUG o.apache.catalina.util.LifecycleBase - Setting state for [WebappLoader[StandardEngine[Tomcat].StandardHost[localhost].TomcatEmbeddedContext[]]] to [STARTING]
15:23:58.849 DEBUG o.apache.catalina.util.LifecycleBase - Setting state for [WebappLoader[StandardEngine[Tomcat].StandardHost[localhost].TomcatEmbeddedContext[]]] to [STARTED]
15:23:58.880 DEBUG o.apache.catalina.util.LifecycleBase - Setting state for [StandardPipeline[StandardEngine[Tomcat].StandardHost[localhost].TomcatEmbeddedContext[]]] to [INITIALIZING]
15:23:58.880 DEBUG o.apache.catalina.util.LifecycleBase - Setting state for [StandardPipeline[StandardEngine[Tomcat].StandardHost[localhost].TomcatEmbeddedContext[]]] to [INITIALIZED]
15:23:58.881 DEBUG o.apache.catalina.util.LifecycleBase - Setting state for [StandardPipeline[StandardEngine[Tomcat].StandardHost[localhost].TomcatEmbeddedContext[]]] to [STARTING_PREP]
15:23:58.881 DEBUG o.apache.catalina.util.LifecycleBase - Setting state for [NonLoginAuthenticator[StandardEngine[Tomcat].StandardHost[localhost].TomcatEmbeddedContext[]]] to [INITIALIZING]
15:23:58.881 DEBUG o.apache.catalina.util.LifecycleBase - Setting state for [NonLoginAuthenticator[StandardEngine[Tomcat].StandardHost[localhost].TomcatEmbeddedContext[]]] to [INITIALIZED]
15:23:58.881 DEBUG o.apache.catalina.util.LifecycleBase - Setting state for [NonLoginAuthenticator[StandardEngine[Tomcat].StandardHost[localhost].TomcatEmbeddedContext[]]] to [STARTING_PREP]
15:23:58.883 DEBUG o.a.c.a.AuthenticatorBase - No SingleSignOn Valve is present
15:23:58.884 DEBUG o.apache.catalina.util.LifecycleBase - Setting state for [NonLoginAuthenticator[StandardEngine[Tomcat].StandardHost[localhost].TomcatEmbeddedContext[]]] to [STARTING]
15:23:58.884 DEBUG o.apache.catalina.util.LifecycleBase - Setting state for [NonLoginAuthenticator[StandardEngine[Tomcat].StandardHost[localhost].TomcatEmbeddedContext[]]] to [STARTED]
15:23:58.884 DEBUG o.apache.catalina.util.LifecycleBase - Setting state for [StandardContextValve[StandardEngine[Tomcat].StandardHost[localhost].TomcatEmbeddedContext[]]] to [INITIALIZING]
15:23:58.884 DEBUG o.apache.catalina.util.LifecycleBase - Setting state for [StandardContextValve[StandardEngine[Tomcat].StandardHost[localhost].TomcatEmbeddedContext[]]] to [INITIALIZED]
15:23:58.885 DEBUG o.apache.catalina.util.LifecycleBase - Setting state for [StandardContextValve[StandardEngine[Tomcat].StandardHost[localhost].TomcatEmbeddedContext[]]] to [STARTING_PREP]
15:23:58.885 DEBUG o.apache.catalina.util.LifecycleBase - Setting state for [StandardContextValve[StandardEngine[Tomcat].StandardHost[localhost].TomcatEmbeddedContext[]]] to [STARTING]
15:23:58.885 DEBUG o.apache.catalina.util.LifecycleBase - Setting state for [StandardContextValve[StandardEngine[Tomcat].StandardHost[localhost].TomcatEmbeddedContext[]]] to [STARTED]
15:23:58.885 DEBUG o.apache.catalina.util.LifecycleBase - Setting state for [StandardPipeline[StandardEngine[Tomcat].StandardHost[localhost].TomcatEmbeddedContext[]]] to [STARTING]
15:23:58.885 DEBUG o.apache.catalina.util.LifecycleBase - Setting state for [StandardPipeline[StandardEngine[Tomcat].StandardHost[localhost].TomcatEmbeddedContext[]]] to [STARTED]
15:23:58.886 DEBUG o.a.catalina.core.StandardContext - No manager found. Checking if cluster manager should be used. Cluster configured: [false], Application distributable: [false]
15:23:58.894 DEBUG o.a.catalina.core.StandardContext - Configured a manager of class [org.apache.catalina.session.StandardManager]
15:23:58.894 DEBUG o.apache.catalina.util.LifecycleBase - Setting state for [org.apache.catalina.deploy.NamingResourcesImpl@74ea46e2] to [INITIALIZING]
15:23:58.895 DEBUG o.apache.catalina.util.LifecycleBase - Setting state for [org.apache.catalina.deploy.NamingResourcesImpl@74ea46e2] to [INITIALIZED]
15:23:58.895 DEBUG o.apache.catalina.util.LifecycleBase - Setting state for [org.apache.catalina.deploy.NamingResourcesImpl@74ea46e2] to [STARTING_PREP]
15:23:58.895 DEBUG o.apache.catalina.util.LifecycleBase - Setting state for [org.apache.catalina.deploy.NamingResourcesImpl@74ea46e2] to [STARTING]
15:23:58.895 DEBUG o.apache.catalina.util.LifecycleBase - Setting state for [org.apache.catalina.deploy.NamingResourcesImpl@74ea46e2] to [STARTED]
15:23:58.906 INFO  o.a.c.c.C.[Tomcat].[localhost].[/] - Initializing Spring embedded WebApplicationContext
15:23:58.929 DEBUG o.apache.catalina.core.ContainerBase - Add container child [StandardWrapper[dispatcherServlet]] to container [StandardEngine[Tomcat].StandardHost[localhost].TomcatEmbeddedContext[]]
15:23:58.930 DEBUG o.apache.catalina.util.LifecycleBase - Setting state for [StandardEngine[Tomcat].StandardHost[localhost].TomcatEmbeddedContext[].StandardWrapper[dispatcherServlet]] to [INITIALIZING]
15:23:58.931 DEBUG o.apache.catalina.util.LifecycleBase - Setting state for [StandardEngine[Tomcat].StandardHost[localhost].TomcatEmbeddedContext[].StandardWrapper[dispatcherServlet]] to [INITIALIZED]
15:23:58.931 DEBUG o.apache.catalina.util.LifecycleBase - Setting state for [StandardEngine[Tomcat].StandardHost[localhost].TomcatEmbeddedContext[].StandardWrapper[dispatcherServlet]] to [STARTING_PREP]
15:23:58.932 DEBUG o.apache.catalina.util.LifecycleBase - Setting state for [StandardPipeline[StandardEngine[Tomcat].StandardHost[localhost].TomcatEmbeddedContext[].StandardWrapper[dispatcherServlet]]] to [INITIALIZING]
15:23:58.932 DEBUG o.apache.catalina.util.LifecycleBase - Setting state for [StandardPipeline[StandardEngine[Tomcat].StandardHost[localhost].TomcatEmbeddedContext[].StandardWrapper[dispatcherServlet]]] to [INITIALIZED]
15:23:58.932 DEBUG o.apache.catalina.util.LifecycleBase - Setting state for [StandardPipeline[StandardEngine[Tomcat].StandardHost[localhost].TomcatEmbeddedContext[].StandardWrapper[dispatcherServlet]]] to [STARTING_PREP]
15:23:58.933 DEBUG o.apache.catalina.util.LifecycleBase - Setting state for [StandardWrapperValve[StandardEngine[Tomcat].StandardHost[localhost].TomcatEmbeddedContext[].StandardWrapper[dispatcherServlet]]] to [INITIALIZING]
15:23:58.933 DEBUG o.apache.catalina.util.LifecycleBase - Setting state for [StandardWrapperValve[StandardEngine[Tomcat].StandardHost[localhost].TomcatEmbeddedContext[].StandardWrapper[dispatcherServlet]]] to [INITIALIZED]
15:23:58.933 DEBUG o.apache.catalina.util.LifecycleBase - Setting state for [StandardWrapperValve[StandardEngine[Tomcat].StandardHost[localhost].TomcatEmbeddedContext[].StandardWrapper[dispatcherServlet]]] to [STARTING_PREP]
15:23:58.934 DEBUG o.apache.catalina.util.LifecycleBase - Setting state for [StandardWrapperValve[StandardEngine[Tomcat].StandardHost[localhost].TomcatEmbeddedContext[].StandardWrapper[dispatcherServlet]]] to [STARTING]
15:23:58.934 DEBUG o.apache.catalina.util.LifecycleBase - Setting state for [StandardWrapperValve[StandardEngine[Tomcat].StandardHost[localhost].TomcatEmbeddedContext[].StandardWrapper[dispatcherServlet]]] to [STARTED]
15:23:58.935 DEBUG o.apache.catalina.util.LifecycleBase - Setting state for [StandardPipeline[StandardEngine[Tomcat].StandardHost[localhost].TomcatEmbeddedContext[].StandardWrapper[dispatcherServlet]]] to [STARTING]
15:23:58.935 DEBUG o.apache.catalina.util.LifecycleBase - Setting state for [StandardPipeline[StandardEngine[Tomcat].StandardHost[localhost].TomcatEmbeddedContext[].StandardWrapper[dispatcherServlet]]] to [STARTED]
15:23:58.936 DEBUG o.apache.catalina.util.LifecycleBase - Setting state for [StandardEngine[Tomcat].StandardHost[localhost].TomcatEmbeddedContext[].StandardWrapper[dispatcherServlet]] to [STARTING]
15:23:58.936 DEBUG o.apache.catalina.util.LifecycleBase - Setting state for [StandardEngine[Tomcat].StandardHost[localhost].TomcatEmbeddedContext[].StandardWrapper[dispatcherServlet]] to [STARTED]
15:23:58.968 DEBUG o.a.catalina.core.StandardContext - Configuring application event listeners
15:23:58.968 DEBUG o.a.c.c.C.[Tomcat].[localhost].[/] - Sending application start events
15:23:58.975 DEBUG o.apache.catalina.util.LifecycleBase - Setting state for [StandardManager[StandardEngine[Tomcat].StandardHost[localhost].TomcatEmbeddedContext[]]] to [INITIALIZING]
15:23:58.976 DEBUG o.apache.catalina.util.LifecycleBase - Setting state for [StandardManager[StandardEngine[Tomcat].StandardHost[localhost].TomcatEmbeddedContext[]]] to [INITIALIZED]
15:23:58.977 DEBUG o.apache.catalina.util.LifecycleBase - Setting state for [StandardManager[StandardEngine[Tomcat].StandardHost[localhost].TomcatEmbeddedContext[]]] to [STARTING_PREP]
15:23:58.978 DEBUG o.apache.catalina.util.LifecycleBase - Setting state for [org.springframework.boot.web.embedded.tomcat.LazySessionIdGenerator@7e0bc8a3] to [INITIALIZING]
15:23:58.978 DEBUG o.apache.catalina.util.LifecycleBase - Setting state for [org.springframework.boot.web.embedded.tomcat.LazySessionIdGenerator@7e0bc8a3] to [INITIALIZED]
15:23:58.979 DEBUG o.apache.catalina.util.LifecycleBase - Setting state for [org.springframework.boot.web.embedded.tomcat.LazySessionIdGenerator@7e0bc8a3] to [STARTING_PREP]
15:23:58.979 DEBUG o.apache.catalina.util.LifecycleBase - Setting state for [org.springframework.boot.web.embedded.tomcat.LazySessionIdGenerator@7e0bc8a3] to [STARTING]
15:23:58.980 DEBUG o.apache.catalina.util.LifecycleBase - Setting state for [org.springframework.boot.web.embedded.tomcat.LazySessionIdGenerator@7e0bc8a3] to [STARTED]
15:23:58.980 DEBUG o.a.catalina.session.StandardManager - Start: Loading persisted sessions
15:23:58.980 DEBUG o.apache.catalina.util.LifecycleBase - Setting state for [StandardManager[StandardEngine[Tomcat].StandardHost[localhost].TomcatEmbeddedContext[]]] to [STARTING]
15:23:58.981 DEBUG o.apache.catalina.util.LifecycleBase - Setting state for [StandardManager[StandardEngine[Tomcat].StandardHost[localhost].TomcatEmbeddedContext[]]] to [STARTED]
15:23:58.981 DEBUG o.a.c.c.C.[Tomcat].[localhost].[/] - Starting filters
15:23:58.982 DEBUG o.a.c.c.C.[Tomcat].[localhost].[/] -  Starting filter 'requestContextFilter'
15:23:58.997 DEBUG o.a.c.c.C.[Tomcat].[localhost].[/] -  Starting filter 'Tomcat WebSocket (JSR356) Filter'
15:23:58.998 DEBUG o.a.c.c.C.[Tomcat].[localhost].[/] -  Starting filter 'characterEncodingFilter'
15:23:58.998 DEBUG o.a.c.c.C.[Tomcat].[localhost].[/] -  Starting filter 'formContentFilter'
15:23:58.999 DEBUG o.a.catalina.core.StandardContext - Starting completed
15:23:59.000 DEBUG o.apache.catalina.util.LifecycleBase - Setting state for [StandardEngine[Tomcat].StandardHost[localhost].TomcatEmbeddedContext[]] to [STARTING]
15:23:59.001 DEBUG o.apache.catalina.util.LifecycleBase - Setting state for [StandardEngine[Tomcat].StandardHost[localhost].TomcatEmbeddedContext[]] to [STARTED]
15:23:59.002 DEBUG o.apache.catalina.util.LifecycleBase - Setting state for [StandardPipeline[StandardEngine[Tomcat].StandardHost[localhost]]] to [INITIALIZING]
15:23:59.003 DEBUG o.apache.catalina.util.LifecycleBase - Setting state for [StandardPipeline[StandardEngine[Tomcat].StandardHost[localhost]]] to [INITIALIZED]
15:23:59.003 DEBUG o.apache.catalina.util.LifecycleBase - Setting state for [StandardPipeline[StandardEngine[Tomcat].StandardHost[localhost]]] to [STARTING_PREP]
15:23:59.004 DEBUG o.apache.catalina.util.LifecycleBase - Setting state for [ErrorReportValve[StandardEngine[Tomcat].StandardHost[localhost]]] to [INITIALIZING]
15:23:59.004 DEBUG o.apache.catalina.util.LifecycleBase - Setting state for [ErrorReportValve[StandardEngine[Tomcat].StandardHost[localhost]]] to [INITIALIZED]
15:23:59.004 DEBUG o.apache.catalina.util.LifecycleBase - Setting state for [ErrorReportValve[StandardEngine[Tomcat].StandardHost[localhost]]] to [STARTING_PREP]
15:23:59.005 DEBUG o.apache.catalina.util.LifecycleBase - Setting state for [ErrorReportValve[StandardEngine[Tomcat].StandardHost[localhost]]] to [STARTING]
15:23:59.005 DEBUG o.apache.catalina.util.LifecycleBase - Setting state for [ErrorReportValve[StandardEngine[Tomcat].StandardHost[localhost]]] to [STARTED]
15:23:59.006 DEBUG o.apache.catalina.util.LifecycleBase - Setting state for [StandardHostValve[StandardEngine[Tomcat].StandardHost[localhost]]] to [INITIALIZING]
15:23:59.007 DEBUG o.apache.catalina.util.LifecycleBase - Setting state for [StandardHostValve[StandardEngine[Tomcat].StandardHost[localhost]]] to [INITIALIZED]
15:23:59.008 DEBUG o.apache.catalina.util.LifecycleBase - Setting state for [StandardHostValve[StandardEngine[Tomcat].StandardHost[localhost]]] to [STARTING_PREP]
15:23:59.008 DEBUG o.apache.catalina.util.LifecycleBase - Setting state for [StandardHostValve[StandardEngine[Tomcat].StandardHost[localhost]]] to [STARTING]
15:23:59.008 DEBUG o.apache.catalina.util.LifecycleBase - Setting state for [StandardHostValve[StandardEngine[Tomcat].StandardHost[localhost]]] to [STARTED]
15:23:59.009 DEBUG o.apache.catalina.util.LifecycleBase - Setting state for [StandardPipeline[StandardEngine[Tomcat].StandardHost[localhost]]] to [STARTING]
15:23:59.010 DEBUG o.apache.catalina.util.LifecycleBase - Setting state for [StandardPipeline[StandardEngine[Tomcat].StandardHost[localhost]]] to [STARTED]
15:23:59.010 DEBUG o.apache.catalina.util.LifecycleBase - Setting state for [StandardEngine[Tomcat].StandardHost[localhost]] to [STARTING]
15:23:59.011 DEBUG o.apache.catalina.util.LifecycleBase - Setting state for [StandardEngine[Tomcat].StandardHost[localhost]] to [STARTED]
15:23:59.011 DEBUG o.apache.catalina.util.LifecycleBase - Setting state for [StandardPipeline[StandardEngine[Tomcat]]] to [INITIALIZING]
15:23:59.011 DEBUG o.apache.catalina.util.LifecycleBase - Setting state for [StandardPipeline[StandardEngine[Tomcat]]] to [INITIALIZED]
15:23:59.012 DEBUG o.apache.catalina.util.LifecycleBase - Setting state for [StandardPipeline[StandardEngine[Tomcat]]] to [STARTING_PREP]
15:23:59.012 DEBUG o.apache.catalina.util.LifecycleBase - Setting state for [StandardEngineValve[StandardEngine[Tomcat]]] to [INITIALIZING]
15:23:59.013 DEBUG o.apache.catalina.util.LifecycleBase - Setting state for [StandardEngineValve[StandardEngine[Tomcat]]] to [INITIALIZED]
15:23:59.013 DEBUG o.apache.catalina.util.LifecycleBase - Setting state for [StandardEngineValve[StandardEngine[Tomcat]]] to [STARTING_PREP]
15:23:59.013 DEBUG o.apache.catalina.util.LifecycleBase - Setting state for [StandardEngineValve[StandardEngine[Tomcat]]] to [STARTING]
15:23:59.014 DEBUG o.apache.catalina.util.LifecycleBase - Setting state for [StandardEngineValve[StandardEngine[Tomcat]]] to [STARTED]
15:23:59.014 DEBUG o.apache.catalina.util.LifecycleBase - Setting state for [StandardPipeline[StandardEngine[Tomcat]]] to [STARTING]
15:23:59.014 DEBUG o.apache.catalina.util.LifecycleBase - Setting state for [StandardPipeline[StandardEngine[Tomcat]]] to [STARTED]
15:23:59.015 DEBUG o.apache.catalina.util.LifecycleBase - Setting state for [StandardEngine[Tomcat]] to [STARTING]
15:23:59.018 DEBUG o.apache.catalina.util.LifecycleBase - Setting state for [StandardEngine[Tomcat]] to [STARTED]
15:23:59.019 DEBUG o.apache.catalina.util.LifecycleBase - Setting state for [org.apache.catalina.core.StandardThreadExecutor@210308d5] to [STARTING_PREP]
15:23:59.026 DEBUG o.apache.catalina.util.LifecycleBase - Setting state for [org.apache.catalina.core.StandardThreadExecutor@210308d5] to [STARTING]
15:23:59.027 DEBUG o.apache.catalina.util.LifecycleBase - Setting state for [org.apache.catalina.core.StandardThreadExecutor@210308d5] to [STARTED]
15:23:59.027 DEBUG o.apache.catalina.util.LifecycleBase - Setting state for [org.apache.catalina.mapper.MapperListener@22a736d7] to [STARTING_PREP]
15:23:59.027 DEBUG o.apache.catalina.util.LifecycleBase - Setting state for [org.apache.catalina.mapper.MapperListener@22a736d7] to [STARTING]
15:23:59.028 DEBUG org.apache.catalina.mapper.Mapper - Registered host [localhost]
15:23:59.030 DEBUG o.a.catalina.mapper.MapperListener - Register Wrapper [dispatcherServlet] in Context [] for service [StandardService[Tomcat]]
15:23:59.030 DEBUG o.a.catalina.mapper.MapperListener - Register Context [] for service [StandardService[Tomcat]]
15:23:59.030 DEBUG o.a.catalina.mapper.MapperListener - Register host [localhost] at domain [null] for service [StandardService[Tomcat]]
15:23:59.031 DEBUG o.apache.catalina.util.LifecycleBase - Setting state for [org.apache.catalina.mapper.MapperListener@22a736d7] to [STARTED]
15:23:59.031 DEBUG o.apache.catalina.util.LifecycleBase - Setting state for [StandardService[Tomcat]] to [STARTED]
15:23:59.031 DEBUG o.apache.catalina.util.LifecycleBase - Setting state for [StandardServer[-1]] to [STARTED]
15:23:59.353 DEBUG o.apache.catalina.util.LifecycleBase - Setting state for [StandardServer[-1]] to [STOPPING_PREP]
15:23:59.353 DEBUG o.apache.catalina.util.LifecycleBase - Setting state for [StandardServer[-1]] to [STOPPING]
15:23:59.353 DEBUG o.apache.catalina.util.LifecycleBase - Setting state for [StandardService[Tomcat]] to [STOPPING_PREP]
15:23:59.354 INFO  o.a.catalina.core.StandardService - Stopping service [Tomcat]
15:23:59.354 DEBUG o.apache.catalina.util.LifecycleBase - Setting state for [StandardService[Tomcat]] to [STOPPING]
15:23:59.354 DEBUG o.apache.catalina.util.LifecycleBase - Setting state for [StandardEngine[Tomcat]] to [STOPPING_PREP]
15:23:59.354 DEBUG o.apache.catalina.util.LifecycleBase - Setting state for [StandardEngine[Tomcat]] to [STOPPING]
15:23:59.354 DEBUG o.apache.catalina.util.LifecycleBase - Setting state for [StandardPipeline[StandardEngine[Tomcat]]] to [STOPPING_PREP]
15:23:59.354 DEBUG o.apache.catalina.util.LifecycleBase - Setting state for [StandardPipeline[StandardEngine[Tomcat]]] to [STOPPING]
15:23:59.354 DEBUG o.apache.catalina.util.LifecycleBase - Setting state for [StandardEngineValve[StandardEngine[Tomcat]]] to [STOPPING_PREP]
15:23:59.354 DEBUG o.apache.catalina.util.LifecycleBase - Setting state for [StandardEngineValve[StandardEngine[Tomcat]]] to [STOPPING]
15:23:59.354 DEBUG o.apache.catalina.util.LifecycleBase - Setting state for [StandardEngineValve[StandardEngine[Tomcat]]] to [STOPPED]
15:23:59.355 DEBUG o.apache.catalina.util.LifecycleBase - Setting state for [StandardPipeline[StandardEngine[Tomcat]]] to [STOPPED]
15:23:59.355 DEBUG o.apache.catalina.util.LifecycleBase - Setting state for [StandardEngine[Tomcat].StandardHost[localhost]] to [STOPPING_PREP]
15:23:59.356 DEBUG o.a.catalina.mapper.MapperListener - Unregister host [localhost] at domain [null] for service [StandardService[Tomcat]]
15:23:59.356 DEBUG o.apache.catalina.util.LifecycleBase - Setting state for [StandardEngine[Tomcat].StandardHost[localhost]] to [STOPPING]
15:23:59.356 DEBUG o.apache.catalina.util.LifecycleBase - Setting state for [StandardPipeline[StandardEngine[Tomcat].StandardHost[localhost]]] to [STOPPING_PREP]
15:23:59.357 DEBUG o.apache.catalina.util.LifecycleBase - Setting state for [StandardPipeline[StandardEngine[Tomcat].StandardHost[localhost]]] to [STOPPING]
15:23:59.357 DEBUG o.apache.catalina.util.LifecycleBase - Setting state for [ErrorReportValve[StandardEngine[Tomcat].StandardHost[localhost]]] to [STOPPING_PREP]
15:23:59.357 DEBUG o.apache.catalina.util.LifecycleBase - Setting state for [ErrorReportValve[StandardEngine[Tomcat].StandardHost[localhost]]] to [STOPPING]
15:23:59.357 DEBUG o.apache.catalina.util.LifecycleBase - Setting state for [ErrorReportValve[StandardEngine[Tomcat].StandardHost[localhost]]] to [STOPPED]
15:23:59.357 DEBUG o.apache.catalina.util.LifecycleBase - Setting state for [StandardHostValve[StandardEngine[Tomcat].StandardHost[localhost]]] to [STOPPING_PREP]
15:23:59.358 DEBUG o.apache.catalina.util.LifecycleBase - Setting state for [StandardHostValve[StandardEngine[Tomcat].StandardHost[localhost]]] to [STOPPING]
15:23:59.358 DEBUG o.apache.catalina.util.LifecycleBase - Setting state for [StandardHostValve[StandardEngine[Tomcat].StandardHost[localhost]]] to [STOPPED]
15:23:59.359 DEBUG o.apache.catalina.util.LifecycleBase - Setting state for [StandardPipeline[StandardEngine[Tomcat].StandardHost[localhost]]] to [STOPPED]
15:23:59.359 DEBUG o.apache.catalina.util.LifecycleBase - Setting state for [StandardEngine[Tomcat].StandardHost[localhost].TomcatEmbeddedContext[]] to [STOPPING_PREP]
15:23:59.359 DEBUG o.a.catalina.mapper.MapperListener - Unregister Context [] for service [StandardService[Tomcat]]
15:23:59.359 DEBUG o.apache.catalina.util.LifecycleBase - Setting state for [StandardEngine[Tomcat].StandardHost[localhost].TomcatEmbeddedContext[]] to [STOPPING]
15:23:59.359 DEBUG o.apache.catalina.util.LifecycleBase - Setting state for [StandardEngine[Tomcat].StandardHost[localhost].TomcatEmbeddedContext[].StandardWrapper[dispatcherServlet]] to [STOPPING_PREP]
15:23:59.360 DEBUG o.a.catalina.mapper.MapperListener - Unregister Wrapper [dispatcherServlet] in Context [] for service [StandardService[Tomcat]]
15:23:59.361 DEBUG o.apache.catalina.util.LifecycleBase - Setting state for [StandardEngine[Tomcat].StandardHost[localhost].TomcatEmbeddedContext[].StandardWrapper[dispatcherServlet]] to [STOPPING]
15:23:59.361 DEBUG o.apache.catalina.util.LifecycleBase - Setting state for [StandardPipeline[StandardEngine[Tomcat].StandardHost[localhost].TomcatEmbeddedContext[].StandardWrapper[dispatcherServlet]]] to [STOPPING_PREP]
15:23:59.361 DEBUG o.apache.catalina.util.LifecycleBase - Setting state for [StandardPipeline[StandardEngine[Tomcat].StandardHost[localhost].TomcatEmbeddedContext[].StandardWrapper[dispatcherServlet]]] to [STOPPING]
15:23:59.362 DEBUG o.apache.catalina.util.LifecycleBase - Setting state for [StandardWrapperValve[StandardEngine[Tomcat].StandardHost[localhost].TomcatEmbeddedContext[].StandardWrapper[dispatcherServlet]]] to [STOPPING_PREP]
15:23:59.362 DEBUG o.apache.catalina.util.LifecycleBase - Setting state for [StandardWrapperValve[StandardEngine[Tomcat].StandardHost[localhost].TomcatEmbeddedContext[].StandardWrapper[dispatcherServlet]]] to [STOPPING]
15:23:59.363 DEBUG o.apache.catalina.util.LifecycleBase - Setting state for [StandardWrapperValve[StandardEngine[Tomcat].StandardHost[localhost].TomcatEmbeddedContext[].StandardWrapper[dispatcherServlet]]] to [STOPPED]
15:23:59.363 DEBUG o.apache.catalina.util.LifecycleBase - Setting state for [StandardPipeline[StandardEngine[Tomcat].StandardHost[localhost].TomcatEmbeddedContext[].StandardWrapper[dispatcherServlet]]] to [STOPPED]
15:23:59.363 DEBUG o.apache.catalina.util.LifecycleBase - Setting state for [StandardEngine[Tomcat].StandardHost[localhost].TomcatEmbeddedContext[].StandardWrapper[dispatcherServlet]] to [STOPPED]
15:23:59.364 DEBUG o.a.c.c.C.[Tomcat].[localhost].[/] - Stopping filters
15:23:59.364 DEBUG o.a.c.c.C.[Tomcat].[localhost].[/] -  Stopping filter 'requestContextFilter'
15:23:59.364 DEBUG o.a.c.core.ApplicationFilterConfig - JMX de-registration complete for filter of type [org.springframework.boot.web.servlet.filter.OrderedRequestContextFilter] and name [requestContextFilter]
15:23:59.364 DEBUG o.a.c.c.C.[Tomcat].[localhost].[/] -  Stopping filter 'Tomcat WebSocket (JSR356) Filter'
15:23:59.364 DEBUG o.a.c.core.ApplicationFilterConfig - JMX de-registration complete for filter of type [org.apache.tomcat.websocket.server.WsFilter] and name [Tomcat WebSocket (JSR356) Filter]
15:23:59.365 DEBUG o.a.c.c.C.[Tomcat].[localhost].[/] -  Stopping filter 'characterEncodingFilter'
15:23:59.365 DEBUG o.a.c.core.ApplicationFilterConfig - JMX de-registration complete for filter of type [org.springframework.boot.web.servlet.filter.OrderedCharacterEncodingFilter] and name [characterEncodingFilter]
15:23:59.365 DEBUG o.a.c.c.C.[Tomcat].[localhost].[/] -  Stopping filter 'formContentFilter'
15:23:59.365 DEBUG o.a.c.core.ApplicationFilterConfig - JMX de-registration complete for filter of type [org.springframework.boot.web.servlet.filter.OrderedFormContentFilter] and name [formContentFilter]
15:23:59.365 DEBUG o.apache.catalina.util.LifecycleBase - Setting state for [StandardManager[StandardEngine[Tomcat].StandardHost[localhost].TomcatEmbeddedContext[]]] to [STOPPING_PREP]
15:23:59.366 DEBUG o.a.catalina.session.StandardManager - Stopping
15:23:59.366 DEBUG o.apache.catalina.util.LifecycleBase - Setting state for [StandardManager[StandardEngine[Tomcat].StandardHost[localhost].TomcatEmbeddedContext[]]] to [STOPPING]
15:23:59.366 DEBUG o.a.catalina.session.StandardManager - Unloading persisted sessions
15:23:59.366 DEBUG o.a.catalina.session.StandardManager - No persisted sessions to unload
15:23:59.367 DEBUG o.apache.catalina.util.LifecycleBase - Setting state for [org.springframework.boot.web.embedded.tomcat.LazySessionIdGenerator@7e0bc8a3] to [STOPPING_PREP]
15:23:59.367 DEBUG o.apache.catalina.util.LifecycleBase - Setting state for [org.springframework.boot.web.embedded.tomcat.LazySessionIdGenerator@7e0bc8a3] to [STOPPING]
15:23:59.368 DEBUG o.apache.catalina.util.LifecycleBase - Setting state for [org.springframework.boot.web.embedded.tomcat.LazySessionIdGenerator@7e0bc8a3] to [STOPPED]
15:23:59.368 DEBUG o.apache.catalina.util.LifecycleBase - Setting state for [StandardManager[StandardEngine[Tomcat].StandardHost[localhost].TomcatEmbeddedContext[]]] to [STOPPED]
15:23:59.368 DEBUG o.a.catalina.core.StandardContext - Sending application stop events
15:23:59.368 DEBUG o.a.catalina.core.StandardContext - Processing standard container shutdown
15:23:59.369 DEBUG o.apache.catalina.util.LifecycleBase - Setting state for [org.apache.catalina.deploy.NamingResourcesImpl@74ea46e2] to [STOPPING_PREP]
15:23:59.369 DEBUG o.apache.catalina.util.LifecycleBase - Setting state for [org.apache.catalina.deploy.NamingResourcesImpl@74ea46e2] to [STOPPING]
15:23:59.369 DEBUG o.apache.catalina.util.LifecycleBase - Setting state for [org.apache.catalina.deploy.NamingResourcesImpl@74ea46e2] to [STOPPED]
15:23:59.369 DEBUG o.apache.catalina.util.LifecycleBase - Setting state for [StandardPipeline[StandardEngine[Tomcat].StandardHost[localhost].TomcatEmbeddedContext[]]] to [STOPPING_PREP]
15:23:59.369 DEBUG o.apache.catalina.util.LifecycleBase - Setting state for [StandardPipeline[StandardEngine[Tomcat].StandardHost[localhost].TomcatEmbeddedContext[]]] to [STOPPING]
15:23:59.369 DEBUG o.apache.catalina.util.LifecycleBase - Setting state for [NonLoginAuthenticator[StandardEngine[Tomcat].StandardHost[localhost].TomcatEmbeddedContext[]]] to [STOPPING_PREP]
15:23:59.369 DEBUG o.apache.catalina.util.LifecycleBase - Setting state for [NonLoginAuthenticator[StandardEngine[Tomcat].StandardHost[localhost].TomcatEmbeddedContext[]]] to [STOPPING]
15:23:59.370 DEBUG o.apache.catalina.util.LifecycleBase - Setting state for [NonLoginAuthenticator[StandardEngine[Tomcat].StandardHost[localhost].TomcatEmbeddedContext[]]] to [STOPPED]
15:23:59.370 DEBUG o.apache.catalina.util.LifecycleBase - Setting state for [StandardContextValve[StandardEngine[Tomcat].StandardHost[localhost].TomcatEmbeddedContext[]]] to [STOPPING_PREP]
15:23:59.370 DEBUG o.apache.catalina.util.LifecycleBase - Setting state for [StandardContextValve[StandardEngine[Tomcat].StandardHost[localhost].TomcatEmbeddedContext[]]] to [STOPPING]
15:23:59.370 DEBUG o.apache.catalina.util.LifecycleBase - Setting state for [StandardContextValve[StandardEngine[Tomcat].StandardHost[localhost].TomcatEmbeddedContext[]]] to [STOPPED]
15:23:59.370 DEBUG o.apache.catalina.util.LifecycleBase - Setting state for [StandardPipeline[StandardEngine[Tomcat].StandardHost[localhost].TomcatEmbeddedContext[]]] to [STOPPED]
15:23:59.370 DEBUG o.apache.catalina.util.LifecycleBase - Setting state for [WebappLoader[StandardEngine[Tomcat].StandardHost[localhost].TomcatEmbeddedContext[]]] to [STOPPING_PREP]
15:23:59.370 DEBUG o.a.catalina.loader.WebappLoader - Stopping this Loader
15:23:59.370 DEBUG o.apache.catalina.util.LifecycleBase - Setting state for [WebappLoader[StandardEngine[Tomcat].StandardHost[localhost].TomcatEmbeddedContext[]]] to [STOPPING]
15:23:59.371 DEBUG o.a.c.loader.WebappClassLoaderBase - getResourceAsStream(org/apache/catalina/loader/JdbcLeakPrevention.class)
15:23:59.371 DEBUG o.a.c.loader.WebappClassLoaderBase -   Delegating to parent classloader jdk.internal.loader.ClassLoaders$AppClassLoader@60e53b93
15:23:59.371 DEBUG o.a.c.loader.WebappClassLoaderBase -   --> Returning stream from parent
15:23:59.377 DEBUG o.apache.catalina.util.LifecycleBase - Setting state for [WebappLoader[StandardEngine[Tomcat].StandardHost[localhost].TomcatEmbeddedContext[]]] to [STOPPED]
15:23:59.377 DEBUG o.apache.catalina.util.LifecycleBase - Setting state for [org.apache.catalina.webresources.StandardRoot@a9f023e] to [STOPPING_PREP]
15:23:59.378 DEBUG o.apache.catalina.util.LifecycleBase - Setting state for [org.apache.catalina.webresources.DirResourceSet@7ceb4478] to [STOPPING_PREP]
15:23:59.378 DEBUG o.apache.catalina.util.LifecycleBase - Setting state for [org.apache.catalina.webresources.DirResourceSet@7ceb4478] to [STOPPING]
15:23:59.378 DEBUG o.apache.catalina.util.LifecycleBase - Setting state for [org.apache.catalina.webresources.DirResourceSet@7ceb4478] to [STOPPED]
15:23:59.378 DEBUG o.apache.catalina.util.LifecycleBase - Setting state for [org.apache.catalina.webresources.DirResourceSet@7ceb4478] to [DESTROYING]
15:23:59.378 DEBUG o.apache.catalina.util.LifecycleBase - Setting state for [org.apache.catalina.webresources.DirResourceSet@7ceb4478] to [DESTROYED]
15:23:59.379 DEBUG o.apache.catalina.util.LifecycleBase - Setting state for [org.apache.catalina.webresources.StandardRoot@a9f023e] to [STOPPING]
15:23:59.379 DEBUG o.apache.catalina.util.LifecycleBase - Setting state for [org.apache.catalina.webresources.StandardRoot@a9f023e] to [STOPPED]
15:23:59.380 DEBUG o.apache.catalina.util.LifecycleBase - Setting state for [StandardEngine[Tomcat].StandardHost[localhost].TomcatEmbeddedContext[].StandardWrapper[dispatcherServlet]] to [DESTROYING]
15:23:59.380 DEBUG o.apache.catalina.util.LifecycleBase - Setting state for [StandardPipeline[StandardEngine[Tomcat].StandardHost[localhost].TomcatEmbeddedContext[].StandardWrapper[dispatcherServlet]]] to [DESTROYING]
15:23:59.380 DEBUG o.apache.catalina.util.LifecycleBase - Setting state for [StandardWrapperValve[Container is null]] to [DESTROYING]
15:23:59.381 DEBUG o.apache.catalina.util.LifecycleBase - Setting state for [StandardWrapperValve[Container is null]] to [DESTROYED]
15:23:59.381 DEBUG o.apache.catalina.util.LifecycleBase - Setting state for [StandardPipeline[StandardEngine[Tomcat].StandardHost[localhost].TomcatEmbeddedContext[].StandardWrapper[dispatcherServlet]]] to [DESTROYED]
15:23:59.381 DEBUG o.apache.catalina.util.LifecycleBase - Setting state for [StandardEngine[Tomcat].StandardHost[localhost].TomcatEmbeddedContext[].StandardWrapper[dispatcherServlet]] to [DESTROYED]
15:23:59.381 DEBUG o.a.catalina.core.StandardContext - resetContext Tomcat:j2eeType=WebModule,name=//localhost/,J2EEApplication=none,J2EEServer=none
15:23:59.381 DEBUG o.a.catalina.core.StandardContext - Stopping complete
15:23:59.382 DEBUG o.apache.catalina.util.LifecycleBase - Setting state for [StandardEngine[Tomcat].StandardHost[localhost].TomcatEmbeddedContext[]] to [STOPPED]
15:23:59.382 DEBUG o.apache.catalina.util.LifecycleBase - Setting state for [StandardEngine[Tomcat].StandardHost[localhost]] to [STOPPED]
15:23:59.382 DEBUG o.apache.catalina.util.LifecycleBase - Setting state for [SimpleRealm[StandardEngine[Tomcat]]] to [STOPPING_PREP]
15:23:59.382 DEBUG o.apache.catalina.util.LifecycleBase - Setting state for [SimpleRealm[StandardEngine[Tomcat]]] to [STOPPING]
15:23:59.382 DEBUG o.apache.catalina.util.LifecycleBase - Setting state for [SimpleRealm[StandardEngine[Tomcat]]] to [STOPPED]
15:23:59.382 DEBUG o.apache.catalina.util.LifecycleBase - Setting state for [StandardEngine[Tomcat]] to [STOPPED]
15:23:59.382 DEBUG o.apache.catalina.util.LifecycleBase - Setting state for [org.apache.catalina.mapper.MapperListener@22a736d7] to [STOPPING_PREP]
15:23:59.383 DEBUG o.apache.catalina.util.LifecycleBase - Setting state for [org.apache.catalina.mapper.MapperListener@22a736d7] to [STOPPING]
15:23:59.383 DEBUG o.apache.catalina.util.LifecycleBase - Setting state for [org.apache.catalina.mapper.MapperListener@22a736d7] to [STOPPED]
15:23:59.383 DEBUG o.apache.catalina.util.LifecycleBase - Setting state for [org.apache.catalina.core.StandardThreadExecutor@210308d5] to [STOPPING_PREP]
15:23:59.384 DEBUG o.apache.catalina.util.LifecycleBase - Setting state for [org.apache.catalina.core.StandardThreadExecutor@210308d5] to [STOPPING]
15:23:59.384 DEBUG o.apache.catalina.util.LifecycleBase - Setting state for [org.apache.catalina.core.StandardThreadExecutor@210308d5] to [STOPPED]
15:23:59.385 DEBUG o.apache.catalina.util.LifecycleBase - Setting state for [StandardService[Tomcat]] to [STOPPED]
15:23:59.385 DEBUG o.apache.catalina.util.LifecycleBase - Setting state for [org.apache.catalina.deploy.NamingResourcesImpl@1e58512c] to [STOPPING_PREP]
15:23:59.385 DEBUG o.apache.catalina.util.LifecycleBase - Setting state for [org.apache.catalina.deploy.NamingResourcesImpl@1e58512c] to [STOPPING]
15:23:59.385 DEBUG o.apache.catalina.util.LifecycleBase - Setting state for [org.apache.catalina.deploy.NamingResourcesImpl@1e58512c] to [STOPPED]
15:23:59.386 DEBUG o.apache.catalina.util.LifecycleBase - Setting state for [StandardServer[-1]] to [STOPPED]
15:23:59.386 DEBUG o.apache.catalina.util.LifecycleBase - Setting state for [StandardServer[-1]] to [DESTROYING]
15:23:59.386 DEBUG o.apache.catalina.util.LifecycleBase - Setting state for [StandardService[Tomcat]] to [DESTROYING]
15:23:59.386 DEBUG o.apache.catalina.util.LifecycleBase - Setting state for [org.apache.catalina.mapper.MapperListener@22a736d7] to [DESTROYING]
15:23:59.386 DEBUG o.apache.catalina.util.LifecycleBase - Setting state for [org.apache.catalina.mapper.MapperListener@22a736d7] to [DESTROYED]
15:23:59.387 DEBUG o.apache.catalina.util.LifecycleBase - Setting state for [org.apache.catalina.core.StandardThreadExecutor@210308d5] to [DESTROYING]
15:23:59.387 DEBUG o.apache.catalina.util.LifecycleBase - Setting state for [org.apache.catalina.core.StandardThreadExecutor@210308d5] to [DESTROYED]
15:23:59.387 DEBUG o.apache.catalina.util.LifecycleBase - Setting state for [StandardEngine[Tomcat]] to [DESTROYING]
15:23:59.387 DEBUG o.apache.catalina.util.LifecycleBase - Setting state for [SimpleRealm[StandardEngine[Tomcat]]] to [DESTROYING]
15:23:59.387 DEBUG o.apache.catalina.util.LifecycleBase - Setting state for [SimpleRealm[StandardEngine[Tomcat]]] to [DESTROYED]
15:23:59.387 DEBUG o.apache.catalina.util.LifecycleBase - Setting state for [StandardPipeline[StandardEngine[Tomcat]]] to [DESTROYING]
15:23:59.387 DEBUG o.apache.catalina.util.LifecycleBase - Setting state for [StandardEngineValve[Container is null]] to [DESTROYING]
15:23:59.388 DEBUG o.apache.catalina.util.LifecycleBase - Setting state for [StandardEngineValve[Container is null]] to [DESTROYED]
15:23:59.388 DEBUG o.apache.catalina.util.LifecycleBase - Setting state for [StandardPipeline[StandardEngine[Tomcat]]] to [DESTROYED]
15:23:59.388 DEBUG o.apache.catalina.util.LifecycleBase - Setting state for [StandardEngine[Tomcat].StandardHost[localhost]] to [DESTROYING]
15:23:59.389 DEBUG o.apache.catalina.util.LifecycleBase - Setting state for [StandardPipeline[StandardEngine[Tomcat].StandardHost[localhost]]] to [DESTROYING]
15:23:59.389 DEBUG o.apache.catalina.util.LifecycleBase - Setting state for [ErrorReportValve[Container is null]] to [DESTROYING]
15:23:59.389 DEBUG o.apache.catalina.util.LifecycleBase - Setting state for [ErrorReportValve[Container is null]] to [DESTROYED]
15:23:59.389 DEBUG o.apache.catalina.util.LifecycleBase - Setting state for [StandardHostValve[Container is null]] to [DESTROYING]
15:23:59.389 DEBUG o.apache.catalina.util.LifecycleBase - Setting state for [StandardHostValve[Container is null]] to [DESTROYED]
15:23:59.389 DEBUG o.apache.catalina.util.LifecycleBase - Setting state for [StandardPipeline[StandardEngine[Tomcat].StandardHost[localhost]]] to [DESTROYED]
15:23:59.389 DEBUG o.apache.catalina.util.LifecycleBase - Setting state for [StandardEngine[Tomcat].StandardHost[localhost].TomcatEmbeddedContext[]] to [DESTROYING]
15:23:59.389 DEBUG o.apache.catalina.util.LifecycleBase - Setting state for [org.apache.catalina.deploy.NamingResourcesImpl@74ea46e2] to [DESTROYING]
15:23:59.389 DEBUG o.apache.catalina.util.LifecycleBase - Setting state for [org.apache.catalina.deploy.NamingResourcesImpl@74ea46e2] to [DESTROYED]
15:23:59.389 DEBUG o.apache.catalina.util.LifecycleBase - Setting state for [WebappLoader[StandardEngine[Tomcat].StandardHost[localhost].TomcatEmbeddedContext[]]] to [DESTROYING]
15:23:59.390 DEBUG o.apache.catalina.util.LifecycleBase - Setting state for [WebappLoader[StandardEngine[Tomcat].StandardHost[localhost].TomcatEmbeddedContext[]]] to [DESTROYED]
15:23:59.390 DEBUG o.apache.catalina.util.LifecycleBase - Setting state for [StandardManager[StandardEngine[Tomcat].StandardHost[localhost].TomcatEmbeddedContext[]]] to [DESTROYING]
15:23:59.390 DEBUG o.apache.catalina.util.LifecycleBase - Setting state for [StandardManager[StandardEngine[Tomcat].StandardHost[localhost].TomcatEmbeddedContext[]]] to [DESTROYED]
15:23:59.390 DEBUG o.apache.catalina.util.LifecycleBase - Setting state for [org.apache.catalina.webresources.StandardRoot@a9f023e] to [DESTROYING]
15:23:59.390 DEBUG o.apache.catalina.util.LifecycleBase - Setting state for [org.apache.catalina.webresources.StandardRoot@a9f023e] to [DESTROYED]
15:23:59.390 DEBUG o.apache.catalina.util.LifecycleBase - Setting state for [StandardPipeline[StandardEngine[Tomcat].StandardHost[localhost].TomcatEmbeddedContext[]]] to [DESTROYING]
15:23:59.390 DEBUG o.apache.catalina.util.LifecycleBase - Setting state for [NonLoginAuthenticator[Container is null]] to [DESTROYING]
15:23:59.390 DEBUG o.apache.catalina.util.LifecycleBase - Setting state for [NonLoginAuthenticator[Container is null]] to [DESTROYED]
15:23:59.390 DEBUG o.apache.catalina.util.LifecycleBase - Setting state for [StandardContextValve[Container is null]] to [DESTROYING]
15:23:59.391 DEBUG o.apache.catalina.util.LifecycleBase - Setting state for [StandardContextValve[Container is null]] to [DESTROYED]
15:23:59.391 DEBUG o.apache.catalina.util.LifecycleBase - Setting state for [StandardPipeline[StandardEngine[Tomcat].StandardHost[localhost].TomcatEmbeddedContext[]]] to [DESTROYED]
15:23:59.391 DEBUG o.apache.catalina.util.LifecycleBase - Setting state for [StandardEngine[Tomcat].StandardHost[localhost].TomcatEmbeddedContext[]] to [DESTROYED]
15:23:59.391 DEBUG o.apache.catalina.util.LifecycleBase - Setting state for [StandardEngine[Tomcat].StandardHost[localhost]] to [DESTROYED]
15:23:59.391 DEBUG o.apache.catalina.util.LifecycleBase - Setting state for [StandardEngine[Tomcat]] to [DESTROYED]
15:23:59.392 DEBUG o.apache.catalina.util.LifecycleBase - Setting state for [StandardService[Tomcat]] to [DESTROYED]
15:23:59.392 DEBUG o.apache.catalina.util.LifecycleBase - Setting state for [org.apache.catalina.deploy.NamingResourcesImpl@1e58512c] to [DESTROYING]
15:23:59.392 DEBUG o.apache.catalina.util.LifecycleBase - Setting state for [org.apache.catalina.deploy.NamingResourcesImpl@1e58512c] to [DESTROYED]
15:23:59.392 DEBUG o.apache.catalina.util.LifecycleBase - Setting state for [StandardServer[-1]] to [DESTROYED]
15:26:35.294 DEBUG o.a.c.core.AprLifecycleListener - The Apache Tomcat Native library could not be found using names [tcnative-2, libtcnative-2, tcnative-1, libtcnative-1] on the java.library.path [C:\Users\sistemas\.jdks\corretto-17.0.12\bin;C:\WINDOWS\Sun\Java\bin;C:\WINDOWS\system32;C:\WINDOWS;C:\Program Files\Java\jdk-17\bin;C:\Program Files\Common Files\Oracle\Java\javapath;C:\WINDOWS\system32;C:\WINDOWS;C:\WINDOWS\System32\Wbem;C:\WINDOWS\System32\WindowsPowerShell\v1.0\;C:\WINDOWS\System32\OpenSSH\;C:\Program Files\SAP\SAP Business One DI API\JCO\LIB\;C:\Program Files\SAP\SAP Business One DI API\DI API 90;C:\Program Files\SAP\SAP Business One\;C:\Program Files\Git\cmd;C:\Users\sistemas\Desktop\ProyectoSyncBalanzas\src\main\resources\;C:\Program Files\dotnet\;C:\ProgramData\ComposerSetup\bin;C:\Program Files (x86)\Java\jre1.8.0_441\bin;C:\Program Files\MySQL\MySQL Shell 8.0\bin\;C:\Users\sistemas\AppData\Local\Programs\Python\Python312\Scripts\;C:\Users\sistemas\AppData\Local\Programs\Python\Python312\;C:\Users\sistemas\AppData\Local\Programs\Python\Launcher\;C:\Users\sistemas\AppData\Local\Microsoft\WindowsApps;C:\Users\sistemas\AppData\Local\Programs\Microsoft VS Code\bin;C:\Users\sistemas\Desktop\ProyectoSyncBalanzas\src\main\resources;C:\Program Files\PHP\;C:\Users\sistemas\AppData\Roaming\Composer\vendor\bin;C:\Users\sistemas\AppData\Local\Programs\Windsurf\bin;C:\Program Files\JetBrains\IntelliJ IDEA Community Edition 2025.1.3\bin;;.]. The errors reported were [Can't load library: C:\Users\sistemas\Desktop\MARSOL\HPRT\Balanza HPRT\Proyecto Walmart\Driver_sync\Test\ProyectoSyncBalanzas\bin\tcnative-2.dll, Can't load library: C:\Users\sistemas\Desktop\MARSOL\HPRT\Balanza HPRT\Proyecto Walmart\Driver_sync\Test\ProyectoSyncBalanzas\bin\libtcnative-2.dll, Can't load library: C:\Users\sistemas\Desktop\MARSOL\HPRT\Balanza HPRT\Proyecto Walmart\Driver_sync\Test\ProyectoSyncBalanzas\bin\tcnative-1.dll, Can't load library: C:\Users\sistemas\Desktop\MARSOL\HPRT\Balanza HPRT\Proyecto Walmart\Driver_sync\Test\ProyectoSyncBalanzas\bin\libtcnative-1.dll, no tcnative-2 in java.library.path: C:\Users\sistemas\.jdks\corretto-17.0.12\bin;C:\WINDOWS\Sun\Java\bin;C:\WINDOWS\system32;C:\WINDOWS;C:\Program Files\Java\jdk-17\bin;C:\Program Files\Common Files\Oracle\Java\javapath;C:\WINDOWS\system32;C:\WINDOWS;C:\WINDOWS\System32\Wbem;C:\WINDOWS\System32\WindowsPowerShell\v1.0\;C:\WINDOWS\System32\OpenSSH\;C:\Program Files\SAP\SAP Business One DI API\JCO\LIB\;C:\Program Files\SAP\SAP Business One DI API\DI API 90;C:\Program Files\SAP\SAP Business One\;C:\Program Files\Git\cmd;C:\Users\sistemas\Desktop\ProyectoSyncBalanzas\src\main\resources\;C:\Program Files\dotnet\;C:\ProgramData\ComposerSetup\bin;C:\Program Files (x86)\Java\jre1.8.0_441\bin;C:\Program Files\MySQL\MySQL Shell 8.0\bin\;C:\Users\sistemas\AppData\Local\Programs\Python\Python312\Scripts\;C:\Users\sistemas\AppData\Local\Programs\Python\Python312\;C:\Users\sistemas\AppData\Local\Programs\Python\Launcher\;C:\Users\sistemas\AppData\Local\Microsoft\WindowsApps;C:\Users\sistemas\AppData\Local\Programs\Microsoft VS Code\bin;C:\Users\sistemas\Desktop\ProyectoSyncBalanzas\src\main\resources;C:\Program Files\PHP\;C:\Users\sistemas\AppData\Roaming\Composer\vendor\bin;C:\Users\sistemas\AppData\Local\Programs\Windsurf\bin;C:\Program Files\JetBrains\IntelliJ IDEA Community Edition 2025.1.3\bin;;., no libtcnative-2 in java.library.path: C:\Users\sistemas\.jdks\corretto-17.0.12\bin;C:\WINDOWS\Sun\Java\bin;C:\WINDOWS\system32;C:\WINDOWS;C:\Program Files\Java\jdk-17\bin;C:\Program Files\Common Files\Oracle\Java\javapath;C:\WINDOWS\system32;C:\WINDOWS;C:\WINDOWS\System32\Wbem;C:\WINDOWS\System32\WindowsPowerShell\v1.0\;C:\WINDOWS\System32\OpenSSH\;C:\Program Files\SAP\SAP Business One DI API\JCO\LIB\;C:\Program Files\SAP\SAP Business One DI API\DI API 90;C:\Program Files\SAP\SAP Business One\;C:\Program Files\Git\cmd;C:\Users\sistemas\Desktop\ProyectoSyncBalanzas\src\main\resources\;C:\Program Files\dotnet\;C:\ProgramData\ComposerSetup\bin;C:\Program Files (x86)\Java\jre1.8.0_441\bin;C:\Program Files\MySQL\MySQL Shell 8.0\bin\;C:\Users\sistemas\AppData\Local\Programs\Python\Python312\Scripts\;C:\Users\sistemas\AppData\Local\Programs\Python\Python312\;C:\Users\sistemas\AppData\Local\Programs\Python\Launcher\;C:\Users\sistemas\AppData\Local\Microsoft\WindowsApps;C:\Users\sistemas\AppData\Local\Programs\Microsoft VS Code\bin;C:\Users\sistemas\Desktop\ProyectoSyncBalanzas\src\main\resources;C:\Program Files\PHP\;C:\Users\sistemas\AppData\Roaming\Composer\vendor\bin;C:\Users\sistemas\AppData\Local\Programs\Windsurf\bin;C:\Program Files\JetBrains\IntelliJ IDEA Community Edition 2025.1.3\bin;;., no tcnative-1 in java.library.path: C:\Users\sistemas\.jdks\corretto-17.0.12\bin;C:\WINDOWS\Sun\Java\bin;C:\WINDOWS\system32;C:\WINDOWS;C:\Program Files\Java\jdk-17\bin;C:\Program Files\Common Files\Oracle\Java\javapath;C:\WINDOWS\system32;C:\WINDOWS;C:\WINDOWS\System32\Wbem;C:\WINDOWS\System32\WindowsPowerShell\v1.0\;C:\WINDOWS\System32\OpenSSH\;C:\Program Files\SAP\SAP Business One DI API\JCO\LIB\;C:\Program Files\SAP\SAP Business One DI API\DI API 90;C:\Program Files\SAP\SAP Business One\;C:\Program Files\Git\cmd;C:\Users\sistemas\Desktop\ProyectoSyncBalanzas\src\main\resources\;C:\Program Files\dotnet\;C:\ProgramData\ComposerSetup\bin;C:\Program Files (x86)\Java\jre1.8.0_441\bin;C:\Program Files\MySQL\MySQL Shell 8.0\bin\;C:\Users\sistemas\AppData\Local\Programs\Python\Python312\Scripts\;C:\Users\sistemas\AppData\Local\Programs\Python\Python312\;C:\Users\sistemas\AppData\Local\Programs\Python\Launcher\;C:\Users\sistemas\AppData\Local\Microsoft\WindowsApps;C:\Users\sistemas\AppData\Local\Programs\Microsoft VS Code\bin;C:\Users\sistemas\Desktop\ProyectoSyncBalanzas\src\main\resources;C:\Program Files\PHP\;C:\Users\sistemas\AppData\Roaming\Composer\vendor\bin;C:\Users\sistemas\AppData\Local\Programs\Windsurf\bin;C:\Program Files\JetBrains\IntelliJ IDEA Community Edition 2025.1.3\bin;;., no libtcnative-1 in java.library.path: C:\Users\sistemas\.jdks\corretto-17.0.12\bin;C:\WINDOWS\Sun\Java\bin;C:\WINDOWS\system32;C:\WINDOWS;C:\Program Files\Java\jdk-17\bin;C:\Program Files\Common Files\Oracle\Java\javapath;C:\WINDOWS\system32;C:\WINDOWS;C:\WINDOWS\System32\Wbem;C:\WINDOWS\System32\WindowsPowerShell\v1.0\;C:\WINDOWS\System32\OpenSSH\;C:\Program Files\SAP\SAP Business One DI API\JCO\LIB\;C:\Program Files\SAP\SAP Business One DI API\DI API 90;C:\Program Files\SAP\SAP Business One\;C:\Program Files\Git\cmd;C:\Users\sistemas\Desktop\ProyectoSyncBalanzas\src\main\resources\;C:\Program Files\dotnet\;C:\ProgramData\ComposerSetup\bin;C:\Program Files (x86)\Java\jre1.8.0_441\bin;C:\Program Files\MySQL\MySQL Shell 8.0\bin\;C:\Users\sistemas\AppData\Local\Programs\Python\Python312\Scripts\;C:\Users\sistemas\AppData\Local\Programs\Python\Python312\;C:\Users\sistemas\AppData\Local\Programs\Python\Launcher\;C:\Users\sistemas\AppData\Local\Microsoft\WindowsApps;C:\Users\sistemas\AppData\Local\Programs\Microsoft VS Code\bin;C:\Users\sistemas\Desktop\ProyectoSyncBalanzas\src\main\resources;C:\Program Files\PHP\;C:\Users\sistemas\AppData\Roaming\Composer\vendor\bin;C:\Users\sistemas\AppData\Local\Programs\Windsurf\bin;C:\Program Files\JetBrains\IntelliJ IDEA Community Edition 2025.1.3\bin;;.]
org.apache.tomcat.jni.LibraryNotFoundError: Can't load library: C:\Users\sistemas\Desktop\MARSOL\HPRT\Balanza HPRT\Proyecto Walmart\Driver_sync\Test\ProyectoSyncBalanzas\bin\tcnative-2.dll, Can't load library: C:\Users\sistemas\Desktop\MARSOL\HPRT\Balanza HPRT\Proyecto Walmart\Driver_sync\Test\ProyectoSyncBalanzas\bin\libtcnative-2.dll, Can't load library: C:\Users\sistemas\Desktop\MARSOL\HPRT\Balanza HPRT\Proyecto Walmart\Driver_sync\Test\ProyectoSyncBalanzas\bin\tcnative-1.dll, Can't load library: C:\Users\sistemas\Desktop\MARSOL\HPRT\Balanza HPRT\Proyecto Walmart\Driver_sync\Test\ProyectoSyncBalanzas\bin\libtcnative-1.dll, no tcnative-2 in java.library.path: C:\Users\sistemas\.jdks\corretto-17.0.12\bin;C:\WINDOWS\Sun\Java\bin;C:\WINDOWS\system32;C:\WINDOWS;C:\Program Files\Java\jdk-17\bin;C:\Program Files\Common Files\Oracle\Java\javapath;C:\WINDOWS\system32;C:\WINDOWS;C:\WINDOWS\System32\Wbem;C:\WINDOWS\System32\WindowsPowerShell\v1.0\;C:\WINDOWS\System32\OpenSSH\;C:\Program Files\SAP\SAP Business One DI API\JCO\LIB\;C:\Program Files\SAP\SAP Business One DI API\DI API 90;C:\Program Files\SAP\SAP Business One\;C:\Program Files\Git\cmd;C:\Users\sistemas\Desktop\ProyectoSyncBalanzas\src\main\resources\;C:\Program Files\dotnet\;C:\ProgramData\ComposerSetup\bin;C:\Program Files (x86)\Java\jre1.8.0_441\bin;C:\Program Files\MySQL\MySQL Shell 8.0\bin\;C:\Users\sistemas\AppData\Local\Programs\Python\Python312\Scripts\;C:\Users\sistemas\AppData\Local\Programs\Python\Python312\;C:\Users\sistemas\AppData\Local\Programs\Python\Launcher\;C:\Users\sistemas\AppData\Local\Microsoft\WindowsApps;C:\Users\sistemas\AppData\Local\Programs\Microsoft VS Code\bin;C:\Users\sistemas\Desktop\ProyectoSyncBalanzas\src\main\resources;C:\Program Files\PHP\;C:\Users\sistemas\AppData\Roaming\Composer\vendor\bin;C:\Users\sistemas\AppData\Local\Programs\Windsurf\bin;C:\Program Files\JetBrains\IntelliJ IDEA Community Edition 2025.1.3\bin;;., no libtcnative-2 in java.library.path: C:\Users\sistemas\.jdks\corretto-17.0.12\bin;C:\WINDOWS\Sun\Java\bin;C:\WINDOWS\system32;C:\WINDOWS;C:\Program Files\Java\jdk-17\bin;C:\Program Files\Common Files\Oracle\Java\javapath;C:\WINDOWS\system32;C:\WINDOWS;C:\WINDOWS\System32\Wbem;C:\WINDOWS\System32\WindowsPowerShell\v1.0\;C:\WINDOWS\System32\OpenSSH\;C:\Program Files\SAP\SAP Business One DI API\JCO\LIB\;C:\Program Files\SAP\SAP Business One DI API\DI API 90;C:\Program Files\SAP\SAP Business One\;C:\Program Files\Git\cmd;C:\Users\sistemas\Desktop\ProyectoSyncBalanzas\src\main\resources\;C:\Program Files\dotnet\;C:\ProgramData\ComposerSetup\bin;C:\Program Files (x86)\Java\jre1.8.0_441\bin;C:\Program Files\MySQL\MySQL Shell 8.0\bin\;C:\Users\sistemas\AppData\Local\Programs\Python\Python312\Scripts\;C:\Users\sistemas\AppData\Local\Programs\Python\Python312\;C:\Users\sistemas\AppData\Local\Programs\Python\Launcher\;C:\Users\sistemas\AppData\Local\Microsoft\WindowsApps;C:\Users\sistemas\AppData\Local\Programs\Microsoft VS Code\bin;C:\Users\sistemas\Desktop\ProyectoSyncBalanzas\src\main\resources;C:\Program Files\PHP\;C:\Users\sistemas\AppData\Roaming\Composer\vendor\bin;C:\Users\sistemas\AppData\Local\Programs\Windsurf\bin;C:\Program Files\JetBrains\IntelliJ IDEA Community Edition 2025.1.3\bin;;., no tcnative-1 in java.library.path: C:\Users\sistemas\.jdks\corretto-17.0.12\bin;C:\WINDOWS\Sun\Java\bin;C:\WINDOWS\system32;C:\WINDOWS;C:\Program Files\Java\jdk-17\bin;C:\Program Files\Common Files\Oracle\Java\javapath;C:\WINDOWS\system32;C:\WINDOWS;C:\WINDOWS\System32\Wbem;C:\WINDOWS\System32\WindowsPowerShell\v1.0\;C:\WINDOWS\System32\OpenSSH\;C:\Program Files\SAP\SAP Business One DI API\JCO\LIB\;C:\Program Files\SAP\SAP Business One DI API\DI API 90;C:\Program Files\SAP\SAP Business One\;C:\Program Files\Git\cmd;C:\Users\sistemas\Desktop\ProyectoSyncBalanzas\src\main\resources\;C:\Program Files\dotnet\;C:\ProgramData\ComposerSetup\bin;C:\Program Files (x86)\Java\jre1.8.0_441\bin;C:\Program Files\MySQL\MySQL Shell 8.0\bin\;C:\Users\sistemas\AppData\Local\Programs\Python\Python312\Scripts\;C:\Users\sistemas\AppData\Local\Programs\Python\Python312\;C:\Users\sistemas\AppData\Local\Programs\Python\Launcher\;C:\Users\sistemas\AppData\Local\Microsoft\WindowsApps;C:\Users\sistemas\AppData\Local\Programs\Microsoft VS Code\bin;C:\Users\sistemas\Desktop\ProyectoSyncBalanzas\src\main\resources;C:\Program Files\PHP\;C:\Users\sistemas\AppData\Roaming\Composer\vendor\bin;C:\Users\sistemas\AppData\Local\Programs\Windsurf\bin;C:\Program Files\JetBrains\IntelliJ IDEA Community Edition 2025.1.3\bin;;., no libtcnative-1 in java.library.path: C:\Users\sistemas\.jdks\corretto-17.0.12\bin;C:\WINDOWS\Sun\Java\bin;C:\WINDOWS\system32;C:\WINDOWS;C:\Program Files\Java\jdk-17\bin;C:\Program Files\Common Files\Oracle\Java\javapath;C:\WINDOWS\system32;C:\WINDOWS;C:\WINDOWS\System32\Wbem;C:\WINDOWS\System32\WindowsPowerShell\v1.0\;C:\WINDOWS\System32\OpenSSH\;C:\Program Files\SAP\SAP Business One DI API\JCO\LIB\;C:\Program Files\SAP\SAP Business One DI API\DI API 90;C:\Program Files\SAP\SAP Business One\;C:\Program Files\Git\cmd;C:\Users\sistemas\Desktop\ProyectoSyncBalanzas\src\main\resources\;C:\Program Files\dotnet\;C:\ProgramData\ComposerSetup\bin;C:\Program Files (x86)\Java\jre1.8.0_441\bin;C:\Program Files\MySQL\MySQL Shell 8.0\bin\;C:\Users\sistemas\AppData\Local\Programs\Python\Python312\Scripts\;C:\Users\sistemas\AppData\Local\Programs\Python\Python312\;C:\Users\sistemas\AppData\Local\Programs\Python\Launcher\;C:\Users\sistemas\AppData\Local\Microsoft\WindowsApps;C:\Users\sistemas\AppData\Local\Programs\Microsoft VS Code\bin;C:\Users\sistemas\Desktop\ProyectoSyncBalanzas\src\main\resources;C:\Program Files\PHP\;C:\Users\sistemas\AppData\Roaming\Composer\vendor\bin;C:\Users\sistemas\AppData\Local\Programs\Windsurf\bin;C:\Program Files\JetBrains\IntelliJ IDEA Community Edition 2025.1.3\bin;;.
	at org.apache.tomcat.jni.Library.<init>(Library.java:91)
	at org.apache.tomcat.jni.Library.initialize(Library.java:147)
	at org.apache.catalina.core.AprLifecycleListener.init(AprLifecycleListener.java:189)
	at org.apache.catalina.core.AprLifecycleListener.isAprAvailable(AprLifecycleListener.java:106)
	at org.springframework.boot.web.embedded.tomcat.TomcatServletWebServerFactory.getDefaultServerLifecycleListeners(TomcatServletWebServerFactory.java:191)
	at org.springframework.boot.web.embedded.tomcat.TomcatServletWebServerFactory.<init>(TomcatServletWebServerFactory.java:138)
	at org.springframework.boot.autoconfigure.web.servlet.ServletWebServerFactoryConfiguration$EmbeddedTomcat.tomcatServletWebServerFactory(ServletWebServerFactoryConfiguration.java:73)
	at java.base/jdk.internal.reflect.NativeMethodAccessorImpl.invoke0(Native Method)
	at java.base/jdk.internal.reflect.NativeMethodAccessorImpl.invoke(NativeMethodAccessorImpl.java:77)
	at java.base/jdk.internal.reflect.DelegatingMethodAccessorImpl.invoke(DelegatingMethodAccessorImpl.java:43)
	at java.base/java.lang.reflect.Method.invoke(Method.java:569)
	at org.springframework.beans.factory.support.SimpleInstantiationStrategy.instantiate(SimpleInstantiationStrategy.java:140)
	at org.springframework.beans.factory.support.ConstructorResolver.instantiate(ConstructorResolver.java:644)
	at org.springframework.beans.factory.support.ConstructorResolver.instantiateUsingFactoryMethod(ConstructorResolver.java:636)
	at org.springframework.beans.factory.support.AbstractAutowireCapableBeanFactory.instantiateUsingFactoryMethod(AbstractAutowireCapableBeanFactory.java:1337)
	at org.springframework.beans.factory.support.AbstractAutowireCapableBeanFactory.createBeanInstance(AbstractAutowireCapableBeanFactory.java:1167)
	at org.springframework.beans.factory.support.AbstractAutowireCapableBeanFactory.doCreateBean(AbstractAutowireCapableBeanFactory.java:562)
	at org.springframework.beans.factory.support.AbstractAutowireCapableBeanFactory.createBean(AbstractAutowireCapableBeanFactory.java:522)
	at org.springframework.beans.factory.support.AbstractBeanFactory.lambda$doGetBean$0(AbstractBeanFactory.java:337)
	at org.springframework.beans.factory.support.DefaultSingletonBeanRegistry.getSingleton(DefaultSingletonBeanRegistry.java:234)
	at org.springframework.beans.factory.support.AbstractBeanFactory.doGetBean(AbstractBeanFactory.java:335)
	at org.springframework.beans.factory.support.AbstractBeanFactory.getBean(AbstractBeanFactory.java:205)
	at org.springframework.boot.web.servlet.context.ServletWebServerApplicationContext.getWebServerFactory(ServletWebServerApplicationContext.java:223)
	at org.springframework.boot.web.servlet.context.ServletWebServerApplicationContext.createWebServer(ServletWebServerApplicationContext.java:186)
	at org.springframework.boot.web.servlet.context.ServletWebServerApplicationContext.onRefresh(ServletWebServerApplicationContext.java:162)
	at org.springframework.context.support.AbstractApplicationContext.refresh(AbstractApplicationContext.java:618)
	at org.springframework.boot.web.servlet.context.ServletWebServerApplicationContext.refresh(ServletWebServerApplicationContext.java:146)
	at org.springframework.boot.SpringApplication.refresh(SpringApplication.java:754)
	at org.springframework.boot.SpringApplication.refreshContext(SpringApplication.java:456)
	at org.springframework.boot.SpringApplication.run(SpringApplication.java:335)
	at org.springframework.boot.SpringApplication.run(SpringApplication.java:1363)
	at org.springframework.boot.SpringApplication.run(SpringApplication.java:1352)
	at com.marsol.sync.MainClass.main(MainClass.java:19)
15:26:35.495 DEBUG o.a.tomcat.util.compat.Jre19Compat - Class not found so assuming code is running on a pre-Java 19 JVM
java.lang.ClassNotFoundException: java.lang.WrongThreadException
	at java.base/jdk.internal.loader.BuiltinClassLoader.loadClass(BuiltinClassLoader.java:641)
	at java.base/jdk.internal.loader.ClassLoaders$AppClassLoader.loadClass(ClassLoaders.java:188)
	at java.base/java.lang.ClassLoader.loadClass(ClassLoader.java:525)
	at java.base/java.lang.Class.forName0(Native Method)
	at java.base/java.lang.Class.forName(Class.java:375)
	at org.apache.tomcat.util.compat.Jre19Compat.<clinit>(Jre19Compat.java:37)
	at org.apache.tomcat.util.compat.JreCompat.<clinit>(JreCompat.java:55)
	at org.apache.catalina.startup.Tomcat.<clinit>(Tomcat.java:1193)
	at org.springframework.boot.web.embedded.tomcat.TomcatServletWebServerFactory.getWebServer(TomcatServletWebServerFactory.java:203)
	at org.springframework.boot.web.servlet.context.ServletWebServerApplicationContext.createWebServer(ServletWebServerApplicationContext.java:188)
	at org.springframework.boot.web.servlet.context.ServletWebServerApplicationContext.onRefresh(ServletWebServerApplicationContext.java:162)
	at org.springframework.context.support.AbstractApplicationContext.refresh(AbstractApplicationContext.java:618)
	at org.springframework.boot.web.servlet.context.ServletWebServerApplicationContext.refresh(ServletWebServerApplicationContext.java:146)
	at org.springframework.boot.SpringApplication.refresh(SpringApplication.java:754)
	at org.springframework.boot.SpringApplication.refreshContext(SpringApplication.java:456)
	at org.springframework.boot.SpringApplication.run(SpringApplication.java:335)
	at org.springframework.boot.SpringApplication.run(SpringApplication.java:1363)
	at org.springframework.boot.SpringApplication.run(SpringApplication.java:1352)
	at com.marsol.sync.MainClass.main(MainClass.java:19)
15:26:35.496 DEBUG o.a.tomcat.util.compat.Jre21Compat - Class not found so assuming code is running on a pre-Java 21 JVM
java.lang.ClassNotFoundException: java.lang.Thread$Builder
	at java.base/jdk.internal.loader.BuiltinClassLoader.loadClass(BuiltinClassLoader.java:641)
	at java.base/jdk.internal.loader.ClassLoaders$AppClassLoader.loadClass(ClassLoaders.java:188)
	at java.base/java.lang.ClassLoader.loadClass(ClassLoader.java:525)
	at java.base/java.lang.Class.forName0(Native Method)
	at java.base/java.lang.Class.forName(Class.java:375)
	at org.apache.tomcat.util.compat.Jre21Compat.<clinit>(Jre21Compat.java:43)
	at org.apache.tomcat.util.compat.JreCompat.<clinit>(JreCompat.java:55)
	at org.apache.catalina.startup.Tomcat.<clinit>(Tomcat.java:1193)
	at org.springframework.boot.web.embedded.tomcat.TomcatServletWebServerFactory.getWebServer(TomcatServletWebServerFactory.java:203)
	at org.springframework.boot.web.servlet.context.ServletWebServerApplicationContext.createWebServer(ServletWebServerApplicationContext.java:188)
	at org.springframework.boot.web.servlet.context.ServletWebServerApplicationContext.onRefresh(ServletWebServerApplicationContext.java:162)
	at org.springframework.context.support.AbstractApplicationContext.refresh(AbstractApplicationContext.java:618)
	at org.springframework.boot.web.servlet.context.ServletWebServerApplicationContext.refresh(ServletWebServerApplicationContext.java:146)
	at org.springframework.boot.SpringApplication.refresh(SpringApplication.java:754)
	at org.springframework.boot.SpringApplication.refreshContext(SpringApplication.java:456)
	at org.springframework.boot.SpringApplication.run(SpringApplication.java:335)
	at org.springframework.boot.SpringApplication.run(SpringApplication.java:1363)
	at org.springframework.boot.SpringApplication.run(SpringApplication.java:1352)
	at com.marsol.sync.MainClass.main(MainClass.java:19)
15:26:35.496 DEBUG o.a.tomcat.util.compat.Jre22Compat - Class not found so assuming code is running on a pre-Java 22 JVM
java.lang.ClassNotFoundException: java.text.ListFormat
	at java.base/jdk.internal.loader.BuiltinClassLoader.loadClass(BuiltinClassLoader.java:641)
	at java.base/jdk.internal.loader.ClassLoaders$AppClassLoader.loadClass(ClassLoaders.java:188)
	at java.base/java.lang.ClassLoader.loadClass(ClassLoader.java:525)
	at java.base/java.lang.Class.forName0(Native Method)
	at java.base/java.lang.Class.forName(Class.java:375)
	at org.apache.tomcat.util.compat.Jre22Compat.<clinit>(Jre22Compat.java:37)
	at org.apache.tomcat.util.compat.JreCompat.<clinit>(JreCompat.java:55)
	at org.apache.catalina.startup.Tomcat.<clinit>(Tomcat.java:1193)
	at org.springframework.boot.web.embedded.tomcat.TomcatServletWebServerFactory.getWebServer(TomcatServletWebServerFactory.java:203)
	at org.springframework.boot.web.servlet.context.ServletWebServerApplicationContext.createWebServer(ServletWebServerApplicationContext.java:188)
	at org.springframework.boot.web.servlet.context.ServletWebServerApplicationContext.onRefresh(ServletWebServerApplicationContext.java:162)
	at org.springframework.context.support.AbstractApplicationContext.refresh(AbstractApplicationContext.java:618)
	at org.springframework.boot.web.servlet.context.ServletWebServerApplicationContext.refresh(ServletWebServerApplicationContext.java:146)
	at org.springframework.boot.SpringApplication.refresh(SpringApplication.java:754)
	at org.springframework.boot.SpringApplication.refreshContext(SpringApplication.java:456)
	at org.springframework.boot.SpringApplication.run(SpringApplication.java:335)
	at org.springframework.boot.SpringApplication.run(SpringApplication.java:1363)
	at org.springframework.boot.SpringApplication.run(SpringApplication.java:1352)
	at com.marsol.sync.MainClass.main(MainClass.java:19)
15:26:35.625 DEBUG o.a.tomcat.util.IntrospectionUtils - IntrospectionUtils: setProperty(class org.apache.coyote.http11.Http11NioProtocol port=8001)
15:26:35.665 DEBUG o.apache.catalina.core.ContainerBase - Add container child [StandardHost[localhost]] to container [StandardEngine[Tomcat]]
15:26:35.683 DEBUG o.apache.catalina.core.ContainerBase - Add container child [TomcatEmbeddedContext[]] to container [StandardEngine[Tomcat].StandardHost[localhost]]
15:26:35.689 DEBUG o.apache.tomcat.util.net.NioEndpoint - [bindOnInit] is [null]
15:26:35.689 DEBUG o.a.tomcat.util.IntrospectionUtils - IntrospectionUtils: setProperty(class org.apache.coyote.http11.Http11NioProtocol bindOnInit=false)
15:26:35.690 DEBUG o.apache.tomcat.util.net.NioEndpoint - Set [bindOnInit] to [false]
15:26:35.690 DEBUG o.a.tomcat.util.IntrospectionUtils - IntrospectionUtils: setProperty(class org.apache.tomcat.util.net.NioEndpoint bindOnInit=false)
15:26:35.695 DEBUG o.apache.catalina.util.LifecycleBase - Setting state for [StandardServer[-1]] to [INITIALIZING]
15:26:35.699 DEBUG o.apache.catalina.util.LifecycleBase - Setting state for [org.apache.catalina.deploy.NamingResourcesImpl@660f0c] to [INITIALIZING]
15:26:35.699 DEBUG o.apache.catalina.util.LifecycleBase - Setting state for [org.apache.catalina.deploy.NamingResourcesImpl@660f0c] to [INITIALIZED]
15:26:35.700 DEBUG o.apache.catalina.util.LifecycleBase - Setting state for [StandardService[Tomcat]] to [INITIALIZING]
15:26:35.700 DEBUG o.apache.catalina.util.LifecycleBase - Setting state for [StandardEngine[Tomcat]] to [INITIALIZING]
15:26:35.700 DEBUG o.apache.catalina.util.LifecycleBase - Setting state for [StandardEngine[Tomcat]] to [INITIALIZED]
15:26:35.700 DEBUG o.apache.catalina.util.LifecycleBase - Setting state for [org.apache.catalina.core.StandardThreadExecutor@7a0ef219] to [INITIALIZING]
15:26:35.700 DEBUG o.apache.catalina.util.LifecycleBase - Setting state for [org.apache.catalina.core.StandardThreadExecutor@7a0ef219] to [INITIALIZED]
15:26:35.700 DEBUG o.apache.catalina.util.LifecycleBase - Setting state for [org.apache.catalina.mapper.MapperListener@1b1f5012] to [INITIALIZING]
15:26:35.706 DEBUG o.apache.catalina.util.LifecycleBase - Setting state for [org.apache.catalina.mapper.MapperListener@1b1f5012] to [INITIALIZED]
15:26:35.706 DEBUG o.apache.catalina.util.LifecycleBase - Setting state for [Connector["http-nio-8001"]] to [INITIALIZING]
15:26:35.709 INFO  o.a.coyote.http11.Http11NioProtocol - Initializing ProtocolHandler ["http-nio-8001"]
15:26:35.711 DEBUG o.apache.catalina.util.LifecycleBase - Setting state for [Connector["http-nio-8001"]] to [INITIALIZED]
15:26:35.711 DEBUG o.apache.catalina.util.LifecycleBase - Setting state for [StandardService[Tomcat]] to [INITIALIZED]
15:26:35.711 DEBUG o.apache.catalina.util.LifecycleBase - Setting state for [StandardServer[-1]] to [INITIALIZED]
15:26:35.711 DEBUG o.apache.catalina.util.LifecycleBase - Setting state for [StandardServer[-1]] to [STARTING_PREP]
15:26:35.711 DEBUG o.apache.catalina.util.LifecycleBase - Setting state for [StandardServer[-1]] to [STARTING]
15:26:35.713 DEBUG o.apache.catalina.util.LifecycleBase - Setting state for [org.apache.catalina.deploy.NamingResourcesImpl@660f0c] to [STARTING_PREP]
15:26:35.713 DEBUG o.apache.catalina.util.LifecycleBase - Setting state for [org.apache.catalina.deploy.NamingResourcesImpl@660f0c] to [STARTING]
15:26:35.713 DEBUG o.apache.catalina.util.LifecycleBase - Setting state for [org.apache.catalina.deploy.NamingResourcesImpl@660f0c] to [STARTED]
15:26:35.713 DEBUG o.apache.catalina.util.LifecycleBase - Setting state for [StandardService[Tomcat]] to [STARTING_PREP]
15:26:35.714 INFO  o.a.catalina.core.StandardService - Starting service [Tomcat]
15:26:35.714 DEBUG o.apache.catalina.util.LifecycleBase - Setting state for [StandardService[Tomcat]] to [STARTING]
15:26:35.714 DEBUG o.apache.catalina.util.LifecycleBase - Setting state for [StandardEngine[Tomcat]] to [STARTING_PREP]
15:26:35.714 INFO  o.a.catalina.core.StandardEngine - Starting Servlet engine: [Apache Tomcat/10.1.24]
15:26:35.715 DEBUG o.apache.catalina.util.LifecycleBase - Setting state for [SimpleRealm[StandardEngine[Tomcat]]] to [INITIALIZING]
15:26:35.716 DEBUG o.apache.catalina.util.LifecycleBase - Setting state for [SimpleRealm[StandardEngine[Tomcat]]] to [INITIALIZED]
15:26:35.717 DEBUG o.apache.catalina.util.LifecycleBase - Setting state for [SimpleRealm[StandardEngine[Tomcat]]] to [STARTING_PREP]
15:26:35.717 DEBUG o.apache.catalina.util.LifecycleBase - Setting state for [SimpleRealm[StandardEngine[Tomcat]]] to [STARTING]
15:26:35.717 DEBUG o.apache.catalina.util.LifecycleBase - Setting state for [SimpleRealm[StandardEngine[Tomcat]]] to [STARTED]
15:26:35.718 DEBUG o.apache.catalina.util.LifecycleBase - Setting state for [StandardEngine[Tomcat].StandardHost[localhost]] to [INITIALIZING]
15:26:35.718 DEBUG o.apache.catalina.util.LifecycleBase - Setting state for [StandardEngine[Tomcat].StandardHost[localhost]] to [INITIALIZED]
15:26:35.718 DEBUG o.apache.catalina.util.LifecycleBase - Setting state for [StandardEngine[Tomcat].StandardHost[localhost]] to [STARTING_PREP]
15:26:35.718 DEBUG o.apache.catalina.util.LifecycleBase - Setting state for [StandardEngine[Tomcat].StandardHost[localhost].TomcatEmbeddedContext[]] to [INITIALIZING]
15:26:35.719 DEBUG o.apache.catalina.util.LifecycleBase - Setting state for [StandardEngine[Tomcat].StandardHost[localhost].TomcatEmbeddedContext[]] to [INITIALIZED]
15:26:35.719 DEBUG o.apache.catalina.util.LifecycleBase - Setting state for [StandardEngine[Tomcat].StandardHost[localhost].TomcatEmbeddedContext[]] to [STARTING_PREP]
15:26:35.720 DEBUG o.a.catalina.core.StandardContext - Starting ROOT
15:26:35.736 DEBUG o.a.catalina.core.StandardContext - Configuring default Resources
15:26:35.741 DEBUG o.apache.catalina.util.LifecycleBase - Setting state for [org.apache.catalina.webresources.StandardRoot@3dffc764] to [INITIALIZING]
15:26:35.742 DEBUG o.apache.catalina.util.LifecycleBase - Setting state for [org.apache.catalina.webresources.StandardRoot@3dffc764] to [INITIALIZED]
15:26:35.743 DEBUG o.apache.catalina.util.LifecycleBase - Setting state for [org.apache.catalina.webresources.StandardRoot@3dffc764] to [STARTING_PREP]
15:26:35.744 DEBUG o.apache.catalina.util.LifecycleBase - Setting state for [org.apache.catalina.webresources.DirResourceSet@1a2bcd56] to [INITIALIZING]
15:26:35.746 DEBUG o.apache.catalina.util.LifecycleBase - Setting state for [org.apache.catalina.webresources.DirResourceSet@1a2bcd56] to [INITIALIZED]
15:26:35.746 DEBUG o.apache.catalina.util.LifecycleBase - Setting state for [org.apache.catalina.webresources.DirResourceSet@1a2bcd56] to [STARTING_PREP]
15:26:35.746 DEBUG o.apache.catalina.util.LifecycleBase - Setting state for [org.apache.catalina.webresources.DirResourceSet@1a2bcd56] to [STARTING]
15:26:35.746 DEBUG o.apache.catalina.util.LifecycleBase - Setting state for [org.apache.catalina.webresources.DirResourceSet@1a2bcd56] to [STARTED]
15:26:35.746 DEBUG o.apache.catalina.util.LifecycleBase - Setting state for [org.apache.catalina.webresources.StandardRoot@3dffc764] to [STARTING]
15:26:35.746 DEBUG o.apache.catalina.util.LifecycleBase - Setting state for [org.apache.catalina.webresources.StandardRoot@3dffc764] to [STARTED]
15:26:35.747 DEBUG o.a.catalina.core.StandardContext - Processing standard container startup
15:26:35.747 DEBUG o.apache.catalina.util.LifecycleBase - Setting state for [WebappLoader[StandardEngine[Tomcat].StandardHost[localhost].TomcatEmbeddedContext[]]] to [INITIALIZING]
15:26:35.747 DEBUG o.apache.catalina.util.LifecycleBase - Setting state for [WebappLoader[StandardEngine[Tomcat].StandardHost[localhost].TomcatEmbeddedContext[]]] to [INITIALIZED]
15:26:35.747 DEBUG o.apache.catalina.util.LifecycleBase - Setting state for [WebappLoader[StandardEngine[Tomcat].StandardHost[localhost].TomcatEmbeddedContext[]]] to [STARTING_PREP]
15:26:35.747 DEBUG o.a.catalina.loader.WebappLoader - Starting this Loader
15:26:35.756 DEBUG o.apache.catalina.util.LifecycleBase - Setting state for [WebappLoader[StandardEngine[Tomcat].StandardHost[localhost].TomcatEmbeddedContext[]]] to [STARTING]
15:26:35.756 DEBUG o.apache.catalina.util.LifecycleBase - Setting state for [WebappLoader[StandardEngine[Tomcat].StandardHost[localhost].TomcatEmbeddedContext[]]] to [STARTED]
15:26:35.788 DEBUG o.apache.catalina.util.LifecycleBase - Setting state for [StandardPipeline[StandardEngine[Tomcat].StandardHost[localhost].TomcatEmbeddedContext[]]] to [INITIALIZING]
15:26:35.789 DEBUG o.apache.catalina.util.LifecycleBase - Setting state for [StandardPipeline[StandardEngine[Tomcat].StandardHost[localhost].TomcatEmbeddedContext[]]] to [INITIALIZED]
15:26:35.790 DEBUG o.apache.catalina.util.LifecycleBase - Setting state for [StandardPipeline[StandardEngine[Tomcat].StandardHost[localhost].TomcatEmbeddedContext[]]] to [STARTING_PREP]
15:26:35.791 DEBUG o.apache.catalina.util.LifecycleBase - Setting state for [NonLoginAuthenticator[StandardEngine[Tomcat].StandardHost[localhost].TomcatEmbeddedContext[]]] to [INITIALIZING]
15:26:35.791 DEBUG o.apache.catalina.util.LifecycleBase - Setting state for [NonLoginAuthenticator[StandardEngine[Tomcat].StandardHost[localhost].TomcatEmbeddedContext[]]] to [INITIALIZED]
15:26:35.791 DEBUG o.apache.catalina.util.LifecycleBase - Setting state for [NonLoginAuthenticator[StandardEngine[Tomcat].StandardHost[localhost].TomcatEmbeddedContext[]]] to [STARTING_PREP]
15:26:35.793 DEBUG o.a.c.a.AuthenticatorBase - No SingleSignOn Valve is present
15:26:35.793 DEBUG o.apache.catalina.util.LifecycleBase - Setting state for [NonLoginAuthenticator[StandardEngine[Tomcat].StandardHost[localhost].TomcatEmbeddedContext[]]] to [STARTING]
15:26:35.793 DEBUG o.apache.catalina.util.LifecycleBase - Setting state for [NonLoginAuthenticator[StandardEngine[Tomcat].StandardHost[localhost].TomcatEmbeddedContext[]]] to [STARTED]
15:26:35.793 DEBUG o.apache.catalina.util.LifecycleBase - Setting state for [StandardContextValve[StandardEngine[Tomcat].StandardHost[localhost].TomcatEmbeddedContext[]]] to [INITIALIZING]
15:26:35.794 DEBUG o.apache.catalina.util.LifecycleBase - Setting state for [StandardContextValve[StandardEngine[Tomcat].StandardHost[localhost].TomcatEmbeddedContext[]]] to [INITIALIZED]
15:26:35.794 DEBUG o.apache.catalina.util.LifecycleBase - Setting state for [StandardContextValve[StandardEngine[Tomcat].StandardHost[localhost].TomcatEmbeddedContext[]]] to [STARTING_PREP]
15:26:35.794 DEBUG o.apache.catalina.util.LifecycleBase - Setting state for [StandardContextValve[StandardEngine[Tomcat].StandardHost[localhost].TomcatEmbeddedContext[]]] to [STARTING]
15:26:35.795 DEBUG o.apache.catalina.util.LifecycleBase - Setting state for [StandardContextValve[StandardEngine[Tomcat].StandardHost[localhost].TomcatEmbeddedContext[]]] to [STARTED]
15:26:35.795 DEBUG o.apache.catalina.util.LifecycleBase - Setting state for [StandardPipeline[StandardEngine[Tomcat].StandardHost[localhost].TomcatEmbeddedContext[]]] to [STARTING]
15:26:35.795 DEBUG o.apache.catalina.util.LifecycleBase - Setting state for [StandardPipeline[StandardEngine[Tomcat].StandardHost[localhost].TomcatEmbeddedContext[]]] to [STARTED]
15:26:35.795 DEBUG o.a.catalina.core.StandardContext - No manager found. Checking if cluster manager should be used. Cluster configured: [false], Application distributable: [false]
15:26:35.809 DEBUG o.a.catalina.core.StandardContext - Configured a manager of class [org.apache.catalina.session.StandardManager]
15:26:35.810 DEBUG o.apache.catalina.util.LifecycleBase - Setting state for [org.apache.catalina.deploy.NamingResourcesImpl@53cf9c99] to [INITIALIZING]
15:26:35.810 DEBUG o.apache.catalina.util.LifecycleBase - Setting state for [org.apache.catalina.deploy.NamingResourcesImpl@53cf9c99] to [INITIALIZED]
15:26:35.810 DEBUG o.apache.catalina.util.LifecycleBase - Setting state for [org.apache.catalina.deploy.NamingResourcesImpl@53cf9c99] to [STARTING_PREP]
15:26:35.811 DEBUG o.apache.catalina.util.LifecycleBase - Setting state for [org.apache.catalina.deploy.NamingResourcesImpl@53cf9c99] to [STARTING]
15:26:35.811 DEBUG o.apache.catalina.util.LifecycleBase - Setting state for [org.apache.catalina.deploy.NamingResourcesImpl@53cf9c99] to [STARTED]
15:26:35.834 INFO  o.a.c.c.C.[Tomcat].[localhost].[/] - Initializing Spring embedded WebApplicationContext
15:26:35.869 DEBUG o.apache.catalina.core.ContainerBase - Add container child [StandardWrapper[dispatcherServlet]] to container [StandardEngine[Tomcat].StandardHost[localhost].TomcatEmbeddedContext[]]
15:26:35.870 DEBUG o.apache.catalina.util.LifecycleBase - Setting state for [StandardEngine[Tomcat].StandardHost[localhost].TomcatEmbeddedContext[].StandardWrapper[dispatcherServlet]] to [INITIALIZING]
15:26:35.871 DEBUG o.apache.catalina.util.LifecycleBase - Setting state for [StandardEngine[Tomcat].StandardHost[localhost].TomcatEmbeddedContext[].StandardWrapper[dispatcherServlet]] to [INITIALIZED]
15:26:35.872 DEBUG o.apache.catalina.util.LifecycleBase - Setting state for [StandardEngine[Tomcat].StandardHost[localhost].TomcatEmbeddedContext[].StandardWrapper[dispatcherServlet]] to [STARTING_PREP]
15:26:35.872 DEBUG o.apache.catalina.util.LifecycleBase - Setting state for [StandardPipeline[StandardEngine[Tomcat].StandardHost[localhost].TomcatEmbeddedContext[].StandardWrapper[dispatcherServlet]]] to [INITIALIZING]
15:26:35.873 DEBUG o.apache.catalina.util.LifecycleBase - Setting state for [StandardPipeline[StandardEngine[Tomcat].StandardHost[localhost].TomcatEmbeddedContext[].StandardWrapper[dispatcherServlet]]] to [INITIALIZED]
15:26:35.873 DEBUG o.apache.catalina.util.LifecycleBase - Setting state for [StandardPipeline[StandardEngine[Tomcat].StandardHost[localhost].TomcatEmbeddedContext[].StandardWrapper[dispatcherServlet]]] to [STARTING_PREP]
15:26:35.874 DEBUG o.apache.catalina.util.LifecycleBase - Setting state for [StandardWrapperValve[StandardEngine[Tomcat].StandardHost[localhost].TomcatEmbeddedContext[].StandardWrapper[dispatcherServlet]]] to [INITIALIZING]
15:26:35.874 DEBUG o.apache.catalina.util.LifecycleBase - Setting state for [StandardWrapperValve[StandardEngine[Tomcat].StandardHost[localhost].TomcatEmbeddedContext[].StandardWrapper[dispatcherServlet]]] to [INITIALIZED]
15:26:35.875 DEBUG o.apache.catalina.util.LifecycleBase - Setting state for [StandardWrapperValve[StandardEngine[Tomcat].StandardHost[localhost].TomcatEmbeddedContext[].StandardWrapper[dispatcherServlet]]] to [STARTING_PREP]
15:26:35.876 DEBUG o.apache.catalina.util.LifecycleBase - Setting state for [StandardWrapperValve[StandardEngine[Tomcat].StandardHost[localhost].TomcatEmbeddedContext[].StandardWrapper[dispatcherServlet]]] to [STARTING]
15:26:35.876 DEBUG o.apache.catalina.util.LifecycleBase - Setting state for [StandardWrapperValve[StandardEngine[Tomcat].StandardHost[localhost].TomcatEmbeddedContext[].StandardWrapper[dispatcherServlet]]] to [STARTED]
15:26:35.878 DEBUG o.apache.catalina.util.LifecycleBase - Setting state for [StandardPipeline[StandardEngine[Tomcat].StandardHost[localhost].TomcatEmbeddedContext[].StandardWrapper[dispatcherServlet]]] to [STARTING]
15:26:35.878 DEBUG o.apache.catalina.util.LifecycleBase - Setting state for [StandardPipeline[StandardEngine[Tomcat].StandardHost[localhost].TomcatEmbeddedContext[].StandardWrapper[dispatcherServlet]]] to [STARTED]
15:26:35.879 DEBUG o.apache.catalina.util.LifecycleBase - Setting state for [StandardEngine[Tomcat].StandardHost[localhost].TomcatEmbeddedContext[].StandardWrapper[dispatcherServlet]] to [STARTING]
15:26:35.879 DEBUG o.apache.catalina.util.LifecycleBase - Setting state for [StandardEngine[Tomcat].StandardHost[localhost].TomcatEmbeddedContext[].StandardWrapper[dispatcherServlet]] to [STARTED]
15:26:35.913 DEBUG o.a.catalina.core.StandardContext - Configuring application event listeners
15:26:35.914 DEBUG o.a.c.c.C.[Tomcat].[localhost].[/] - Sending application start events
15:26:35.920 DEBUG o.apache.catalina.util.LifecycleBase - Setting state for [StandardManager[StandardEngine[Tomcat].StandardHost[localhost].TomcatEmbeddedContext[]]] to [INITIALIZING]
15:26:35.920 DEBUG o.apache.catalina.util.LifecycleBase - Setting state for [StandardManager[StandardEngine[Tomcat].StandardHost[localhost].TomcatEmbeddedContext[]]] to [INITIALIZED]
15:26:35.920 DEBUG o.apache.catalina.util.LifecycleBase - Setting state for [StandardManager[StandardEngine[Tomcat].StandardHost[localhost].TomcatEmbeddedContext[]]] to [STARTING_PREP]
15:26:35.921 DEBUG o.apache.catalina.util.LifecycleBase - Setting state for [org.springframework.boot.web.embedded.tomcat.LazySessionIdGenerator@714f3da4] to [INITIALIZING]
15:26:35.921 DEBUG o.apache.catalina.util.LifecycleBase - Setting state for [org.springframework.boot.web.embedded.tomcat.LazySessionIdGenerator@714f3da4] to [INITIALIZED]
15:26:35.922 DEBUG o.apache.catalina.util.LifecycleBase - Setting state for [org.springframework.boot.web.embedded.tomcat.LazySessionIdGenerator@714f3da4] to [STARTING_PREP]
15:26:35.922 DEBUG o.apache.catalina.util.LifecycleBase - Setting state for [org.springframework.boot.web.embedded.tomcat.LazySessionIdGenerator@714f3da4] to [STARTING]
15:26:35.922 DEBUG o.apache.catalina.util.LifecycleBase - Setting state for [org.springframework.boot.web.embedded.tomcat.LazySessionIdGenerator@714f3da4] to [STARTED]
15:26:35.923 DEBUG o.a.catalina.session.StandardManager - Start: Loading persisted sessions
15:26:35.923 DEBUG o.apache.catalina.util.LifecycleBase - Setting state for [StandardManager[StandardEngine[Tomcat].StandardHost[localhost].TomcatEmbeddedContext[]]] to [STARTING]
15:26:35.924 DEBUG o.apache.catalina.util.LifecycleBase - Setting state for [StandardManager[StandardEngine[Tomcat].StandardHost[localhost].TomcatEmbeddedContext[]]] to [STARTED]
15:26:35.924 DEBUG o.a.c.c.C.[Tomcat].[localhost].[/] - Starting filters
15:26:35.925 DEBUG o.a.c.c.C.[Tomcat].[localhost].[/] -  Starting filter 'requestContextFilter'
15:26:35.938 DEBUG o.a.c.c.C.[Tomcat].[localhost].[/] -  Starting filter 'Tomcat WebSocket (JSR356) Filter'
15:26:35.939 DEBUG o.a.c.c.C.[Tomcat].[localhost].[/] -  Starting filter 'characterEncodingFilter'
15:26:35.940 DEBUG o.a.c.c.C.[Tomcat].[localhost].[/] -  Starting filter 'formContentFilter'
15:26:35.941 DEBUG o.a.catalina.core.StandardContext - Starting completed
15:26:35.941 DEBUG o.apache.catalina.util.LifecycleBase - Setting state for [StandardEngine[Tomcat].StandardHost[localhost].TomcatEmbeddedContext[]] to [STARTING]
15:26:35.942 DEBUG o.apache.catalina.util.LifecycleBase - Setting state for [StandardEngine[Tomcat].StandardHost[localhost].TomcatEmbeddedContext[]] to [STARTED]
15:26:35.942 DEBUG o.apache.catalina.util.LifecycleBase - Setting state for [StandardPipeline[StandardEngine[Tomcat].StandardHost[localhost]]] to [INITIALIZING]
15:26:35.943 DEBUG o.apache.catalina.util.LifecycleBase - Setting state for [StandardPipeline[StandardEngine[Tomcat].StandardHost[localhost]]] to [INITIALIZED]
15:26:35.943 DEBUG o.apache.catalina.util.LifecycleBase - Setting state for [StandardPipeline[StandardEngine[Tomcat].StandardHost[localhost]]] to [STARTING_PREP]
15:26:35.944 DEBUG o.apache.catalina.util.LifecycleBase - Setting state for [ErrorReportValve[StandardEngine[Tomcat].StandardHost[localhost]]] to [INITIALIZING]
15:26:35.944 DEBUG o.apache.catalina.util.LifecycleBase - Setting state for [ErrorReportValve[StandardEngine[Tomcat].StandardHost[localhost]]] to [INITIALIZED]
15:26:35.945 DEBUG o.apache.catalina.util.LifecycleBase - Setting state for [ErrorReportValve[StandardEngine[Tomcat].StandardHost[localhost]]] to [STARTING_PREP]
15:26:35.945 DEBUG o.apache.catalina.util.LifecycleBase - Setting state for [ErrorReportValve[StandardEngine[Tomcat].StandardHost[localhost]]] to [STARTING]
15:26:35.946 DEBUG o.apache.catalina.util.LifecycleBase - Setting state for [ErrorReportValve[StandardEngine[Tomcat].StandardHost[localhost]]] to [STARTED]
15:26:35.946 DEBUG o.apache.catalina.util.LifecycleBase - Setting state for [StandardHostValve[StandardEngine[Tomcat].StandardHost[localhost]]] to [INITIALIZING]
15:26:35.946 DEBUG o.apache.catalina.util.LifecycleBase - Setting state for [StandardHostValve[StandardEngine[Tomcat].StandardHost[localhost]]] to [INITIALIZED]
15:26:35.947 DEBUG o.apache.catalina.util.LifecycleBase - Setting state for [StandardHostValve[StandardEngine[Tomcat].StandardHost[localhost]]] to [STARTING_PREP]
15:26:35.947 DEBUG o.apache.catalina.util.LifecycleBase - Setting state for [StandardHostValve[StandardEngine[Tomcat].StandardHost[localhost]]] to [STARTING]
15:26:35.948 DEBUG o.apache.catalina.util.LifecycleBase - Setting state for [StandardHostValve[StandardEngine[Tomcat].StandardHost[localhost]]] to [STARTED]
15:26:35.948 DEBUG o.apache.catalina.util.LifecycleBase - Setting state for [StandardPipeline[StandardEngine[Tomcat].StandardHost[localhost]]] to [STARTING]
15:26:35.948 DEBUG o.apache.catalina.util.LifecycleBase - Setting state for [StandardPipeline[StandardEngine[Tomcat].StandardHost[localhost]]] to [STARTED]
15:26:35.949 DEBUG o.apache.catalina.util.LifecycleBase - Setting state for [StandardEngine[Tomcat].StandardHost[localhost]] to [STARTING]
15:26:35.949 DEBUG o.apache.catalina.util.LifecycleBase - Setting state for [StandardEngine[Tomcat].StandardHost[localhost]] to [STARTED]
15:26:35.949 DEBUG o.apache.catalina.util.LifecycleBase - Setting state for [StandardPipeline[StandardEngine[Tomcat]]] to [INITIALIZING]
15:26:35.949 DEBUG o.apache.catalina.util.LifecycleBase - Setting state for [StandardPipeline[StandardEngine[Tomcat]]] to [INITIALIZED]
15:26:35.949 DEBUG o.apache.catalina.util.LifecycleBase - Setting state for [StandardPipeline[StandardEngine[Tomcat]]] to [STARTING_PREP]
15:26:35.950 DEBUG o.apache.catalina.util.LifecycleBase - Setting state for [StandardEngineValve[StandardEngine[Tomcat]]] to [INITIALIZING]
15:26:35.950 DEBUG o.apache.catalina.util.LifecycleBase - Setting state for [StandardEngineValve[StandardEngine[Tomcat]]] to [INITIALIZED]
15:26:35.951 DEBUG o.apache.catalina.util.LifecycleBase - Setting state for [StandardEngineValve[StandardEngine[Tomcat]]] to [STARTING_PREP]
15:26:35.951 DEBUG o.apache.catalina.util.LifecycleBase - Setting state for [StandardEngineValve[StandardEngine[Tomcat]]] to [STARTING]
15:26:35.952 DEBUG o.apache.catalina.util.LifecycleBase - Setting state for [StandardEngineValve[StandardEngine[Tomcat]]] to [STARTED]
15:26:35.952 DEBUG o.apache.catalina.util.LifecycleBase - Setting state for [StandardPipeline[StandardEngine[Tomcat]]] to [STARTING]
15:26:35.952 DEBUG o.apache.catalina.util.LifecycleBase - Setting state for [StandardPipeline[StandardEngine[Tomcat]]] to [STARTED]
15:26:35.953 DEBUG o.apache.catalina.util.LifecycleBase - Setting state for [StandardEngine[Tomcat]] to [STARTING]
15:26:35.958 DEBUG o.apache.catalina.util.LifecycleBase - Setting state for [StandardEngine[Tomcat]] to [STARTED]
15:26:35.958 DEBUG o.apache.catalina.util.LifecycleBase - Setting state for [org.apache.catalina.core.StandardThreadExecutor@7a0ef219] to [STARTING_PREP]
15:26:35.969 DEBUG o.apache.catalina.util.LifecycleBase - Setting state for [org.apache.catalina.core.StandardThreadExecutor@7a0ef219] to [STARTING]
15:26:35.969 DEBUG o.apache.catalina.util.LifecycleBase - Setting state for [org.apache.catalina.core.StandardThreadExecutor@7a0ef219] to [STARTED]
15:26:35.970 DEBUG o.apache.catalina.util.LifecycleBase - Setting state for [org.apache.catalina.mapper.MapperListener@1b1f5012] to [STARTING_PREP]
15:26:35.970 DEBUG o.apache.catalina.util.LifecycleBase - Setting state for [org.apache.catalina.mapper.MapperListener@1b1f5012] to [STARTING]
15:26:35.971 DEBUG org.apache.catalina.mapper.Mapper - Registered host [localhost]
15:26:35.973 DEBUG o.a.catalina.mapper.MapperListener - Register Wrapper [dispatcherServlet] in Context [] for service [StandardService[Tomcat]]
15:26:35.973 DEBUG o.a.catalina.mapper.MapperListener - Register Context [] for service [StandardService[Tomcat]]
15:26:35.974 DEBUG o.a.catalina.mapper.MapperListener - Register host [localhost] at domain [null] for service [StandardService[Tomcat]]
15:26:35.974 DEBUG o.apache.catalina.util.LifecycleBase - Setting state for [org.apache.catalina.mapper.MapperListener@1b1f5012] to [STARTED]
15:26:35.974 DEBUG o.apache.catalina.util.LifecycleBase - Setting state for [StandardService[Tomcat]] to [STARTED]
15:26:35.974 DEBUG o.apache.catalina.util.LifecycleBase - Setting state for [StandardServer[-1]] to [STARTED]
15:26:36.743 DEBUG o.apache.catalina.util.LifecycleBase - Setting state for [Connector["http-nio-8001"]] to [STARTING_PREP]
15:26:36.743 DEBUG o.apache.catalina.util.LifecycleBase - Setting state for [Connector["http-nio-8001"]] to [STARTING]
15:26:36.743 INFO  o.a.coyote.http11.Http11NioProtocol - Starting ProtocolHandler ["http-nio-8001"]
15:26:36.762 DEBUG o.apache.catalina.util.LifecycleBase - Setting state for [Connector["http-nio-8001"]] to [STARTED]
15:26:36.764 DEBUG o.a.tomcat.util.threads.LimitLatch - Counting up[http-nio-8001-Acceptor] latch=0
15:26:36.788 INFO  com.marsol.sync.MainClass - Aplicación iniciada correctamente.
15:26:36.790 DEBUG i.m.c.u.i.l.InternalLoggerFactory - Using SLF4J as the default logging framework
15:26:36.791 INFO  c.m.s.a.ScalesNetworkController - Evaluando si existen balanzas por actualizar.
15:26:36.794 TRACE i.m.o.SimpleObservation$SimpleScope - NoOp observation used with SimpleScope
15:26:36.794 INFO  c.m.s.a.ScalesNetworkController - Evaluando si existe balanzas que requieran una cargaLayout o cargaMaestra.
15:26:36.794 TRACE i.m.o.SimpleObservation$SimpleScope - NoOp observation used with SimpleScope
15:26:36.795 INFO  c.m.s.a.ScalesNetworkController - Actualizando Set de Balanzas Actualizacion Forzada.
15:26:37.770 DEBUG o.apache.tomcat.util.net.NioEndpoint - timeout completed: keys processed=0; now=1752866797765; nextExpiration=0; keyCount=0; hasEvents=false; eval=false
15:26:38.771 DEBUG o.apache.tomcat.util.net.NioEndpoint - timeout completed: keys processed=0; now=1752866798771; nextExpiration=1752866798765; keyCount=0; hasEvents=false; eval=false
15:26:39.778 DEBUG o.apache.tomcat.util.net.NioEndpoint - timeout completed: keys processed=0; now=1752866799778; nextExpiration=1752866799771; keyCount=0; hasEvents=false; eval=false
15:26:40.788 DEBUG o.apache.tomcat.util.net.NioEndpoint - timeout completed: keys processed=0; now=1752866800788; nextExpiration=1752866800778; keyCount=0; hasEvents=false; eval=false
15:26:41.793 DEBUG o.apache.tomcat.util.net.NioEndpoint - timeout completed: keys processed=0; now=1752866801793; nextExpiration=1752866801788; keyCount=0; hasEvents=false; eval=false
15:26:42.800 DEBUG o.apache.tomcat.util.net.NioEndpoint - timeout completed: keys processed=0; now=1752866802800; nextExpiration=1752866802793; keyCount=0; hasEvents=false; eval=false
15:26:43.808 DEBUG o.apache.tomcat.util.net.NioEndpoint - timeout completed: keys processed=0; now=1752866803808; nextExpiration=1752866803800; keyCount=0; hasEvents=false; eval=false
15:26:44.808 DEBUG o.a.tomcat.util.threads.LimitLatch - Counting up[http-nio-8001-Acceptor] latch=1
15:26:44.809 DEBUG o.apache.tomcat.util.net.NioEndpoint - timeout completed: keys processed=1; now=1752866804809; nextExpiration=1752866804808; keyCount=0; hasEvents=true; eval=false
15:26:44.812 DEBUG o.a.coyote.http11.Http11NioProtocol - Processing socket [org.apache.tomcat.util.net.NioChannel@1bd6b4ea:java.nio.channels.SocketChannel[connected local=/[0:0:0:0:0:0:0:1]:8001 remote=/[0:0:0:0:0:0:0:1]:56182]] with status [OPEN_READ]
15:26:44.812 DEBUG o.a.coyote.http11.Http11NioProtocol - Found processor [null] for socket [org.apache.tomcat.util.net.NioChannel@1bd6b4ea:java.nio.channels.SocketChannel[connected local=/[0:0:0:0:0:0:0:1]:8001 remote=/[0:0:0:0:0:0:0:1]:56182]]
15:26:44.812 DEBUG o.a.coyote.http11.Http11NioProtocol - Popped processor [null] from cache
15:26:44.848 DEBUG o.a.coyote.http11.Http11NioProtocol - Register [org.apache.coyote.http11.Http11Processor@352d0cf6] as [Tomcat:type=RequestProcessor,worker="http-nio-8001",name=HttpRequest1]
15:26:44.848 DEBUG o.a.coyote.http11.Http11NioProtocol - Created new processor [org.apache.coyote.http11.Http11Processor@352d0cf6]
15:26:44.854 DEBUG o.a.coyote.http11.Http11InputBuffer - Before fill(): parsingHeader: [true], parsingRequestLine: [true], parsingRequestLinePhase: [0], parsingRequestLineStart: [0], byteBuffer.position(): [0], byteBuffer.limit(): [0], end: [0]
15:26:44.854 DEBUG o.a.t.util.net.SocketWrapperBase - Socket: [org.apache.tomcat.util.net.NioEndpoint$NioSocketWrapper@746d59c6:org.apache.tomcat.util.net.NioChannel@1bd6b4ea:java.nio.channels.SocketChannel[connected local=/[0:0:0:0:0:0:0:1]:8001 remote=/[0:0:0:0:0:0:0:1]:56182]], Read from buffer: [0]
15:26:44.855 DEBUG o.apache.tomcat.util.net.NioEndpoint - Socket: [org.apache.tomcat.util.net.NioEndpoint$NioSocketWrapper@746d59c6:org.apache.tomcat.util.net.NioChannel@1bd6b4ea:java.nio.channels.SocketChannel[connected local=/[0:0:0:0:0:0:0:1]:8001 remote=/[0:0:0:0:0:0:0:1]:56182]], Read direct from socket: [634]
15:26:44.855 DEBUG o.a.coyote.http11.Http11InputBuffer - Received [GET /cargar HTTP/1.1
Host: localhost:8001
Connection: keep-alive
sec-ch-ua: "Not)A;Brand";v="8", "Chromium";v="138", "Brave";v="138"
sec-ch-ua-mobile: ?0
sec-ch-ua-platform: "Windows"
Upgrade-Insecure-Requests: 1
User-Agent: Mozilla/5.0 (Windows NT 10.0; Win64; x64) AppleWebKit/537.36 (KHTML, like Gecko) Chrome/138.0.0.0 Safari/537.36
Accept: text/html,application/xhtml+xml,application/xml;q=0.9,image/avif,image/webp,image/apng,*/*;q=0.8
Sec-GPC: 1
Accept-Language: es-ES,es;q=0.5
Sec-Fetch-Site: none
Sec-Fetch-Mode: navigate
Sec-Fetch-User: ?1
Sec-Fetch-Dest: document
Accept-Encoding: gzip, deflate, br, zstd

]
15:26:44.885 DEBUG o.apache.tomcat.util.http.Parameters - Set query string encoding to UTF-8
15:26:44.888 DEBUG o.a.c.a.AuthenticatorBase - Security checking request GET /cargar
15:26:44.889 DEBUG org.apache.catalina.realm.RealmBase -   No applicable constraints defined
15:26:44.895 DEBUG o.a.c.a.jaspic.AuthConfigFactoryImpl - Loading persistent provider registrations from [C:\Users\sistemas\AppData\Local\Temp\tomcat.8001.7799967013958762107\conf\jaspic-providers.xml]
15:26:44.896 DEBUG o.a.c.a.AuthenticatorBase - Not subject to any constraint
15:26:44.900 INFO  o.a.c.c.C.[Tomcat].[localhost].[/] - Initializing Spring DispatcherServlet 'dispatcherServlet'
15:26:44.901 DEBUG o.a.catalina.core.StandardWrapper -   Returning instance
15:26:44.961 TRACE o.t.s.view.ThymeleafViewResolver - [THYMELEAF] View cargar will be handled by ThymeleafViewResolver and a ThymeleafView instance will be created for it
15:26:44.984 DEBUG org.thymeleaf.TemplateEngine - [THYMELEAF] INITIALIZING TEMPLATE ENGINE
15:26:45.184 TRACE o.t.T.cache.TEMPLATE_CACHE - [THYMELEAF][CACHE_INITIALIZE] Initializing cache TEMPLATE_CACHE. Max size: 200. Soft references are used.
15:26:45.198 DEBUG o.a.c.loader.WebappClassLoaderBase - getResourceAsStream(org/thymeleaf/thymeleaf.properties)
15:26:45.198 DEBUG o.a.c.loader.WebappClassLoaderBase -   Delegating to parent classloader jdk.internal.loader.ClassLoaders$AppClassLoader@60e53b93
15:26:45.199 DEBUG o.a.c.loader.WebappClassLoaderBase -   --> Returning stream from parent
15:26:45.232 TRACE org.thymeleaf.TemplateEngine.CONFIG - Initializing Thymeleaf Template engine configuration...
[THYMELEAF] TEMPLATE ENGINE CONFIGURATION:
[THYMELEAF] * Thymeleaf version: 3.1.2.RELEASE (built 2023-07-30T19:25:50+0000)
[THYMELEAF] * Cache Manager implementation: org.thymeleaf.cache.StandardCacheManager
[THYMELEAF] * Template resolvers:
[THYMELEAF]     * org.thymeleaf.spring6.templateresolver.SpringResourceTemplateResolver
[THYMELEAF] * Message resolvers:
[THYMELEAF]     * org.thymeleaf.spring6.messageresolver.SpringMessageResolver
[THYMELEAF] * Link builders:
[THYMELEAF]     * org.thymeleaf.linkbuilder.StandardLinkBuilder
[THYMELEAF] * Dialect: SpringStandard (org.thymeleaf.spring6.dialect.SpringStandardDialect)
[THYMELEAF]     * Prefix: "th"
[THYMELEAF]     * Processors for Template Mode: HTML
[THYMELEAF]         * Element Tag Processors by [matching element and attribute name] [precedence]:
[THYMELEAF]             * [* {th:include,data-th-include}] [100]: org.thymeleaf.standard.processor.StandardIncludeTagProcessor
[THYMELEAF]             * [* {th:insert,data-th-insert}] [100]: org.thymeleaf.standard.processor.StandardInsertTagProcessor
[THYMELEAF]             * [* {th:replace,data-th-replace}] [100]: org.thymeleaf.standard.processor.StandardReplaceTagProcessor
[THYMELEAF]             * [* {th:each,data-th-each}] [200]: org.thymeleaf.standard.processor.StandardEachTagProcessor
[THYMELEAF]             * [* {th:switch,data-th-switch}] [250]: org.thymeleaf.standard.processor.StandardSwitchTagProcessor
[THYMELEAF]             * [* {th:case,data-th-case}] [275]: org.thymeleaf.standard.processor.StandardCaseTagProcessor
[THYMELEAF]             * [* {th:if,data-th-if}] [300]: org.thymeleaf.standard.processor.StandardIfTagProcessor
[THYMELEAF]             * [* {th:unless,data-th-unless}] [400]: org.thymeleaf.standard.processor.StandardUnlessTagProcessor
[THYMELEAF]             * [* {th:object,data-th-object}] [500]: org.thymeleaf.spring6.processor.SpringObjectTagProcessor
[THYMELEAF]             * [* {th:with,data-th-with}] [600]: org.thymeleaf.standard.processor.StandardWithTagProcessor
[THYMELEAF]             * [* {th:attr,data-th-attr}] [700]: org.thymeleaf.standard.processor.StandardAttrTagProcessor
[THYMELEAF]             * [* {th:attrprepend,data-th-attrprepend}] [800]: org.thymeleaf.standard.processor.StandardAttrprependTagProcessor
[THYMELEAF]             * [* {th:attrappend,data-th-attrappend}] [900]: org.thymeleaf.standard.processor.StandardAttrappendTagProcessor
[THYMELEAF]             * [* {th:method,data-th-method}] [990]: org.thymeleaf.spring6.processor.SpringMethodTagProcessor
[THYMELEAF]             * [* {th:alt-title,data-th-alt-title}] [990]: org.thymeleaf.standard.processor.StandardAltTitleTagProcessor
[THYMELEAF]             * [* {th:lang-xmllang,data-th-lang-xmllang}] [990]: org.thymeleaf.standard.processor.StandardLangXmlLangTagProcessor
[THYMELEAF]             * [* {th:action,data-th-action}] [1000]: org.thymeleaf.spring6.processor.SpringActionTagProcessor
[THYMELEAF]             * [* {th:href,data-th-href}] [1000]: org.thymeleaf.spring6.processor.SpringHrefTagProcessor
[THYMELEAF]             * [* {th:src,data-th-src}] [1000]: org.thymeleaf.spring6.processor.SpringSrcTagProcessor
[THYMELEAF]             * [* {th:autoplay,data-th-autoplay}] [1000]: org.thymeleaf.standard.processor.StandardConditionalFixedValueTagProcessor
[THYMELEAF]             * [* {th:async,data-th-async}] [1000]: org.thymeleaf.standard.processor.StandardConditionalFixedValueTagProcessor
[THYMELEAF]             * [* {th:scoped,data-th-scoped}] [1000]: org.thymeleaf.standard.processor.StandardConditionalFixedValueTagProcessor
[THYMELEAF]             * [* {th:selected,data-th-selected}] [1000]: org.thymeleaf.standard.processor.StandardConditionalFixedValueTagProcessor
[THYMELEAF]             * [* {th:ismap,data-th-ismap}] [1000]: org.thymeleaf.standard.processor.StandardConditionalFixedValueTagProcessor
[THYMELEAF]             * [* {th:autofocus,data-th-autofocus}] [1000]: org.thymeleaf.standard.processor.StandardConditionalFixedValueTagProcessor
[THYMELEAF]             * [* {th:hidden,data-th-hidden}] [1000]: org.thymeleaf.standard.processor.StandardConditionalFixedValueTagProcessor
[THYMELEAF]             * [* {th:required,data-th-required}] [1000]: org.thymeleaf.standard.processor.StandardConditionalFixedValueTagProcessor
[THYMELEAF]             * [* {th:checked,data-th-checked}] [1000]: org.thymeleaf.standard.processor.StandardConditionalFixedValueTagProcessor
[THYMELEAF]             * [* {th:multiple,data-th-multiple}] [1000]: org.thymeleaf.standard.processor.StandardConditionalFixedValueTagProcessor
[THYMELEAF]             * [* {th:defer,data-th-defer}] [1000]: org.thymeleaf.standard.processor.StandardConditionalFixedValueTagProcessor
[THYMELEAF]             * [* {th:declare,data-th-declare}] [1000]: org.thymeleaf.standard.processor.StandardConditionalFixedValueTagProcessor
[THYMELEAF]             * [* {th:novalidate,data-th-novalidate}] [1000]: org.thymeleaf.standard.processor.StandardConditionalFixedValueTagProcessor
[THYMELEAF]             * [* {th:seamless,data-th-seamless}] [1000]: org.thymeleaf.standard.processor.StandardConditionalFixedValueTagProcessor
[THYMELEAF]             * [* {th:controls,data-th-controls}] [1000]: org.thymeleaf.standard.processor.StandardConditionalFixedValueTagProcessor
[THYMELEAF]             * [* {th:reversed,data-th-reversed}] [1000]: org.thymeleaf.standard.processor.StandardConditionalFixedValueTagProcessor
[THYMELEAF]             * [* {th:pubdate,data-th-pubdate}] [1000]: org.thymeleaf.standard.processor.StandardConditionalFixedValueTagProcessor
[THYMELEAF]             * [* {th:loop,data-th-loop}] [1000]: org.thymeleaf.standard.processor.StandardConditionalFixedValueTagProcessor
[THYMELEAF]             * [* {th:nowrap,data-th-nowrap}] [1000]: org.thymeleaf.standard.processor.StandardConditionalFixedValueTagProcessor
[THYMELEAF]             * [* {th:disabled,data-th-disabled}] [1000]: org.thymeleaf.standard.processor.StandardConditionalFixedValueTagProcessor
[THYMELEAF]             * [* {th:formnovalidate,data-th-formnovalidate}] [1000]: org.thymeleaf.standard.processor.StandardConditionalFixedValueTagProcessor
[THYMELEAF]             * [* {th:readonly,data-th-readonly}] [1000]: org.thymeleaf.standard.processor.StandardConditionalFixedValueTagProcessor
[THYMELEAF]             * [* {th:open,data-th-open}] [1000]: org.thymeleaf.standard.processor.StandardConditionalFixedValueTagProcessor
[THYMELEAF]             * [* {th:default,data-th-default}] [1000]: org.thymeleaf.standard.processor.StandardConditionalFixedValueTagProcessor
[THYMELEAF]             * [* {th:onerror,data-th-onerror}] [1000]: org.thymeleaf.standard.processor.StandardDOMEventAttributeTagProcessor
[THYMELEAF]             * [* {th:onformchange,data-th-onformchange}] [1000]: org.thymeleaf.standard.processor.StandardDOMEventAttributeTagProcessor
[THYMELEAF]             * [* {th:onkeyup,data-th-onkeyup}] [1000]: org.thymeleaf.standard.processor.StandardDOMEventAttributeTagProcessor
[THYMELEAF]             * [* {th:onselect,data-th-onselect}] [1000]: org.thymeleaf.standard.processor.StandardDOMEventAttributeTagProcessor
[THYMELEAF]             * [* {th:ondblclick,data-th-ondblclick}] [1000]: org.thymeleaf.standard.processor.StandardDOMEventAttributeTagProcessor
[THYMELEAF]             * [* {th:onsuspend,data-th-onsuspend}] [1000]: org.thymeleaf.standard.processor.StandardDOMEventAttributeTagProcessor
[THYMELEAF]             * [* {th:ondragenter,data-th-ondragenter}] [1000]: org.thymeleaf.standard.processor.StandardDOMEventAttributeTagProcessor
[THYMELEAF]             * [* {th:onpopstate,data-th-onpopstate}] [1000]: org.thymeleaf.standard.processor.StandardDOMEventAttributeTagProcessor
[THYMELEAF]             * [* {th:onoffline,data-th-onoffline}] [1000]: org.thymeleaf.standard.processor.StandardDOMEventAttributeTagProcessor
[THYMELEAF]             * [* {th:ononline,data-th-ononline}] [1000]: org.thymeleaf.standard.processor.StandardDOMEventAttributeTagProcessor
[THYMELEAF]             * [* {th:oncanplaythrough,data-th-oncanplaythrough}] [1000]: org.thymeleaf.standard.processor.StandardDOMEventAttributeTagProcessor
[THYMELEAF]             * [* {th:ondragleave,data-th-ondragleave}] [1000]: org.thymeleaf.standard.processor.StandardDOMEventAttributeTagProcessor
[THYMELEAF]             * [* {th:oncanplay,data-th-oncanplay}] [1000]: org.thymeleaf.standard.processor.StandardDOMEventAttributeTagProcessor
[THYMELEAF]             * [* {th:onmousedown,data-th-onmousedown}] [1000]: org.thymeleaf.standard.processor.StandardDOMEventAttributeTagProcessor
[THYMELEAF]             * [* {th:onload,data-th-onload}] [1000]: org.thymeleaf.standard.processor.StandardDOMEventAttributeTagProcessor
[THYMELEAF]             * [* {th:onfocus,data-th-onfocus}] [1000]: org.thymeleaf.standard.processor.StandardDOMEventAttributeTagProcessor
[THYMELEAF]             * [* {th:onclick,data-th-onclick}] [1000]: org.thymeleaf.standard.processor.StandardDOMEventAttributeTagProcessor
[THYMELEAF]             * [* {th:onemptied,data-th-onemptied}] [1000]: org.thymeleaf.standard.processor.StandardDOMEventAttributeTagProcessor
[THYMELEAF]             * [* {th:onloadedmetadata,data-th-onloadedmetadata}] [1000]: org.thymeleaf.standard.processor.StandardDOMEventAttributeTagProcessor
[THYMELEAF]             * [* {th:ondrag,data-th-ondrag}] [1000]: org.thymeleaf.standard.processor.StandardDOMEventAttributeTagProcessor
[THYMELEAF]             * [* {th:onpause,data-th-onpause}] [1000]: org.thymeleaf.standard.processor.StandardDOMEventAttributeTagProcessor
[THYMELEAF]             * [* {th:onsubmit,data-th-onsubmit}] [1000]: org.thymeleaf.standard.processor.StandardDOMEventAttributeTagProcessor
[THYMELEAF]             * [* {th:onmessage,data-th-onmessage}] [1000]: org.thymeleaf.standard.processor.StandardDOMEventAttributeTagProcessor
[THYMELEAF]             * [* {th:onchange,data-th-onchange}] [1000]: org.thymeleaf.standard.processor.StandardDOMEventAttributeTagProcessor
[THYMELEAF]             * [* {th:onshow,data-th-onshow}] [1000]: org.thymeleaf.standard.processor.StandardDOMEventAttributeTagProcessor
[THYMELEAF]             * [* {th:onbeforeprint,data-th-onbeforeprint}] [1000]: org.thymeleaf.standard.processor.StandardDOMEventAttributeTagProcessor
[THYMELEAF]             * [* {th:ondragover,data-th-ondragover}] [1000]: org.thymeleaf.standard.processor.StandardDOMEventAttributeTagProcessor
[THYMELEAF]             * [* {th:onmousewheel,data-th-onmousewheel}] [1000]: org.thymeleaf.standard.processor.StandardDOMEventAttributeTagProcessor
[THYMELEAF]             * [* {th:onloadeddata,data-th-onloadeddata}] [1000]: org.thymeleaf.standard.processor.StandardDOMEventAttributeTagProcessor
[THYMELEAF]             * [* {th:onunload,data-th-onunload}] [1000]: org.thymeleaf.standard.processor.StandardDOMEventAttributeTagProcessor
[THYMELEAF]             * [* {th:onkeydown,data-th-onkeydown}] [1000]: org.thymeleaf.standard.processor.StandardDOMEventAttributeTagProcessor
[THYMELEAF]             * [* {th:onwaiting,data-th-onwaiting}] [1000]: org.thymeleaf.standard.processor.StandardDOMEventAttributeTagProcessor
[THYMELEAF]             * [* {th:onblur,data-th-onblur}] [1000]: org.thymeleaf.standard.processor.StandardDOMEventAttributeTagProcessor
[THYMELEAF]             * [* {th:onforminput,data-th-onforminput}] [1000]: org.thymeleaf.standard.processor.StandardDOMEventAttributeTagProcessor
[THYMELEAF]             * [* {th:onseeked,data-th-onseeked}] [1000]: org.thymeleaf.standard.processor.StandardDOMEventAttributeTagProcessor
[THYMELEAF]             * [* {th:oninvalid,data-th-oninvalid}] [1000]: org.thymeleaf.standard.processor.StandardDOMEventAttributeTagProcessor
[THYMELEAF]             * [* {th:onundo,data-th-onundo}] [1000]: org.thymeleaf.standard.processor.StandardDOMEventAttributeTagProcessor
[THYMELEAF]             * [* {th:onmouseup,data-th-onmouseup}] [1000]: org.thymeleaf.standard.processor.StandardDOMEventAttributeTagProcessor
[THYMELEAF]             * [* {th:ontimeupdate,data-th-ontimeupdate}] [1000]: org.thymeleaf.standard.processor.StandardDOMEventAttributeTagProcessor
[THYMELEAF]             * [* {th:onhashchange,data-th-onhashchange}] [1000]: org.thymeleaf.standard.processor.StandardDOMEventAttributeTagProcessor
[THYMELEAF]             * [* {th:onmousemove,data-th-onmousemove}] [1000]: org.thymeleaf.standard.processor.StandardDOMEventAttributeTagProcessor
[THYMELEAF]             * [* {th:onreadystatechange,data-th-onreadystatechange}] [1000]: org.thymeleaf.standard.processor.StandardDOMEventAttributeTagProcessor
[THYMELEAF]             * [* {th:onplay,data-th-onplay}] [1000]: org.thymeleaf.standard.processor.StandardDOMEventAttributeTagProcessor
[THYMELEAF]             * [* {th:ondrop,data-th-ondrop}] [1000]: org.thymeleaf.standard.processor.StandardDOMEventAttributeTagProcessor
[THYMELEAF]             * [* {th:oncontextmenu,data-th-oncontextmenu}] [1000]: org.thymeleaf.standard.processor.StandardDOMEventAttributeTagProcessor
[THYMELEAF]             * [* {th:onseeking,data-th-onseeking}] [1000]: org.thymeleaf.standard.processor.StandardDOMEventAttributeTagProcessor
[THYMELEAF]             * [* {th:onended,data-th-onended}] [1000]: org.thymeleaf.standard.processor.StandardDOMEventAttributeTagProcessor
[THYMELEAF]             * [* {th:onplaying,data-th-onplaying}] [1000]: org.thymeleaf.standard.processor.StandardDOMEventAttributeTagProcessor
[THYMELEAF]             * [* {th:onresize,data-th-onresize}] [1000]: org.thymeleaf.standard.processor.StandardDOMEventAttributeTagProcessor
[THYMELEAF]             * [* {th:onkeypress,data-th-onkeypress}] [1000]: org.thymeleaf.standard.processor.StandardDOMEventAttributeTagProcessor
[THYMELEAF]             * [* {th:onafterprint,data-th-onafterprint}] [1000]: org.thymeleaf.standard.processor.StandardDOMEventAttributeTagProcessor
[THYMELEAF]             * [* {th:onmouseout,data-th-onmouseout}] [1000]: org.thymeleaf.standard.processor.StandardDOMEventAttributeTagProcessor
[THYMELEAF]             * [* {th:onmouseover,data-th-onmouseover}] [1000]: org.thymeleaf.standard.processor.StandardDOMEventAttributeTagProcessor
[THYMELEAF]             * [* {th:onprogress,data-th-onprogress}] [1000]: org.thymeleaf.standard.processor.StandardDOMEventAttributeTagProcessor
[THYMELEAF]             * [* {th:onstalled,data-th-onstalled}] [1000]: org.thymeleaf.standard.processor.StandardDOMEventAttributeTagProcessor
[THYMELEAF]             * [* {th:onscroll,data-th-onscroll}] [1000]: org.thymeleaf.standard.processor.StandardDOMEventAttributeTagProcessor
[THYMELEAF]             * [* {th:onbeforeunload,data-th-onbeforeunload}] [1000]: org.thymeleaf.standard.processor.StandardDOMEventAttributeTagProcessor
[THYMELEAF]             * [* {th:ondragend,data-th-ondragend}] [1000]: org.thymeleaf.standard.processor.StandardDOMEventAttributeTagProcessor
[THYMELEAF]             * [* {th:onstorage,data-th-onstorage}] [1000]: org.thymeleaf.standard.processor.StandardDOMEventAttributeTagProcessor
[THYMELEAF]             * [* {th:onabort,data-th-onabort}] [1000]: org.thymeleaf.standard.processor.StandardDOMEventAttributeTagProcessor
[THYMELEAF]             * [* {th:oninput,data-th-oninput}] [1000]: org.thymeleaf.standard.processor.StandardDOMEventAttributeTagProcessor
[THYMELEAF]             * [* {th:onredo,data-th-onredo}] [1000]: org.thymeleaf.standard.processor.StandardDOMEventAttributeTagProcessor
[THYMELEAF]             * [* {th:ondurationchange,data-th-ondurationchange}] [1000]: org.thymeleaf.standard.processor.StandardDOMEventAttributeTagProcessor
[THYMELEAF]             * [* {th:ondragstart,data-th-ondragstart}] [1000]: org.thymeleaf.standard.processor.StandardDOMEventAttributeTagProcessor
[THYMELEAF]             * [* {th:onloadstart,data-th-onloadstart}] [1000]: org.thymeleaf.standard.processor.StandardDOMEventAttributeTagProcessor
[THYMELEAF]             * [* {th:onratechange,data-th-onratechange}] [1000]: org.thymeleaf.standard.processor.StandardDOMEventAttributeTagProcessor
[THYMELEAF]             * [* {th:onreset,data-th-onreset}] [1000]: org.thymeleaf.standard.processor.StandardDOMEventAttributeTagProcessor
[THYMELEAF]             * [* {th:onvolumechange,data-th-onvolumechange}] [1000]: org.thymeleaf.standard.processor.StandardDOMEventAttributeTagProcessor
[THYMELEAF]             * [* {th:inline,data-th-inline}] [1000]: org.thymeleaf.standard.processor.StandardInlineHTMLTagProcessor
[THYMELEAF]             * [* {th:type,data-th-type}] [1000]: org.thymeleaf.standard.processor.StandardNonRemovableAttributeTagProcessor
[THYMELEAF]             * [* {th:name,data-th-name}] [1000]: org.thymeleaf.standard.processor.StandardNonRemovableAttributeTagProcessor
[THYMELEAF]             * [* {th:formaction,data-th-formaction}] [1000]: org.thymeleaf.standard.processor.StandardRemovableAttributeTagProcessor
[THYMELEAF]             * [* {th:cellspacing,data-th-cellspacing}] [1000]: org.thymeleaf.standard.processor.StandardRemovableAttributeTagProcessor
[THYMELEAF]             * [* {th:valuetype,data-th-valuetype}] [1000]: org.thymeleaf.standard.processor.StandardRemovableAttributeTagProcessor
[THYMELEAF]             * [* {th:placeholder,data-th-placeholder}] [1000]: org.thymeleaf.standard.processor.StandardRemovableAttributeTagProcessor
[THYMELEAF]             * [* {th:preload,data-th-preload}] [1000]: org.thymeleaf.standard.processor.StandardRemovableAttributeTagProcessor
[THYMELEAF]             * [* {th:icon,data-th-icon}] [1000]: org.thymeleaf.standard.processor.StandardRemovableAttributeTagProcessor
[THYMELEAF]             * [* {th:autocomplete,data-th-autocomplete}] [1000]: org.thymeleaf.standard.processor.StandardRemovableAttributeTagProcessor
[THYMELEAF]             * [* {th:standby,data-th-standby}] [1000]: org.thymeleaf.standard.processor.StandardRemovableAttributeTagProcessor
[THYMELEAF]             * [* {th:compact,data-th-compact}] [1000]: org.thymeleaf.standard.processor.StandardRemovableAttributeTagProcessor
[THYMELEAF]             * [* {th:formtarget,data-th-formtarget}] [1000]: org.thymeleaf.standard.processor.StandardRemovableAttributeTagProcessor
[THYMELEAF]             * [* {th:high,data-th-high}] [1000]: org.thymeleaf.standard.processor.StandardRemovableAttributeTagProcessor
[THYMELEAF]             * [* {th:colspan,data-th-colspan}] [1000]: org.thymeleaf.standard.processor.StandardRemovableAttributeTagProcessor
[THYMELEAF]             * [* {th:poster,data-th-poster}] [1000]: org.thymeleaf.standard.processor.StandardRemovableAttributeTagProcessor
[THYMELEAF]             * [* {th:codebase,data-th-codebase}] [1000]: org.thymeleaf.standard.processor.StandardRemovableAttributeTagProcessor
[THYMELEAF]             * [* {th:max,data-th-max}] [1000]: org.thymeleaf.standard.processor.StandardRemovableAttributeTagProcessor
[THYMELEAF]             * [* {th:maxlength,data-th-maxlength}] [1000]: org.thymeleaf.standard.processor.StandardRemovableAttributeTagProcessor
[THYMELEAF]             * [* {th:list,data-th-list}] [1000]: org.thymeleaf.standard.processor.StandardRemovableAttributeTagProcessor
[THYMELEAF]             * [* {th:cellpadding,data-th-cellpadding}] [1000]: org.thymeleaf.standard.processor.StandardRemovableAttributeTagProcessor
[THYMELEAF]             * [* {th:codetype,data-th-codetype}] [1000]: org.thymeleaf.standard.processor.StandardRemovableAttributeTagProcessor
[THYMELEAF]             * [* {th:for,data-th-for}] [1000]: org.thymeleaf.standard.processor.StandardRemovableAttributeTagProcessor
[THYMELEAF]             * [* {th:enctype,data-th-enctype}] [1000]: org.thymeleaf.standard.processor.StandardRemovableAttributeTagProcessor
[THYMELEAF]             * [* {th:marginwidth,data-th-marginwidth}] [1000]: org.thymeleaf.standard.processor.StandardRemovableAttributeTagProcessor
[THYMELEAF]             * [* {th:challenge,data-th-challenge}] [1000]: org.thymeleaf.standard.processor.StandardRemovableAttributeTagProcessor
[THYMELEAF]             * [* {th:keytype,data-th-keytype}] [1000]: org.thymeleaf.standard.processor.StandardRemovableAttributeTagProcessor
[THYMELEAF]             * [* {th:dir,data-th-dir}] [1000]: org.thymeleaf.standard.processor.StandardRemovableAttributeTagProcessor
[THYMELEAF]             * [* {th:optimum,data-th-optimum}] [1000]: org.thymeleaf.standard.processor.StandardRemovableAttributeTagProcessor
[THYMELEAF]             * [* {th:tabindex,data-th-tabindex}] [1000]: org.thymeleaf.standard.processor.StandardRemovableAttributeTagProcessor
[THYMELEAF]             * [* {th:srclang,data-th-srclang}] [1000]: org.thymeleaf.standard.processor.StandardRemovableAttributeTagProcessor
[THYMELEAF]             * [* {th:summary,data-th-summary}] [1000]: org.thymeleaf.standard.processor.StandardRemovableAttributeTagProcessor
[THYMELEAF]             * [* {th:manifest,data-th-manifest}] [1000]: org.thymeleaf.standard.processor.StandardRemovableAttributeTagProcessor
[THYMELEAF]             * [* {th:hspace,data-th-hspace}] [1000]: org.thymeleaf.standard.processor.StandardRemovableAttributeTagProcessor
[THYMELEAF]             * [* {th:bgcolor,data-th-bgcolor}] [1000]: org.thymeleaf.standard.processor.StandardRemovableAttributeTagProcessor
[THYMELEAF]             * [* {th:scope,data-th-scope}] [1000]: org.thymeleaf.standard.processor.StandardRemovableAttributeTagProcessor
[THYMELEAF]             * [* {th:height,data-th-height}] [1000]: org.thymeleaf.standard.processor.StandardRemovableAttributeTagProcessor
[THYMELEAF]             * [* {th:min,data-th-min}] [1000]: org.thymeleaf.standard.processor.StandardRemovableAttributeTagProcessor
[THYMELEAF]             * [* {th:data,data-th-data}] [1000]: org.thymeleaf.standard.processor.StandardRemovableAttributeTagProcessor
[THYMELEAF]             * [* {th:span,data-th-span}] [1000]: org.thymeleaf.standard.processor.StandardRemovableAttributeTagProcessor
[THYMELEAF]             * [* {th:abbr,data-th-abbr}] [1000]: org.thymeleaf.standard.processor.StandardRemovableAttributeTagProcessor
[THYMELEAF]             * [* {th:class,data-th-class}] [1000]: org.thymeleaf.standard.processor.StandardRemovableAttributeTagProcessor
[THYMELEAF]             * [* {th:radiogroup,data-th-radiogroup}] [1000]: org.thymeleaf.standard.processor.StandardRemovableAttributeTagProcessor
[THYMELEAF]             * [* {th:headers,data-th-headers}] [1000]: org.thymeleaf.standard.processor.StandardRemovableAttributeTagProcessor
[THYMELEAF]             * [* {th:form,data-th-form}] [1000]: org.thymeleaf.standard.processor.StandardRemovableAttributeTagProcessor
[THYMELEAF]             * [* {th:content,data-th-content}] [1000]: org.thymeleaf.standard.processor.StandardRemovableAttributeTagProcessor
[THYMELEAF]             * [* {th:http-equiv,data-th-http-equiv}] [1000]: org.thymeleaf.standard.processor.StandardRemovableAttributeTagProcessor
[THYMELEAF]             * [* {th:draggable,data-th-draggable}] [1000]: org.thymeleaf.standard.processor.StandardRemovableAttributeTagProcessor
[THYMELEAF]             * [* {th:marginheight,data-th-marginheight}] [1000]: org.thymeleaf.standard.processor.StandardRemovableAttributeTagProcessor
[THYMELEAF]             * [* {th:frame,data-th-frame}] [1000]: org.thymeleaf.standard.processor.StandardRemovableAttributeTagProcessor
[THYMELEAF]             * [* {th:contenteditable,data-th-contenteditable}] [1000]: org.thymeleaf.standard.processor.StandardRemovableAttributeTagProcessor
[THYMELEAF]             * [* {th:rev,data-th-rev}] [1000]: org.thymeleaf.standard.processor.StandardRemovableAttributeTagProcessor
[THYMELEAF]             * [* {th:border,data-th-border}] [1000]: org.thymeleaf.standard.processor.StandardRemovableAttributeTagProcessor
[THYMELEAF]             * [* {th:id,data-th-id}] [1000]: org.thymeleaf.standard.processor.StandardRemovableAttributeTagProcessor
[THYMELEAF]             * [* {th:accept-charset,data-th-accept-charset}] [1000]: org.thymeleaf.standard.processor.StandardRemovableAttributeTagProcessor
[THYMELEAF]             * [* {th:title,data-th-title}] [1000]: org.thymeleaf.standard.processor.StandardRemovableAttributeTagProcessor
[THYMELEAF]             * [* {th:rows,data-th-rows}] [1000]: org.thymeleaf.standard.processor.StandardRemovableAttributeTagProcessor
[THYMELEAF]             * [* {th:cols,data-th-cols}] [1000]: org.thymeleaf.standard.processor.StandardRemovableAttributeTagProcessor
[THYMELEAF]             * [* {th:media,data-th-media}] [1000]: org.thymeleaf.standard.processor.StandardRemovableAttributeTagProcessor
[THYMELEAF]             * [* {th:frameborder,data-th-frameborder}] [1000]: org.thymeleaf.standard.processor.StandardRemovableAttributeTagProcessor
[THYMELEAF]             * [* {th:lang,data-th-lang}] [1000]: org.thymeleaf.standard.processor.StandardRemovableAttributeTagProcessor
[THYMELEAF]             * [* {th:target,data-th-target}] [1000]: org.thymeleaf.standard.processor.StandardRemovableAttributeTagProcessor
[THYMELEAF]             * [* {th:start,data-th-start}] [1000]: org.thymeleaf.standard.processor.StandardRemovableAttributeTagProcessor
[THYMELEAF]             * [* {th:scheme,data-th-scheme}] [1000]: org.thymeleaf.standard.processor.StandardRemovableAttributeTagProcessor
[THYMELEAF]             * [* {th:cite,data-th-cite}] [1000]: org.thymeleaf.standard.processor.StandardRemovableAttributeTagProcessor
[THYMELEAF]             * [* {th:archive,data-th-archive}] [1000]: org.thymeleaf.standard.processor.StandardRemovableAttributeTagProcessor
[THYMELEAF]             * [* {th:kind,data-th-kind}] [1000]: org.thymeleaf.standard.processor.StandardRemovableAttributeTagProcessor
[THYMELEAF]             * [* {th:style,data-th-style}] [1000]: org.thymeleaf.standard.processor.StandardRemovableAttributeTagProcessor
[THYMELEAF]             * [* {th:dropzone,data-th-dropzone}] [1000]: org.thymeleaf.standard.processor.StandardRemovableAttributeTagProcessor
[THYMELEAF]             * [* {th:wrap,data-th-wrap}] [1000]: org.thymeleaf.standard.processor.StandardRemovableAttributeTagProcessor
[THYMELEAF]             * [* {th:formmethod,data-th-formmethod}] [1000]: org.thymeleaf.standard.processor.StandardRemovableAttributeTagProcessor
[THYMELEAF]             * [* {th:sandbox,data-th-sandbox}] [1000]: org.thymeleaf.standard.processor.StandardRemovableAttributeTagProcessor
[THYMELEAF]             * [* {th:datetime,data-th-datetime}] [1000]: org.thymeleaf.standard.processor.StandardRemovableAttributeTagProcessor
[THYMELEAF]             * [* {th:pattern,data-th-pattern}] [1000]: org.thymeleaf.standard.processor.StandardRemovableAttributeTagProcessor
[THYMELEAF]             * [* {th:usemap,data-th-usemap}] [1000]: org.thymeleaf.standard.processor.StandardRemovableAttributeTagProcessor
[THYMELEAF]             * [* {th:charset,data-th-charset}] [1000]: org.thymeleaf.standard.processor.StandardRemovableAttributeTagProcessor
[THYMELEAF]             * [* {th:spellcheck,data-th-spellcheck}] [1000]: org.thymeleaf.standard.processor.StandardRemovableAttributeTagProcessor
[THYMELEAF]             * [* {th:align,data-th-align}] [1000]: org.thymeleaf.standard.processor.StandardRemovableAttributeTagProcessor
[THYMELEAF]             * [* {th:label,data-th-label}] [1000]: org.thymeleaf.standard.processor.StandardRemovableAttributeTagProcessor
[THYMELEAF]             * [* {th:width,data-th-width}] [1000]: org.thymeleaf.standard.processor.StandardRemovableAttributeTagProcessor
[THYMELEAF]             * [* {th:low,data-th-low}] [1000]: org.thymeleaf.standard.processor.StandardRemovableAttributeTagProcessor
[THYMELEAF]             * [* {th:audio,data-th-audio}] [1000]: org.thymeleaf.standard.processor.StandardRemovableAttributeTagProcessor
[THYMELEAF]             * [* {th:contextmenu,data-th-contextmenu}] [1000]: org.thymeleaf.standard.processor.StandardRemovableAttributeTagProcessor
[THYMELEAF]             * [* {th:hreflang,data-th-hreflang}] [1000]: org.thymeleaf.standard.processor.StandardRemovableAttributeTagProcessor
[THYMELEAF]             * [* {th:accesskey,data-th-accesskey}] [1000]: org.thymeleaf.standard.processor.StandardRemovableAttributeTagProcessor
[THYMELEAF]             * [* {th:sizes,data-th-sizes}] [1000]: org.thymeleaf.standard.processor.StandardRemovableAttributeTagProcessor
[THYMELEAF]             * [* {th:rules,data-th-rules}] [1000]: org.thymeleaf.standard.processor.StandardRemovableAttributeTagProcessor
[THYMELEAF]             * [* {th:rowspan,data-th-rowspan}] [1000]: org.thymeleaf.standard.processor.StandardRemovableAttributeTagProcessor
[THYMELEAF]             * [* {th:rel,data-th-rel}] [1000]: org.thymeleaf.standard.processor.StandardRemovableAttributeTagProcessor
[THYMELEAF]             * [* {th:longdesc,data-th-longdesc}] [1000]: org.thymeleaf.standard.processor.StandardRemovableAttributeTagProcessor
[THYMELEAF]             * [* {th:alt,data-th-alt}] [1000]: org.thymeleaf.standard.processor.StandardRemovableAttributeTagProcessor
[THYMELEAF]             * [* {th:classid,data-th-classid}] [1000]: org.thymeleaf.standard.processor.StandardRemovableAttributeTagProcessor
[THYMELEAF]             * [* {th:step,data-th-step}] [1000]: org.thymeleaf.standard.processor.StandardRemovableAttributeTagProcessor
[THYMELEAF]             * [* {th:vspace,data-th-vspace}] [1000]: org.thymeleaf.standard.processor.StandardRemovableAttributeTagProcessor
[THYMELEAF]             * [* {th:formenctype,data-th-formenctype}] [1000]: org.thymeleaf.standard.processor.StandardRemovableAttributeTagProcessor
[THYMELEAF]             * [* {th:axis,data-th-axis}] [1000]: org.thymeleaf.standard.processor.StandardRemovableAttributeTagProcessor
[THYMELEAF]             * [* {th:scrolling,data-th-scrolling}] [1000]: org.thymeleaf.standard.processor.StandardRemovableAttributeTagProcessor
[THYMELEAF]             * [* {th:accept,data-th-accept}] [1000]: org.thymeleaf.standard.processor.StandardRemovableAttributeTagProcessor
[THYMELEAF]             * [* {th:size,data-th-size}] [1000]: org.thymeleaf.standard.processor.StandardRemovableAttributeTagProcessor
[THYMELEAF]             * [* {th:background,data-th-background}] [1000]: org.thymeleaf.standard.processor.StandardRemovableAttributeTagProcessor
[THYMELEAF]             * [* {th:xmlbase,data-th-xmlbase}] [1000]: org.thymeleaf.standard.processor.StandardXmlBaseTagProcessor
[THYMELEAF]             * [* {th:xmllang,data-th-xmllang}] [1000]: org.thymeleaf.standard.processor.StandardXmlLangTagProcessor
[THYMELEAF]             * [* {xmlns:th}] [1000]: org.thymeleaf.standard.processor.StandardXmlNsTagProcessor
[THYMELEAF]             * [* {th:xmlspace,data-th-xmlspace}] [1000]: org.thymeleaf.standard.processor.StandardXmlSpaceTagProcessor
[THYMELEAF]             * [{option} *] [1005]: org.thymeleaf.spring6.processor.SpringOptionInSelectFieldTagProcessor
[THYMELEAF]             * [* {th:value,data-th-value}] [1010]: org.thymeleaf.spring6.processor.SpringValueTagProcessor
[THYMELEAF]             * [* {th:classappend,data-th-classappend}] [1100]: org.thymeleaf.standard.processor.StandardClassappendTagProcessor
[THYMELEAF]             * [* {th:styleappend,data-th-styleappend}] [1100]: org.thymeleaf.standard.processor.StandardStyleappendTagProcessor
[THYMELEAF]             * [* {th:text,data-th-text}] [1300]: org.thymeleaf.standard.processor.StandardTextTagProcessor
[THYMELEAF]             * [* {th:utext,data-th-utext}] [1400]: org.thymeleaf.standard.processor.StandardUtextTagProcessor
[THYMELEAF]             * [* {th:fragment,data-th-fragment}] [1500]: org.thymeleaf.standard.processor.StandardFragmentTagProcessor
[THYMELEAF]             * [* {th:assert,data-th-assert}] [1550]: org.thymeleaf.standard.processor.StandardAssertTagProcessor
[THYMELEAF]             * [* {th:remove,data-th-remove}] [1600]: org.thymeleaf.standard.processor.StandardRemoveTagProcessor
[THYMELEAF]             * [* {th:errors,data-th-errors}] [1700]: org.thymeleaf.spring6.processor.SpringErrorsTagProcessor
[THYMELEAF]             * [{input} {th:field,data-th-field}] [1700]: org.thymeleaf.spring6.processor.SpringInputCheckboxFieldTagProcessor
[THYMELEAF]             * [{input} {th:field,data-th-field}] [1700]: org.thymeleaf.spring6.processor.SpringInputFileFieldTagProcessor
[THYMELEAF]             * [{input} {th:field,data-th-field}] [1700]: org.thymeleaf.spring6.processor.SpringInputGeneralFieldTagProcessor
[THYMELEAF]             * [{input} {th:field,data-th-field}] [1700]: org.thymeleaf.spring6.processor.SpringInputPasswordFieldTagProcessor
[THYMELEAF]             * [{input} {th:field,data-th-field}] [1700]: org.thymeleaf.spring6.processor.SpringInputRadioFieldTagProcessor
[THYMELEAF]             * [{option} {th:field,data-th-field}] [1700]: org.thymeleaf.spring6.processor.SpringOptionFieldTagProcessor
[THYMELEAF]             * [{select} {th:field,data-th-field}] [1700]: org.thymeleaf.spring6.processor.SpringSelectFieldTagProcessor
[THYMELEAF]             * [{textarea} {th:field,data-th-field}] [1700]: org.thymeleaf.spring6.processor.SpringTextareaFieldTagProcessor
[THYMELEAF]             * [* {th:uerrors,data-th-uerrors}] [1700]: org.thymeleaf.spring6.processor.SpringUErrorsTagProcessor
[THYMELEAF]             * [* {th:errorclass,data-th-errorclass}] [1800]: org.thymeleaf.spring6.processor.SpringErrorClassTagProcessor
[THYMELEAF]             * [* {th:ref,data-th-ref}] [10000]: org.thymeleaf.standard.processor.StandardRefAttributeTagProcessor
[THYMELEAF]             * [{th:block,th-block} *] [100000]: org.thymeleaf.standard.processor.StandardBlockTagProcessor
[THYMELEAF]             * [* th:*] [2147483647]: org.thymeleaf.standard.processor.StandardDefaultAttributesTagProcessor
[THYMELEAF]         * Text Processors by [precedence]:
[THYMELEAF]             * [1000]: org.thymeleaf.standard.processor.StandardInliningTextProcessor
[THYMELEAF]         * DOCTYPE Processors by [precedence]:
[THYMELEAF]             * [1000]: org.thymeleaf.standard.processor.StandardTranslationDocTypeProcessor
[THYMELEAF]         * CDATA Section Processors by [precedence]:
[THYMELEAF]             * [1000]: org.thymeleaf.standard.processor.StandardInliningCDATASectionProcessor
[THYMELEAF]         * Comment Processors by [precedence]:
[THYMELEAF]             * [1000]: org.thymeleaf.standard.processor.StandardInliningCommentProcessor
[THYMELEAF]             * [1100]: org.thymeleaf.standard.processor.StandardConditionalCommentProcessor
[THYMELEAF]     * Processors for Template Mode: XML
[THYMELEAF]         * Element Tag Processors by [matching element and attribute name] [precedence]:
[THYMELEAF]             * [* {th:include}] [100]: org.thymeleaf.standard.processor.StandardIncludeTagProcessor
[THYMELEAF]             * [* {th:insert}] [100]: org.thymeleaf.standard.processor.StandardInsertTagProcessor
[THYMELEAF]             * [* {th:replace}] [100]: org.thymeleaf.standard.processor.StandardReplaceTagProcessor
[THYMELEAF]             * [* {th:each}] [200]: org.thymeleaf.standard.processor.StandardEachTagProcessor
[THYMELEAF]             * [* {th:switch}] [250]: org.thymeleaf.standard.processor.StandardSwitchTagProcessor
[THYMELEAF]             * [* {th:case}] [275]: org.thymeleaf.standard.processor.StandardCaseTagProcessor
[THYMELEAF]             * [* {th:if}] [300]: org.thymeleaf.standard.processor.StandardIfTagProcessor
[THYMELEAF]             * [* {th:unless}] [400]: org.thymeleaf.standard.processor.StandardUnlessTagProcessor
[THYMELEAF]             * [* {th:object}] [500]: org.thymeleaf.standard.processor.StandardObjectTagProcessor
[THYMELEAF]             * [* {th:with}] [600]: org.thymeleaf.standard.processor.StandardWithTagProcessor
[THYMELEAF]             * [* {th:attr}] [700]: org.thymeleaf.standard.processor.StandardAttrTagProcessor
[THYMELEAF]             * [* {th:attrprepend}] [800]: org.thymeleaf.standard.processor.StandardAttrprependTagProcessor
[THYMELEAF]             * [* {th:attrappend}] [900]: org.thymeleaf.standard.processor.StandardAttrappendTagProcessor
[THYMELEAF]             * [* {th:inline}] [1000]: org.thymeleaf.standard.processor.StandardInlineXMLTagProcessor
[THYMELEAF]             * [* {xmlns:th}] [1000]: org.thymeleaf.standard.processor.StandardXmlNsTagProcessor
[THYMELEAF]             * [* {th:text}] [1300]: org.thymeleaf.standard.processor.StandardTextTagProcessor
[THYMELEAF]             * [* {th:utext}] [1400]: org.thymeleaf.standard.processor.StandardUtextTagProcessor
[THYMELEAF]             * [* {th:fragment}] [1500]: org.thymeleaf.standard.processor.StandardFragmentTagProcessor
[THYMELEAF]             * [* {th:assert}] [1550]: org.thymeleaf.standard.processor.StandardAssertTagProcessor
[THYMELEAF]             * [* {th:remove}] [1600]: org.thymeleaf.standard.processor.StandardRemoveTagProcessor
[THYMELEAF]             * [* {th:ref}] [10000]: org.thymeleaf.standard.processor.StandardRefAttributeTagProcessor
[THYMELEAF]             * [{th:block} *] [100000]: org.thymeleaf.standard.processor.StandardBlockTagProcessor
[THYMELEAF]             * [* th:*] [2147483647]: org.thymeleaf.standard.processor.StandardDefaultAttributesTagProcessor
[THYMELEAF]         * Text Processors by [precedence]:
[THYMELEAF]             * [1000]: org.thymeleaf.standard.processor.StandardInliningTextProcessor
[THYMELEAF]         * CDATA Section Processors by [precedence]:
[THYMELEAF]             * [1000]: org.thymeleaf.standard.processor.StandardInliningCDATASectionProcessor
[THYMELEAF]         * Comment Processors by [precedence]:
[THYMELEAF]             * [1000]: org.thymeleaf.standard.processor.StandardInliningCommentProcessor
[THYMELEAF]     * Processors for Template Mode: TEXT
[THYMELEAF]         * Element Tag Processors by [matching element and attribute name] [precedence]:
[THYMELEAF]             * [* {th:insert}] [100]: org.thymeleaf.standard.processor.StandardInsertTagProcessor
[THYMELEAF]             * [* {th:replace}] [100]: org.thymeleaf.standard.processor.StandardReplaceTagProcessor
[THYMELEAF]             * [* {th:each}] [200]: org.thymeleaf.standard.processor.StandardEachTagProcessor
[THYMELEAF]             * [* {th:switch}] [250]: org.thymeleaf.standard.processor.StandardSwitchTagProcessor
[THYMELEAF]             * [* {th:case}] [275]: org.thymeleaf.standard.processor.StandardCaseTagProcessor
[THYMELEAF]             * [* {th:if}] [300]: org.thymeleaf.standard.processor.StandardIfTagProcessor
[THYMELEAF]             * [* {th:unless}] [400]: org.thymeleaf.standard.processor.StandardUnlessTagProcessor
[THYMELEAF]             * [* {th:object}] [500]: org.thymeleaf.standard.processor.StandardObjectTagProcessor
[THYMELEAF]             * [* {th:with}] [600]: org.thymeleaf.standard.processor.StandardWithTagProcessor
[THYMELEAF]             * [* {th:inline}] [1000]: org.thymeleaf.standard.processor.StandardInlineTextualTagProcessor
[THYMELEAF]             * [* {th:text}] [1300]: org.thymeleaf.standard.processor.StandardTextTagProcessor
[THYMELEAF]             * [* {th:utext}] [1400]: org.thymeleaf.standard.processor.StandardUtextTagProcessor
[THYMELEAF]             * [* {th:assert}] [1550]: org.thymeleaf.standard.processor.StandardAssertTagProcessor
[THYMELEAF]             * [* {th:remove}] [1600]: org.thymeleaf.standard.processor.StandardRemoveTagProcessor
[THYMELEAF]             * [{th:block} *] [100000]: org.thymeleaf.standard.processor.StandardBlockTagProcessor
[THYMELEAF]             * [* 100000] [org.thymeleaf.standard.processor.StandardBlockTagProcessor]: {}
[THYMELEAF]         * Text Processors by [precedence]:
[THYMELEAF]             * [1000]: org.thymeleaf.standard.processor.StandardInliningTextProcessor
[THYMELEAF]     * Processors for Template Mode: JAVASCRIPT
[THYMELEAF]         * Element Tag Processors by [matching element and attribute name] [precedence]:
[THYMELEAF]             * [* {th:insert}] [100]: org.thymeleaf.standard.processor.StandardInsertTagProcessor
[THYMELEAF]             * [* {th:replace}] [100]: org.thymeleaf.standard.processor.StandardReplaceTagProcessor
[THYMELEAF]             * [* {th:each}] [200]: org.thymeleaf.standard.processor.StandardEachTagProcessor
[THYMELEAF]             * [* {th:switch}] [250]: org.thymeleaf.standard.processor.StandardSwitchTagProcessor
[THYMELEAF]             * [* {th:case}] [275]: org.thymeleaf.standard.processor.StandardCaseTagProcessor
[THYMELEAF]             * [* {th:if}] [300]: org.thymeleaf.standard.processor.StandardIfTagProcessor
[THYMELEAF]             * [* {th:unless}] [400]: org.thymeleaf.standard.processor.StandardUnlessTagProcessor
[THYMELEAF]             * [* {th:object}] [500]: org.thymeleaf.standard.processor.StandardObjectTagProcessor
[THYMELEAF]             * [* {th:with}] [600]: org.thymeleaf.standard.processor.StandardWithTagProcessor
[THYMELEAF]             * [* {th:inline}] [1000]: org.thymeleaf.standard.processor.StandardInlineTextualTagProcessor
[THYMELEAF]             * [* {th:text}] [1300]: org.thymeleaf.standard.processor.StandardTextTagProcessor
[THYMELEAF]             * [* {th:utext}] [1400]: org.thymeleaf.standard.processor.StandardUtextTagProcessor
[THYMELEAF]             * [* {th:assert}] [1550]: org.thymeleaf.standard.processor.StandardAssertTagProcessor
[THYMELEAF]             * [* {th:remove}] [1600]: org.thymeleaf.standard.processor.StandardRemoveTagProcessor
[THYMELEAF]             * [* 100000] [org.thymeleaf.standard.processor.StandardBlockTagProcessor]: {}
[THYMELEAF]             * [{th:block} *] [100000]: org.thymeleaf.standard.processor.StandardBlockTagProcessor
[THYMELEAF]         * Text Processors by [precedence]:
[THYMELEAF]             * [1000]: org.thymeleaf.standard.processor.StandardInliningTextProcessor
[THYMELEAF]     * Processors for Template Mode: CSS
[THYMELEAF]         * Element Tag Processors by [matching element and attribute name] [precedence]:
[THYMELEAF]             * [* {th:insert}] [100]: org.thymeleaf.standard.processor.StandardInsertTagProcessor
[THYMELEAF]             * [* {th:replace}] [100]: org.thymeleaf.standard.processor.StandardReplaceTagProcessor
[THYMELEAF]             * [* {th:each}] [200]: org.thymeleaf.standard.processor.StandardEachTagProcessor
[THYMELEAF]             * [* {th:switch}] [250]: org.thymeleaf.standard.processor.StandardSwitchTagProcessor
[THYMELEAF]             * [* {th:case}] [275]: org.thymeleaf.standard.processor.StandardCaseTagProcessor
[THYMELEAF]             * [* {th:if}] [300]: org.thymeleaf.standard.processor.StandardIfTagProcessor
[THYMELEAF]             * [* {th:unless}] [400]: org.thymeleaf.standard.processor.StandardUnlessTagProcessor
[THYMELEAF]             * [* {th:object}] [500]: org.thymeleaf.standard.processor.StandardObjectTagProcessor
[THYMELEAF]             * [* {th:with}] [600]: org.thymeleaf.standard.processor.StandardWithTagProcessor
[THYMELEAF]             * [* {th:inline}] [1000]: org.thymeleaf.standard.processor.StandardInlineTextualTagProcessor
[THYMELEAF]             * [* {th:text}] [1300]: org.thymeleaf.standard.processor.StandardTextTagProcessor
[THYMELEAF]             * [* {th:utext}] [1400]: org.thymeleaf.standard.processor.StandardUtextTagProcessor
[THYMELEAF]             * [* {th:assert}] [1550]: org.thymeleaf.standard.processor.StandardAssertTagProcessor
[THYMELEAF]             * [* {th:remove}] [1600]: org.thymeleaf.standard.processor.StandardRemoveTagProcessor
[THYMELEAF]             * [* 100000] [org.thymeleaf.standard.processor.StandardBlockTagProcessor]: {}
[THYMELEAF]             * [{th:block} *] [100000]: org.thymeleaf.standard.processor.StandardBlockTagProcessor
[THYMELEAF]         * Text Processors by [precedence]:
[THYMELEAF]             * [1000]: org.thymeleaf.standard.processor.StandardInliningTextProcessor
[THYMELEAF]     * Expression Objects:
[THYMELEAF]         * #ctx
[THYMELEAF]         * #root
[THYMELEAF]         * #vars
[THYMELEAF]         * #object
[THYMELEAF]         * #locale
[THYMELEAF]         * #conversions
[THYMELEAF]         * #uris
[THYMELEAF]         * #temporals
[THYMELEAF]         * #calendars
[THYMELEAF]         * #dates
[THYMELEAF]         * #bools
[THYMELEAF]         * #numbers
[THYMELEAF]         * #objects
[THYMELEAF]         * #strings
[THYMELEAF]         * #arrays
[THYMELEAF]         * #lists
[THYMELEAF]         * #sets
[THYMELEAF]         * #maps
[THYMELEAF]         * #aggregates
[THYMELEAF]         * #messages
[THYMELEAF]         * #ids
[THYMELEAF]         * #execInfo
[THYMELEAF]         * #request
[THYMELEAF]         * #response
[THYMELEAF]         * #session
[THYMELEAF]         * #servletContext
[THYMELEAF]         * #fields
[THYMELEAF]         * #themes
[THYMELEAF]         * #mvc
[THYMELEAF]         * #requestdatavalues
[THYMELEAF]     * Execution Attributes:
[THYMELEAF]         * "StandardExpressionParser": Standard Expression Parser
[THYMELEAF]         * "StandardJavaScriptSerializer": org.thymeleaf.standard.serializer.StandardJavaScriptSerializer@1c358581
[THYMELEAF]         * "StandardCSSSerializer": org.thymeleaf.standard.serializer.StandardCSSSerializer@1114a75a
[THYMELEAF]         * "EnableSpringELCompiler": false
[THYMELEAF]         * "StandardVariableExpressionEvaluator": SpringEL
[THYMELEAF]         * "StandardConversionService": org.thymeleaf.spring6.expression.SpringStandardConversionService@17b57f0a
[THYMELEAF] TEMPLATE ENGINE CONFIGURED OK
15:26:45.235 DEBUG org.thymeleaf.TemplateEngine - [THYMELEAF] TEMPLATE ENGINE INITIALIZED
15:26:45.247 TRACE org.thymeleaf.TemplateEngine - [THYMELEAF][http-nio-8001-exec-1] STARTING PROCESS OF TEMPLATE "cargar" WITH LOCALE es_ES
15:26:45.249 TRACE o.t.T.cache.TEMPLATE_CACHE - [THYMELEAF][http-nio-8001-exec-1][TEMPLATE_CACHE][CACHE_MISS] Cache miss in cache "TEMPLATE_CACHE" for key "cargar".
15:26:45.251 DEBUG o.a.c.loader.WebappClassLoaderBase - getResource(templates/cargar.html)
15:26:45.251 DEBUG o.a.c.loader.WebappClassLoaderBase -   Delegating to parent classloader jdk.internal.loader.ClassLoaders$AppClassLoader@60e53b93
15:26:45.252 DEBUG o.a.c.loader.WebappClassLoaderBase -   --> Returning 'file:/C:/Users/sistemas/Desktop/MARSOL/HPRT/Balanza%20HPRT/Proyecto%20Walmart/Driver_sync/Test/ProyectoSyncBalanzas/target/classes/templates/cargar.html'
15:26:45.253 TRACE o.thymeleaf.engine.TemplateManager - [THYMELEAF][http-nio-8001-exec-1] Template resolver match! Resolver "org.thymeleaf.spring6.templateresolver.SpringResourceTemplateResolver" will resolve template "cargar"
15:26:45.279 DEBUG o.a.c.loader.WebappClassLoaderBase - getResourceAsStream(templates/cargar.html)
15:26:45.280 DEBUG o.a.c.loader.WebappClassLoaderBase -   Delegating to parent classloader jdk.internal.loader.ClassLoaders$AppClassLoader@60e53b93
15:26:45.311 DEBUG o.a.c.loader.WebappClassLoaderBase -   --> Returning stream from parent
15:26:45.353 TRACE o.t.T.cache.TEMPLATE_CACHE - [THYMELEAF][http-nio-8001-exec-1][TEMPLATE_CACHE][CACHE_ADD][1] Adding cache entry in cache "TEMPLATE_CACHE" for key "cargar". New size is 1.
15:26:45.363 TRACE o.t.T.cache.EXPRESSION_CACHE - [THYMELEAF][CACHE_INITIALIZE] Initializing cache EXPRESSION_CACHE. Max size: 500. Soft references are used.
15:26:45.364 TRACE o.t.T.cache.EXPRESSION_CACHE - [THYMELEAF][http-nio-8001-exec-1][EXPRESSION_CACHE][CACHE_MISS] Cache miss in cache "EXPRESSION_CACHE" for key "expr|~{fragments/navbar :: navbar}".
15:26:45.379 TRACE o.t.T.cache.EXPRESSION_CACHE - [THYMELEAF][http-nio-8001-exec-1][EXPRESSION_CACHE][CACHE_ADD][1] Adding cache entry in cache "EXPRESSION_CACHE" for key "expr|~{fragments/navbar :: navbar}". New size is 1.
15:26:45.380 TRACE o.t.s.expression.FragmentExpression - [THYMELEAF][http-nio-8001-exec-1] Evaluating fragment: "~{'fragments/navbar' :: navbar}"
15:26:45.380 TRACE o.t.s.e.TextLiteralExpression - [THYMELEAF][http-nio-8001-exec-1] Evaluating text literal: "'fragments/navbar'"
15:26:45.380 TRACE o.t.s.e.GenericTokenExpression - [THYMELEAF][http-nio-8001-exec-1] Evaluating generic token: "navbar"
15:26:45.381 WARN  o.t.s.p.AbstractStandardFragmentInsertionTagProcessor - [THYMELEAF][http-nio-8001-exec-1][cargar] Deprecated unwrapped fragment expression "fragments/navbar :: navbar" found in template cargar, line 11, col 6. Please use the complete syntax of fragment expressions instead ("~{fragments/navbar :: navbar}"). The old, unwrapped syntax for fragment expressions will be removed in future versions of Thymeleaf.
15:26:45.381 TRACE o.t.T.cache.TEMPLATE_CACHE - [THYMELEAF][http-nio-8001-exec-1][TEMPLATE_CACHE][CACHE_MISS] Cache miss in cache "TEMPLATE_CACHE" for key "fragments/navbar@(cargar;0,0)::[navbar]".
15:26:45.381 DEBUG o.a.c.loader.WebappClassLoaderBase - getResource(templates/fragments/navbar.html)
15:26:45.381 DEBUG o.a.c.loader.WebappClassLoaderBase -   Delegating to parent classloader jdk.internal.loader.ClassLoaders$AppClassLoader@60e53b93
15:26:45.382 DEBUG o.a.c.loader.WebappClassLoaderBase -   --> Returning 'file:/C:/Users/sistemas/Desktop/MARSOL/HPRT/Balanza%20HPRT/Proyecto%20Walmart/Driver_sync/Test/ProyectoSyncBalanzas/target/classes/templates/fragments/navbar.html'
15:26:45.382 TRACE o.thymeleaf.engine.TemplateManager - [THYMELEAF][http-nio-8001-exec-1] Template resolver match! Resolver "org.thymeleaf.spring6.templateresolver.SpringResourceTemplateResolver" will resolve template "fragments/navbar"
15:26:45.385 DEBUG o.a.c.loader.WebappClassLoaderBase - getResourceAsStream(templates/fragments/navbar.html)
15:26:45.385 DEBUG o.a.c.loader.WebappClassLoaderBase -   Delegating to parent classloader jdk.internal.loader.ClassLoaders$AppClassLoader@60e53b93
15:26:45.402 DEBUG o.a.c.loader.WebappClassLoaderBase -   --> Returning stream from parent
15:26:45.413 TRACE o.t.T.cache.TEMPLATE_CACHE - [THYMELEAF][http-nio-8001-exec-1][TEMPLATE_CACHE][CACHE_ADD][2] Adding cache entry in cache "TEMPLATE_CACHE" for key "fragments/navbar@(cargar;0,0)::[navbar]". New size is 2.
15:26:45.416 TRACE o.t.T.cache.EXPRESSION_CACHE - [THYMELEAF][http-nio-8001-exec-1][EXPRESSION_CACHE][CACHE_MISS] Cache miss in cache "EXPRESSION_CACHE" for key "fsig|navbar".
15:26:45.417 TRACE o.t.T.cache.EXPRESSION_CACHE - [THYMELEAF][http-nio-8001-exec-1][EXPRESSION_CACHE][CACHE_ADD][2] Adding cache entry in cache "EXPRESSION_CACHE" for key "fsig|navbar". New size is 2.
15:26:45.420 TRACE o.t.T.cache.EXPRESSION_CACHE - [THYMELEAF][http-nio-8001-exec-1][EXPRESSION_CACHE][CACHE_MISS] Cache miss in cache "EXPRESSION_CACHE" for key "expr|@{/}".
15:26:45.420 TRACE o.t.T.cache.EXPRESSION_CACHE - [THYMELEAF][http-nio-8001-exec-1][EXPRESSION_CACHE][CACHE_ADD][3] Adding cache entry in cache "EXPRESSION_CACHE" for key "expr|@{/}". New size is 3.
15:26:45.420 TRACE o.t.s.expression.LinkExpression - [THYMELEAF][http-nio-8001-exec-1] Evaluating link: "@{'/'}"
15:26:45.420 TRACE o.t.s.e.TextLiteralExpression - [THYMELEAF][http-nio-8001-exec-1] Evaluating text literal: "'/'"
15:26:45.506 TRACE o.t.T.cache.EXPRESSION_CACHE - [THYMELEAF][http-nio-8001-exec-1][EXPRESSION_CACHE][CACHE_HIT] Cache hit in cache "EXPRESSION_CACHE" for key "expr|@{/}".
15:26:45.507 TRACE o.t.s.expression.LinkExpression - [THYMELEAF][http-nio-8001-exec-1] Evaluating link: "@{'/'}"
15:26:45.507 TRACE o.t.s.e.TextLiteralExpression - [THYMELEAF][http-nio-8001-exec-1] Evaluating text literal: "'/'"
15:26:45.507 TRACE o.t.T.cache.EXPRESSION_CACHE - [THYMELEAF][http-nio-8001-exec-1][EXPRESSION_CACHE][CACHE_MISS] Cache miss in cache "EXPRESSION_CACHE" for key "expr|@{/cargar}".
15:26:45.507 TRACE o.t.T.cache.EXPRESSION_CACHE - [THYMELEAF][http-nio-8001-exec-1][EXPRESSION_CACHE][CACHE_ADD][4] Adding cache entry in cache "EXPRESSION_CACHE" for key "expr|@{/cargar}". New size is 4.
15:26:45.507 TRACE o.t.s.expression.LinkExpression - [THYMELEAF][http-nio-8001-exec-1] Evaluating link: "@{'/cargar'}"
15:26:45.507 TRACE o.t.s.e.TextLiteralExpression - [THYMELEAF][http-nio-8001-exec-1] Evaluating text literal: "'/cargar'"
15:26:45.508 TRACE o.t.T.cache.EXPRESSION_CACHE - [THYMELEAF][http-nio-8001-exec-1][EXPRESSION_CACHE][CACHE_MISS] Cache miss in cache "EXPRESSION_CACHE" for key "expr|${mensaje}".
15:26:45.509 TRACE o.t.T.cache.EXPRESSION_CACHE - [THYMELEAF][http-nio-8001-exec-1][EXPRESSION_CACHE][CACHE_ADD][5] Adding cache entry in cache "EXPRESSION_CACHE" for key "expr|${mensaje}". New size is 5.
15:26:45.509 TRACE o.t.s.expression.VariableExpression - [THYMELEAF][http-nio-8001-exec-1] Evaluating variable expression: "${mensaje}"
15:26:45.510 TRACE o.t.s.e.SPELVariableExpressionEvaluator - [THYMELEAF][http-nio-8001-exec-1] SpringEL expression: evaluating expression "mensaje" on target
15:26:45.510 TRACE o.t.T.cache.EXPRESSION_CACHE - [THYMELEAF][http-nio-8001-exec-1][EXPRESSION_CACHE][CACHE_MISS] Cache miss in cache "EXPRESSION_CACHE" for key "spel|mensaje".
15:26:45.528 TRACE o.t.T.cache.EXPRESSION_CACHE - [THYMELEAF][http-nio-8001-exec-1][EXPRESSION_CACHE][CACHE_ADD][6] Adding cache entry in cache "EXPRESSION_CACHE" for key "spel|mensaje". New size is 6.
15:26:45.532 TRACE o.t.T.cache.EXPRESSION_CACHE - [THYMELEAF][http-nio-8001-exec-1][EXPRESSION_CACHE][CACHE_MISS] Cache miss in cache "EXPRESSION_CACHE" for key "expr|${datosExcel}".
15:26:45.533 TRACE o.t.T.cache.EXPRESSION_CACHE - [THYMELEAF][http-nio-8001-exec-1][EXPRESSION_CACHE][CACHE_ADD][7] Adding cache entry in cache "EXPRESSION_CACHE" for key "expr|${datosExcel}". New size is 7.
15:26:45.533 TRACE o.t.s.expression.VariableExpression - [THYMELEAF][http-nio-8001-exec-1] Evaluating variable expression: "${datosExcel}"
15:26:45.533 TRACE o.t.s.e.SPELVariableExpressionEvaluator - [THYMELEAF][http-nio-8001-exec-1] SpringEL expression: evaluating expression "datosExcel" on target
15:26:45.533 TRACE o.t.T.cache.EXPRESSION_CACHE - [THYMELEAF][http-nio-8001-exec-1][EXPRESSION_CACHE][CACHE_MISS] Cache miss in cache "EXPRESSION_CACHE" for key "spel|datosExcel".
15:26:45.533 TRACE o.t.T.cache.EXPRESSION_CACHE - [THYMELEAF][http-nio-8001-exec-1][EXPRESSION_CACHE][CACHE_ADD][8] Adding cache entry in cache "EXPRESSION_CACHE" for key "spel|datosExcel". New size is 8.
15:26:45.533 TRACE org.thymeleaf.TemplateEngine - [THYMELEAF][http-nio-8001-exec-1] FINISHED PROCESS AND OUTPUT OF TEMPLATE "cargar" WITH LOCALE es_ES
15:26:45.533 TRACE org.thymeleaf.TemplateEngine.TIMER - [THYMELEAF][http-nio-8001-exec-1][cargar][es_ES][285051200][285] TEMPLATE "cargar" WITH LOCALE es_ES PROCESSED IN 285051200 nanoseconds (approx. 285ms)
15:26:45.536 DEBUG o.a.coyote.http11.Http11InputBuffer - Before fill(): parsingHeader: [true], parsingRequestLine: [true], parsingRequestLinePhase: [0], parsingRequestLineStart: [0], byteBuffer.position(): [0], byteBuffer.limit(): [0], end: [634]
15:26:45.536 DEBUG o.a.t.util.net.SocketWrapperBase - Socket: [org.apache.tomcat.util.net.NioEndpoint$NioSocketWrapper@746d59c6:org.apache.tomcat.util.net.NioChannel@1bd6b4ea:java.nio.channels.SocketChannel[connected local=/[0:0:0:0:0:0:0:1]:8001 remote=/[0:0:0:0:0:0:0:1]:56182]], Read from buffer: [0]
15:26:45.537 DEBUG o.apache.tomcat.util.net.NioEndpoint - Socket: [org.apache.tomcat.util.net.NioEndpoint$NioSocketWrapper@746d59c6:org.apache.tomcat.util.net.NioChannel@1bd6b4ea:java.nio.channels.SocketChannel[connected local=/[0:0:0:0:0:0:0:1]:8001 remote=/[0:0:0:0:0:0:0:1]:56182]], Read direct from socket: [0]
15:26:45.537 DEBUG o.a.coyote.http11.Http11InputBuffer - Received []
15:26:45.538 DEBUG o.a.coyote.http11.Http11Processor - Socket: [org.apache.tomcat.util.net.NioEndpoint$NioSocketWrapper@746d59c6:org.apache.tomcat.util.net.NioChannel@1bd6b4ea:java.nio.channels.SocketChannel[connected local=/[0:0:0:0:0:0:0:1]:8001 remote=/[0:0:0:0:0:0:0:1]:56182]], Status in: [OPEN_READ], State out: [OPEN]
15:26:45.538 DEBUG o.a.coyote.http11.Http11NioProtocol - Pushed Processor [org.apache.coyote.http11.Http11Processor@352d0cf6]
15:26:45.538 DEBUG o.apache.tomcat.util.net.NioEndpoint - Registered read interest for [org.apache.tomcat.util.net.NioEndpoint$NioSocketWrapper@746d59c6:org.apache.tomcat.util.net.NioChannel@1bd6b4ea:java.nio.channels.SocketChannel[connected local=/[0:0:0:0:0:0:0:1]:8001 remote=/[0:0:0:0:0:0:0:1]:56182]]
15:26:46.551 DEBUG o.apache.tomcat.util.net.NioEndpoint - timeout completed: keys processed=1; now=1752866806551; nextExpiration=1752866805809; keyCount=0; hasEvents=false; eval=false
15:26:47.023 DEBUG o.a.coyote.http11.Http11NioProtocol - Processing socket [org.apache.tomcat.util.net.NioChannel@1bd6b4ea:java.nio.channels.SocketChannel[connected local=/[0:0:0:0:0:0:0:1]:8001 remote=/[0:0:0:0:0:0:0:1]:56182]] with status [OPEN_READ]
15:26:47.023 DEBUG o.a.coyote.http11.Http11NioProtocol - Found processor [null] for socket [org.apache.tomcat.util.net.NioChannel@1bd6b4ea:java.nio.channels.SocketChannel[connected local=/[0:0:0:0:0:0:0:1]:8001 remote=/[0:0:0:0:0:0:0:1]:56182]]
15:26:47.023 DEBUG o.a.coyote.http11.Http11NioProtocol - Popped processor [org.apache.coyote.http11.Http11Processor@352d0cf6] from cache
15:26:47.023 DEBUG o.a.coyote.http11.Http11InputBuffer - Before fill(): parsingHeader: [true], parsingRequestLine: [true], parsingRequestLinePhase: [0], parsingRequestLineStart: [0], byteBuffer.position(): [0], byteBuffer.limit(): [0], end: [634]
15:26:47.024 DEBUG o.a.t.util.net.SocketWrapperBase - Socket: [org.apache.tomcat.util.net.NioEndpoint$NioSocketWrapper@746d59c6:org.apache.tomcat.util.net.NioChannel@1bd6b4ea:java.nio.channels.SocketChannel[connected local=/[0:0:0:0:0:0:0:1]:8001 remote=/[0:0:0:0:0:0:0:1]:56182]], Read from buffer: [0]
15:26:47.024 DEBUG o.apache.tomcat.util.net.NioEndpoint - Socket: [org.apache.tomcat.util.net.NioEndpoint$NioSocketWrapper@746d59c6:org.apache.tomcat.util.net.NioChannel@1bd6b4ea:java.nio.channels.SocketChannel[connected local=/[0:0:0:0:0:0:0:1]:8001 remote=/[0:0:0:0:0:0:0:1]:56182]], Read direct from socket: [674]
15:26:47.024 DEBUG o.a.coyote.http11.Http11InputBuffer - Received [GET / HTTP/1.1
Host: localhost:8001
Connection: keep-alive
sec-ch-ua: "Not)A;Brand";v="8", "Chromium";v="138", "Brave";v="138"
sec-ch-ua-mobile: ?0
sec-ch-ua-platform: "Windows"
Upgrade-Insecure-Requests: 1
User-Agent: Mozilla/5.0 (Windows NT 10.0; Win64; x64) AppleWebKit/537.36 (KHTML, like Gecko) Chrome/138.0.0.0 Safari/537.36
Accept: text/html,application/xhtml+xml,application/xml;q=0.9,image/avif,image/webp,image/apng,*/*;q=0.8
Sec-GPC: 1
Accept-Language: es-ES,es;q=0.5
Sec-Fetch-Site: same-origin
Sec-Fetch-Mode: navigate
Sec-Fetch-User: ?1
Sec-Fetch-Dest: document
Referer: http://localhost:8001/cargar
Accept-Encoding: gzip, deflate, br, zstd

]
15:26:47.025 DEBUG o.a.c.a.AuthenticatorBase - Security checking request GET /
15:26:47.025 DEBUG org.apache.catalina.realm.RealmBase -   No applicable constraints defined
15:26:47.025 DEBUG o.a.c.a.AuthenticatorBase - Not subject to any constraint
15:26:47.026 DEBUG o.a.catalina.core.StandardWrapper -   Returning instance
15:26:47.033 DEBUG o.apache.tomcat.util.http.Parameters - Set encoding to UTF-8
15:26:48.026 DEBUG o.apache.tomcat.util.net.NioEndpoint - timeout completed: keys processed=1; now=1752866808026; nextExpiration=1752866807551; keyCount=0; hasEvents=false; eval=false
15:26:49.041 DEBUG o.apache.tomcat.util.net.NioEndpoint - timeout completed: keys processed=1; now=1752866809041; nextExpiration=1752866809026; keyCount=0; hasEvents=false; eval=false
15:26:50.042 DEBUG o.apache.tomcat.util.net.NioEndpoint - timeout completed: keys processed=1; now=1752866810042; nextExpiration=1752866810041; keyCount=0; hasEvents=false; eval=false
15:26:51.058 DEBUG o.apache.tomcat.util.net.NioEndpoint - timeout completed: keys processed=1; now=1752866811058; nextExpiration=1752866811042; keyCount=0; hasEvents=false; eval=false
15:26:52.062 DEBUG o.apache.tomcat.util.net.NioEndpoint - timeout completed: keys processed=1; now=1752866812062; nextExpiration=1752866812058; keyCount=0; hasEvents=false; eval=false
15:26:53.068 DEBUG o.apache.tomcat.util.net.NioEndpoint - timeout completed: keys processed=1; now=1752866813068; nextExpiration=1752866813062; keyCount=0; hasEvents=false; eval=false
15:26:54.076 DEBUG o.apache.tomcat.util.net.NioEndpoint - timeout completed: keys processed=1; now=1752866814076; nextExpiration=1752866814068; keyCount=0; hasEvents=false; eval=false
15:26:55.084 DEBUG o.apache.tomcat.util.net.NioEndpoint - timeout completed: keys processed=1; now=1752866815084; nextExpiration=1752866815076; keyCount=0; hasEvents=false; eval=false
15:26:56.084 DEBUG o.apache.tomcat.util.net.NioEndpoint - timeout completed: keys processed=1; now=1752866816084; nextExpiration=1752866816084; keyCount=0; hasEvents=false; eval=false
15:26:57.088 DEBUG o.apache.tomcat.util.net.NioEndpoint - timeout completed: keys processed=1; now=1752866817088; nextExpiration=1752866817084; keyCount=0; hasEvents=false; eval=false
15:26:57.909 TRACE i.m.o.SimpleObservation$SimpleScope - NoOp observation used with SimpleScope
15:26:57.909 ERROR c.m.s.i.api.ScaleService - Error I/O error on GET request for "http://10.10.26.192:5001/api/Autoservicio/IPs": Connection timed out: connect
org.springframework.web.client.ResourceAccessException: I/O error on GET request for "http://10.10.26.192:5001/api/Autoservicio/IPs": Connection timed out: connect
	at org.springframework.web.client.RestTemplate.createResourceAccessException(RestTemplate.java:915)
	at org.springframework.web.client.RestTemplate.doExecute(RestTemplate.java:895)
	at org.springframework.web.client.RestTemplate.execute(RestTemplate.java:790)
	at org.springframework.web.client.RestTemplate.exchange(RestTemplate.java:701)
	at com.marsol.sync.infraestructure.api.ScaleService.getScalesByMarca(ScaleService.java:109)
	at com.marsol.sync.application.ScalesNetworkController.fetchScalesUpdateFromLab(ScalesNetworkController.java:132)
	at com.marsol.sync.application.ScalesNetworkController.scheduleTaskForced(ScalesNetworkController.java:60)
	at java.base/jdk.internal.reflect.NativeMethodAccessorImpl.invoke0(Native Method)
	at java.base/jdk.internal.reflect.NativeMethodAccessorImpl.invoke(NativeMethodAccessorImpl.java:77)
	at java.base/jdk.internal.reflect.DelegatingMethodAccessorImpl.invoke(DelegatingMethodAccessorImpl.java:43)
	at java.base/java.lang.reflect.Method.invoke(Method.java:569)
	at org.springframework.scheduling.support.ScheduledMethodRunnable.runInternal(ScheduledMethodRunnable.java:130)
	at org.springframework.scheduling.support.ScheduledMethodRunnable.lambda$run$2(ScheduledMethodRunnable.java:124)
	at io.micrometer.observation.Observation.observe(Observation.java:499)
	at org.springframework.scheduling.support.ScheduledMethodRunnable.run(ScheduledMethodRunnable.java:124)
	at org.springframework.scheduling.support.DelegatingErrorHandlingRunnable.run(DelegatingErrorHandlingRunnable.java:54)
	at java.base/java.util.concurrent.Executors$RunnableAdapter.call(Executors.java:539)
	at java.base/java.util.concurrent.FutureTask.runAndReset(FutureTask.java:305)
	at java.base/java.util.concurrent.ScheduledThreadPoolExecutor$ScheduledFutureTask.run(ScheduledThreadPoolExecutor.java:305)
	at java.base/java.util.concurrent.ThreadPoolExecutor.runWorker(ThreadPoolExecutor.java:1136)
	at java.base/java.util.concurrent.ThreadPoolExecutor$Worker.run(ThreadPoolExecutor.java:635)
	at java.base/java.lang.Thread.run(Thread.java:840)
Caused by: java.net.ConnectException: Connection timed out: connect
	at java.base/sun.nio.ch.Net.connect0(Native Method)
	at java.base/sun.nio.ch.Net.connect(Net.java:579)
	at java.base/sun.nio.ch.Net.connect(Net.java:568)
	at java.base/sun.nio.ch.NioSocketImpl.connect(NioSocketImpl.java:593)
	at java.base/java.net.Socket.connect(Socket.java:633)
	at java.base/java.net.Socket.connect(Socket.java:583)
	at java.base/sun.net.NetworkClient.doConnect(NetworkClient.java:183)
	at java.base/sun.net.www.http.HttpClient.openServer(HttpClient.java:533)
	at java.base/sun.net.www.http.HttpClient.openServer(HttpClient.java:638)
	at java.base/sun.net.www.http.HttpClient.<init>(HttpClient.java:281)
	at java.base/sun.net.www.http.HttpClient.New(HttpClient.java:386)
	at java.base/sun.net.www.http.HttpClient.New(HttpClient.java:408)
	at java.base/sun.net.www.protocol.http.HttpURLConnection.getNewHttpClient(HttpURLConnection.java:1308)
	at java.base/sun.net.www.protocol.http.HttpURLConnection.plainConnect0(HttpURLConnection.java:1241)
	at java.base/sun.net.www.protocol.http.HttpURLConnection.plainConnect(HttpURLConnection.java:1127)
	at java.base/sun.net.www.protocol.http.HttpURLConnection.connect(HttpURLConnection.java:1056)
	at org.springframework.http.client.SimpleClientHttpRequest.executeInternal(SimpleClientHttpRequest.java:79)
	at org.springframework.http.client.AbstractStreamingClientHttpRequest.executeInternal(AbstractStreamingClientHttpRequest.java:70)
	at org.springframework.http.client.AbstractClientHttpRequest.execute(AbstractClientHttpRequest.java:66)
	at org.springframework.web.client.RestTemplate.doExecute(RestTemplate.java:889)
	... 20 common frames omitted
15:26:57.910 ERROR c.m.s.a.ScalesNetworkController - No existe una lista de balanzas.
15:26:57.910 TRACE i.m.o.SimpleObservation$SimpleScope - NoOp observation used with SimpleScope
15:26:57.910 INFO  c.m.s.a.ScalesNetworkController - Actualizando lista de balanzas
15:26:57.910 TRACE i.m.o.SimpleObservation$SimpleScope - NoOp observation used with SimpleScope
15:26:57.910 INFO  c.m.s.a.ScalesNetworkController - Actualizando lista de balanzas
15:26:57.911 TRACE i.m.o.SimpleObservation$SimpleScope - NoOp observation used with SimpleScope
15:26:57.911 INFO  c.m.s.a.ScalesNetworkController - Evaluando si existen balanzas por actualizar.
15:26:57.911 TRACE i.m.o.SimpleObservation$SimpleScope - NoOp observation used with SimpleScope
15:26:57.911 INFO  c.m.s.a.ScalesNetworkController - Actualizando lista de balanzas
15:26:57.911 TRACE i.m.o.SimpleObservation$SimpleScope - NoOp observation used with SimpleScope
15:26:58.095 DEBUG o.apache.tomcat.util.net.NioEndpoint - timeout completed: keys processed=1; now=1752866818095; nextExpiration=1752866818088; keyCount=0; hasEvents=false; eval=false
15:26:59.109 DEBUG o.apache.tomcat.util.net.NioEndpoint - timeout completed: keys processed=1; now=1752866819109; nextExpiration=1752866819095; keyCount=0; hasEvents=false; eval=false
15:27:00.114 DEBUG o.apache.tomcat.util.net.NioEndpoint - timeout completed: keys processed=1; now=1752866820114; nextExpiration=1752866820109; keyCount=0; hasEvents=false; eval=false
15:27:01.115 DEBUG o.apache.tomcat.util.net.NioEndpoint - timeout completed: keys processed=1; now=1752866821115; nextExpiration=1752866821114; keyCount=0; hasEvents=false; eval=false
15:27:02.130 DEBUG o.apache.tomcat.util.net.NioEndpoint - timeout completed: keys processed=1; now=1752866822130; nextExpiration=1752866822115; keyCount=0; hasEvents=false; eval=false
15:27:03.132 DEBUG o.apache.tomcat.util.net.NioEndpoint - timeout completed: keys processed=1; now=1752866823132; nextExpiration=1752866823130; keyCount=0; hasEvents=false; eval=false
15:27:04.145 DEBUG o.apache.tomcat.util.net.NioEndpoint - timeout completed: keys processed=1; now=1752866824145; nextExpiration=1752866824132; keyCount=0; hasEvents=false; eval=false
15:27:05.158 DEBUG o.apache.tomcat.util.net.NioEndpoint - timeout completed: keys processed=1; now=1752866825158; nextExpiration=1752866825145; keyCount=0; hasEvents=false; eval=false
15:27:06.173 DEBUG o.apache.tomcat.util.net.NioEndpoint - timeout completed: keys processed=1; now=1752866826173; nextExpiration=1752866826158; keyCount=0; hasEvents=false; eval=false
15:27:06.789 INFO  c.m.s.a.ScalesNetworkController - Actualizando lista de balanzas
15:27:06.789 TRACE i.m.o.SimpleObservation$SimpleScope - NoOp observation used with SimpleScope
15:27:07.182 DEBUG o.apache.tomcat.util.net.NioEndpoint - timeout completed: keys processed=1; now=1752866827182; nextExpiration=1752866827173; keyCount=0; hasEvents=false; eval=false
15:27:08.078 TRACE i.m.o.SimpleObservation$SimpleScope - NoOp observation used with SimpleScope
15:27:08.078 ERROR c.m.s.i.api.ScaleService - Error I/O error on GET request for "http://10.10.26.192:5001/api/Autoservicio/IPs": Connection timed out: connect
org.springframework.web.client.ResourceAccessException: I/O error on GET request for "http://10.10.26.192:5001/api/Autoservicio/IPs": Connection timed out: connect
	at org.springframework.web.client.RestTemplate.createResourceAccessException(RestTemplate.java:915)
	at org.springframework.web.client.RestTemplate.doExecute(RestTemplate.java:895)
	at org.springframework.web.client.RestTemplate.execute(RestTemplate.java:790)
	at org.springframework.web.client.RestTemplate.exchange(RestTemplate.java:701)
	at com.marsol.sync.infraestructure.api.ScaleService.getScalesByMarca(ScaleService.java:109)
	at com.marsol.sync.web.services.ScaleWebService.obtenerBalanzas(ScaleWebService.java:45)
	at com.marsol.sync.web.controller.WebController.index(WebController.java:35)
	at java.base/jdk.internal.reflect.NativeMethodAccessorImpl.invoke0(Native Method)
	at java.base/jdk.internal.reflect.NativeMethodAccessorImpl.invoke(NativeMethodAccessorImpl.java:77)
	at java.base/jdk.internal.reflect.DelegatingMethodAccessorImpl.invoke(DelegatingMethodAccessorImpl.java:43)
	at java.base/java.lang.reflect.Method.invoke(Method.java:569)
	at org.springframework.web.method.support.InvocableHandlerMethod.doInvoke(InvocableHandlerMethod.java:255)
	at org.springframework.web.method.support.InvocableHandlerMethod.invokeForRequest(InvocableHandlerMethod.java:188)
	at org.springframework.web.servlet.mvc.method.annotation.ServletInvocableHandlerMethod.invokeAndHandle(ServletInvocableHandlerMethod.java:118)
	at org.springframework.web.servlet.mvc.method.annotation.RequestMappingHandlerAdapter.invokeHandlerMethod(RequestMappingHandlerAdapter.java:926)
	at org.springframework.web.servlet.mvc.method.annotation.RequestMappingHandlerAdapter.handleInternal(RequestMappingHandlerAdapter.java:831)
	at org.springframework.web.servlet.mvc.method.AbstractHandlerMethodAdapter.handle(AbstractHandlerMethodAdapter.java:87)
	at org.springframework.web.servlet.DispatcherServlet.doDispatch(DispatcherServlet.java:1089)
	at org.springframework.web.servlet.DispatcherServlet.doService(DispatcherServlet.java:979)
	at org.springframework.web.servlet.FrameworkServlet.processRequest(FrameworkServlet.java:1014)
	at org.springframework.web.servlet.FrameworkServlet.doGet(FrameworkServlet.java:903)
	at jakarta.servlet.http.HttpServlet.service(HttpServlet.java:564)
	at org.springframework.web.servlet.FrameworkServlet.service(FrameworkServlet.java:885)
	at jakarta.servlet.http.HttpServlet.service(HttpServlet.java:658)
	at org.apache.catalina.core.ApplicationFilterChain.internalDoFilter(ApplicationFilterChain.java:195)
	at org.apache.catalina.core.ApplicationFilterChain.doFilter(ApplicationFilterChain.java:140)
	at org.apache.tomcat.websocket.server.WsFilter.doFilter(WsFilter.java:51)
	at org.apache.catalina.core.ApplicationFilterChain.internalDoFilter(ApplicationFilterChain.java:164)
	at org.apache.catalina.core.ApplicationFilterChain.doFilter(ApplicationFilterChain.java:140)
	at org.springframework.web.filter.RequestContextFilter.doFilterInternal(RequestContextFilter.java:100)
	at org.springframework.web.filter.OncePerRequestFilter.doFilter(OncePerRequestFilter.java:116)
	at org.apache.catalina.core.ApplicationFilterChain.internalDoFilter(ApplicationFilterChain.java:164)
	at org.apache.catalina.core.ApplicationFilterChain.doFilter(ApplicationFilterChain.java:140)
	at org.springframework.web.filter.FormContentFilter.doFilterInternal(FormContentFilter.java:93)
	at org.springframework.web.filter.OncePerRequestFilter.doFilter(OncePerRequestFilter.java:116)
	at org.apache.catalina.core.ApplicationFilterChain.internalDoFilter(ApplicationFilterChain.java:164)
	at org.apache.catalina.core.ApplicationFilterChain.doFilter(ApplicationFilterChain.java:140)
	at org.springframework.web.filter.CharacterEncodingFilter.doFilterInternal(CharacterEncodingFilter.java:201)
	at org.springframework.web.filter.OncePerRequestFilter.doFilter(OncePerRequestFilter.java:116)
	at org.apache.catalina.core.ApplicationFilterChain.internalDoFilter(ApplicationFilterChain.java:164)
	at org.apache.catalina.core.ApplicationFilterChain.doFilter(ApplicationFilterChain.java:140)
	at org.apache.catalina.core.StandardWrapperValve.invoke(StandardWrapperValve.java:167)
	at org.apache.catalina.core.StandardContextValve.invoke(StandardContextValve.java:90)
	at org.apache.catalina.authenticator.AuthenticatorBase.invoke(AuthenticatorBase.java:482)
	at org.apache.catalina.core.StandardHostValve.invoke(StandardHostValve.java:115)
	at org.apache.catalina.valves.ErrorReportValve.invoke(ErrorReportValve.java:93)
	at org.apache.catalina.core.StandardEngineValve.invoke(StandardEngineValve.java:74)
	at org.apache.catalina.connector.CoyoteAdapter.service(CoyoteAdapter.java:344)
	at org.apache.coyote.http11.Http11Processor.service(Http11Processor.java:389)
	at org.apache.coyote.AbstractProcessorLight.process(AbstractProcessorLight.java:63)
	at org.apache.coyote.AbstractProtocol$ConnectionHandler.process(AbstractProtocol.java:896)
	at org.apache.tomcat.util.net.NioEndpoint$SocketProcessor.doRun(NioEndpoint.java:1741)
	at org.apache.tomcat.util.net.SocketProcessorBase.run(SocketProcessorBase.java:52)
	at org.apache.tomcat.util.threads.ThreadPoolExecutor.runWorker(ThreadPoolExecutor.java:1190)
	at org.apache.tomcat.util.threads.ThreadPoolExecutor$Worker.run(ThreadPoolExecutor.java:659)
	at org.apache.tomcat.util.threads.TaskThread$WrappingRunnable.run(TaskThread.java:63)
	at java.base/java.lang.Thread.run(Thread.java:840)
Caused by: java.net.ConnectException: Connection timed out: connect
	at java.base/sun.nio.ch.Net.connect0(Native Method)
	at java.base/sun.nio.ch.Net.connect(Net.java:579)
	at java.base/sun.nio.ch.Net.connect(Net.java:568)
	at java.base/sun.nio.ch.NioSocketImpl.connect(NioSocketImpl.java:593)
	at java.base/java.net.Socket.connect(Socket.java:633)
	at java.base/java.net.Socket.connect(Socket.java:583)
	at java.base/sun.net.NetworkClient.doConnect(NetworkClient.java:183)
	at java.base/sun.net.www.http.HttpClient.openServer(HttpClient.java:533)
	at java.base/sun.net.www.http.HttpClient.openServer(HttpClient.java:638)
	at java.base/sun.net.www.http.HttpClient.<init>(HttpClient.java:281)
	at java.base/sun.net.www.http.HttpClient.New(HttpClient.java:386)
	at java.base/sun.net.www.http.HttpClient.New(HttpClient.java:408)
	at java.base/sun.net.www.protocol.http.HttpURLConnection.getNewHttpClient(HttpURLConnection.java:1308)
	at java.base/sun.net.www.protocol.http.HttpURLConnection.plainConnect0(HttpURLConnection.java:1241)
	at java.base/sun.net.www.protocol.http.HttpURLConnection.plainConnect(HttpURLConnection.java:1127)
	at java.base/sun.net.www.protocol.http.HttpURLConnection.connect(HttpURLConnection.java:1056)
	at org.springframework.http.client.SimpleClientHttpRequest.executeInternal(SimpleClientHttpRequest.java:79)
	at org.springframework.http.client.AbstractStreamingClientHttpRequest.executeInternal(AbstractStreamingClientHttpRequest.java:70)
	at org.springframework.http.client.AbstractClientHttpRequest.execute(AbstractClientHttpRequest.java:66)
	at org.springframework.web.client.RestTemplate.doExecute(RestTemplate.java:889)
	... 55 common frames omitted
15:27:08.082 TRACE o.t.s.view.ThymeleafViewResolver - [THYMELEAF] View index will be handled by ThymeleafViewResolver and a ThymeleafView instance will be created for it
15:27:08.083 TRACE org.thymeleaf.TemplateEngine - [THYMELEAF][http-nio-8001-exec-2] STARTING PROCESS OF TEMPLATE "index" WITH LOCALE es_ES
15:27:08.083 TRACE o.t.T.cache.TEMPLATE_CACHE - [THYMELEAF][http-nio-8001-exec-2][TEMPLATE_CACHE][CACHE_MISS] Cache miss in cache "TEMPLATE_CACHE" for key "index".
15:27:08.083 DEBUG o.a.c.loader.WebappClassLoaderBase - getResource(templates/index.html)
15:27:08.083 DEBUG o.a.c.loader.WebappClassLoaderBase -   Delegating to parent classloader jdk.internal.loader.ClassLoaders$AppClassLoader@60e53b93
15:27:08.084 DEBUG o.a.c.loader.WebappClassLoaderBase -   --> Returning 'file:/C:/Users/sistemas/Desktop/MARSOL/HPRT/Balanza%20HPRT/Proyecto%20Walmart/Driver_sync/Test/ProyectoSyncBalanzas/target/classes/templates/index.html'
15:27:08.084 TRACE o.thymeleaf.engine.TemplateManager - [THYMELEAF][http-nio-8001-exec-2] Template resolver match! Resolver "org.thymeleaf.spring6.templateresolver.SpringResourceTemplateResolver" will resolve template "index"
15:27:08.084 DEBUG o.a.c.loader.WebappClassLoaderBase - getResourceAsStream(templates/index.html)
15:27:08.084 DEBUG o.a.c.loader.WebappClassLoaderBase -   Delegating to parent classloader jdk.internal.loader.ClassLoaders$AppClassLoader@60e53b93
15:27:08.117 DEBUG o.a.c.loader.WebappClassLoaderBase -   --> Returning stream from parent
15:27:08.121 TRACE o.t.T.cache.TEMPLATE_CACHE - [THYMELEAF][http-nio-8001-exec-2][TEMPLATE_CACHE][CACHE_ADD][3] Adding cache entry in cache "TEMPLATE_CACHE" for key "index". New size is 3.
15:27:08.121 TRACE o.t.T.cache.EXPRESSION_CACHE - [THYMELEAF][http-nio-8001-exec-2][EXPRESSION_CACHE][CACHE_HIT] Cache hit in cache "EXPRESSION_CACHE" for key "expr|~{fragments/navbar :: navbar}".
15:27:08.121 TRACE o.t.s.expression.FragmentExpression - [THYMELEAF][http-nio-8001-exec-2] Evaluating fragment: "~{'fragments/navbar' :: navbar}"
15:27:08.121 TRACE o.t.s.e.TextLiteralExpression - [THYMELEAF][http-nio-8001-exec-2] Evaluating text literal: "'fragments/navbar'"
15:27:08.121 TRACE o.t.s.e.GenericTokenExpression - [THYMELEAF][http-nio-8001-exec-2] Evaluating generic token: "navbar"
15:27:08.121 WARN  o.t.s.p.AbstractStandardFragmentInsertionTagProcessor - [THYMELEAF][http-nio-8001-exec-2][index] Deprecated unwrapped fragment expression "fragments/navbar :: navbar" found in template index, line 11, col 6. Please use the complete syntax of fragment expressions instead ("~{fragments/navbar :: navbar}"). The old, unwrapped syntax for fragment expressions will be removed in future versions of Thymeleaf.
15:27:08.121 TRACE o.t.T.cache.TEMPLATE_CACHE - [THYMELEAF][http-nio-8001-exec-2][TEMPLATE_CACHE][CACHE_MISS] Cache miss in cache "TEMPLATE_CACHE" for key "fragments/navbar@(index;0,0)::[navbar]".
15:27:08.122 DEBUG o.a.c.loader.WebappClassLoaderBase - getResource(templates/fragments/navbar.html)
15:27:08.122 DEBUG o.a.c.loader.WebappClassLoaderBase -   Delegating to parent classloader jdk.internal.loader.ClassLoaders$AppClassLoader@60e53b93
15:27:08.123 DEBUG o.a.c.loader.WebappClassLoaderBase -   --> Returning 'file:/C:/Users/sistemas/Desktop/MARSOL/HPRT/Balanza%20HPRT/Proyecto%20Walmart/Driver_sync/Test/ProyectoSyncBalanzas/target/classes/templates/fragments/navbar.html'
15:27:08.123 TRACE o.thymeleaf.engine.TemplateManager - [THYMELEAF][http-nio-8001-exec-2] Template resolver match! Resolver "org.thymeleaf.spring6.templateresolver.SpringResourceTemplateResolver" will resolve template "fragments/navbar"
15:27:08.123 DEBUG o.a.c.loader.WebappClassLoaderBase - getResourceAsStream(templates/fragments/navbar.html)
15:27:08.123 DEBUG o.a.c.loader.WebappClassLoaderBase -   Delegating to parent classloader jdk.internal.loader.ClassLoaders$AppClassLoader@60e53b93
15:27:08.123 DEBUG o.a.c.loader.WebappClassLoaderBase -   --> Returning stream from parent
15:27:08.124 TRACE o.t.T.cache.TEMPLATE_CACHE - [THYMELEAF][http-nio-8001-exec-2][TEMPLATE_CACHE][CACHE_ADD][4] Adding cache entry in cache "TEMPLATE_CACHE" for key "fragments/navbar@(index;0,0)::[navbar]". New size is 4.
15:27:08.124 TRACE o.t.T.cache.EXPRESSION_CACHE - [THYMELEAF][http-nio-8001-exec-2][EXPRESSION_CACHE][CACHE_HIT] Cache hit in cache "EXPRESSION_CACHE" for key "fsig|navbar".
15:27:08.124 TRACE o.t.T.cache.EXPRESSION_CACHE - [THYMELEAF][http-nio-8001-exec-2][EXPRESSION_CACHE][CACHE_HIT] Cache hit in cache "EXPRESSION_CACHE" for key "expr|@{/}".
15:27:08.124 TRACE o.t.s.expression.LinkExpression - [THYMELEAF][http-nio-8001-exec-2] Evaluating link: "@{'/'}"
15:27:08.124 TRACE o.t.s.e.TextLiteralExpression - [THYMELEAF][http-nio-8001-exec-2] Evaluating text literal: "'/'"
15:27:08.125 TRACE o.t.T.cache.EXPRESSION_CACHE - [THYMELEAF][http-nio-8001-exec-2][EXPRESSION_CACHE][CACHE_HIT] Cache hit in cache "EXPRESSION_CACHE" for key "expr|@{/}".
15:27:08.125 TRACE o.t.s.expression.LinkExpression - [THYMELEAF][http-nio-8001-exec-2] Evaluating link: "@{'/'}"
15:27:08.125 TRACE o.t.s.e.TextLiteralExpression - [THYMELEAF][http-nio-8001-exec-2] Evaluating text literal: "'/'"
15:27:08.125 TRACE o.t.T.cache.EXPRESSION_CACHE - [THYMELEAF][http-nio-8001-exec-2][EXPRESSION_CACHE][CACHE_HIT] Cache hit in cache "EXPRESSION_CACHE" for key "expr|@{/cargar}".
15:27:08.125 TRACE o.t.s.expression.LinkExpression - [THYMELEAF][http-nio-8001-exec-2] Evaluating link: "@{'/cargar'}"
15:27:08.125 TRACE o.t.s.e.TextLiteralExpression - [THYMELEAF][http-nio-8001-exec-2] Evaluating text literal: "'/cargar'"
15:27:08.125 TRACE o.t.T.cache.EXPRESSION_CACHE - [THYMELEAF][http-nio-8001-exec-2][EXPRESSION_CACHE][CACHE_MISS] Cache miss in cache "EXPRESSION_CACHE" for key "expr|${marca}".
15:27:08.125 TRACE o.t.T.cache.EXPRESSION_CACHE - [THYMELEAF][http-nio-8001-exec-2][EXPRESSION_CACHE][CACHE_ADD][9] Adding cache entry in cache "EXPRESSION_CACHE" for key "expr|${marca}". New size is 9.
15:27:08.125 TRACE o.t.s.expression.VariableExpression - [THYMELEAF][http-nio-8001-exec-2] Evaluating variable expression: "${marca}"
15:27:08.125 TRACE o.t.s.e.SPELVariableExpressionEvaluator - [THYMELEAF][http-nio-8001-exec-2] SpringEL expression: evaluating expression "marca" on target
15:27:08.125 TRACE o.t.T.cache.EXPRESSION_CACHE - [THYMELEAF][http-nio-8001-exec-2][EXPRESSION_CACHE][CACHE_MISS] Cache miss in cache "EXPRESSION_CACHE" for key "spel|marca".
15:27:08.126 TRACE o.t.T.cache.EXPRESSION_CACHE - [THYMELEAF][http-nio-8001-exec-2][EXPRESSION_CACHE][CACHE_ADD][10] Adding cache entry in cache "EXPRESSION_CACHE" for key "spel|marca". New size is 10.
15:27:08.127 TRACE o.t.T.cache.EXPRESSION_CACHE - [THYMELEAF][http-nio-8001-exec-2][EXPRESSION_CACHE][CACHE_MISS] Cache miss in cache "EXPRESSION_CACHE" for key "each|b : ${balanzas}".
15:27:08.127 TRACE o.t.T.cache.EXPRESSION_CACHE - [THYMELEAF][http-nio-8001-exec-2][EXPRESSION_CACHE][CACHE_ADD][11] Adding cache entry in cache "EXPRESSION_CACHE" for key "each|b : ${balanzas}". New size is 11.
15:27:08.127 TRACE o.t.s.e.GenericTokenExpression - [THYMELEAF][http-nio-8001-exec-2] Evaluating generic token: "b"
15:27:08.127 TRACE o.t.s.expression.VariableExpression - [THYMELEAF][http-nio-8001-exec-2] Evaluating variable expression: "${balanzas}"
15:27:08.127 TRACE o.t.s.e.SPELVariableExpressionEvaluator - [THYMELEAF][http-nio-8001-exec-2] SpringEL expression: evaluating expression "balanzas" on target
15:27:08.127 TRACE o.t.T.cache.EXPRESSION_CACHE - [THYMELEAF][http-nio-8001-exec-2][EXPRESSION_CACHE][CACHE_MISS] Cache miss in cache "EXPRESSION_CACHE" for key "spel|balanzas".
15:27:08.127 TRACE o.t.T.cache.EXPRESSION_CACHE - [THYMELEAF][http-nio-8001-exec-2][EXPRESSION_CACHE][CACHE_ADD][12] Adding cache entry in cache "EXPRESSION_CACHE" for key "spel|balanzas". New size is 12.
15:27:08.130 TRACE o.t.T.cache.EXPRESSION_CACHE - [THYMELEAF][http-nio-8001-exec-2][EXPRESSION_CACHE][CACHE_HIT] Cache hit in cache "EXPRESSION_CACHE" for key "each|b : ${balanzas}".
15:27:08.130 TRACE o.t.s.e.GenericTokenExpression - [THYMELEAF][http-nio-8001-exec-2] Evaluating generic token: "b"
15:27:08.130 TRACE o.t.s.expression.VariableExpression - [THYMELEAF][http-nio-8001-exec-2] Evaluating variable expression: "${balanzas}"
15:27:08.130 TRACE o.t.s.e.SPELVariableExpressionEvaluator - [THYMELEAF][http-nio-8001-exec-2] SpringEL expression: evaluating expression "balanzas" on target
15:27:08.130 TRACE org.thymeleaf.TemplateEngine - [THYMELEAF][http-nio-8001-exec-2] FINISHED PROCESS AND OUTPUT OF TEMPLATE "index" WITH LOCALE es_ES
15:27:08.130 TRACE org.thymeleaf.TemplateEngine.TIMER - [THYMELEAF][http-nio-8001-exec-2][index][es_ES][47367000][47] TEMPLATE "index" WITH LOCALE es_ES PROCESSED IN 47367000 nanoseconds (approx. 47ms)
15:27:08.131 DEBUG o.a.coyote.http11.Http11InputBuffer - Before fill(): parsingHeader: [true], parsingRequestLine: [true], parsingRequestLinePhase: [0], parsingRequestLineStart: [0], byteBuffer.position(): [0], byteBuffer.limit(): [0], end: [674]
15:27:08.132 DEBUG o.a.t.util.net.SocketWrapperBase - Socket: [org.apache.tomcat.util.net.NioEndpoint$NioSocketWrapper@746d59c6:org.apache.tomcat.util.net.NioChannel@1bd6b4ea:java.nio.channels.SocketChannel[connected local=/[0:0:0:0:0:0:0:1]:8001 remote=/[0:0:0:0:0:0:0:1]:56182]], Read from buffer: [0]
15:27:08.132 DEBUG o.apache.tomcat.util.net.NioEndpoint - Socket: [org.apache.tomcat.util.net.NioEndpoint$NioSocketWrapper@746d59c6:org.apache.tomcat.util.net.NioChannel@1bd6b4ea:java.nio.channels.SocketChannel[connected local=/[0:0:0:0:0:0:0:1]:8001 remote=/[0:0:0:0:0:0:0:1]:56182]], Read direct from socket: [0]
15:27:08.133 DEBUG o.a.coyote.http11.Http11InputBuffer - Received []
15:27:08.133 DEBUG o.a.coyote.http11.Http11Processor - Socket: [org.apache.tomcat.util.net.NioEndpoint$NioSocketWrapper@746d59c6:org.apache.tomcat.util.net.NioChannel@1bd6b4ea:java.nio.channels.SocketChannel[connected local=/[0:0:0:0:0:0:0:1]:8001 remote=/[0:0:0:0:0:0:0:1]:56182]], Status in: [OPEN_READ], State out: [OPEN]
15:27:08.133 DEBUG o.a.coyote.http11.Http11NioProtocol - Pushed Processor [org.apache.coyote.http11.Http11Processor@352d0cf6]
15:27:08.133 DEBUG o.apache.tomcat.util.net.NioEndpoint - Registered read interest for [org.apache.tomcat.util.net.NioEndpoint$NioSocketWrapper@746d59c6:org.apache.tomcat.util.net.NioChannel@1bd6b4ea:java.nio.channels.SocketChannel[connected local=/[0:0:0:0:0:0:0:1]:8001 remote=/[0:0:0:0:0:0:0:1]:56182]]
15:27:09.134 DEBUG o.apache.tomcat.util.net.NioEndpoint - timeout completed: keys processed=1; now=1752866829134; nextExpiration=1752866828182; keyCount=0; hasEvents=false; eval=false
15:27:10.146 DEBUG o.apache.tomcat.util.net.NioEndpoint - timeout completed: keys processed=1; now=1752866830146; nextExpiration=1752866830134; keyCount=0; hasEvents=false; eval=false
15:27:11.162 DEBUG o.apache.tomcat.util.net.NioEndpoint - timeout completed: keys processed=1; now=1752866831162; nextExpiration=1752866831146; keyCount=0; hasEvents=false; eval=false
15:27:12.169 DEBUG o.apache.tomcat.util.net.NioEndpoint - timeout completed: keys processed=1; now=1752866832169; nextExpiration=1752866832162; keyCount=0; hasEvents=false; eval=false
15:27:13.177 DEBUG o.apache.tomcat.util.net.NioEndpoint - timeout completed: keys processed=1; now=1752866833177; nextExpiration=1752866833169; keyCount=0; hasEvents=false; eval=false
15:27:14.189 DEBUG o.apache.tomcat.util.net.NioEndpoint - timeout completed: keys processed=1; now=1752866834189; nextExpiration=1752866834177; keyCount=0; hasEvents=false; eval=false
15:27:15.200 DEBUG o.apache.tomcat.util.net.NioEndpoint - timeout completed: keys processed=1; now=1752866835200; nextExpiration=1752866835189; keyCount=0; hasEvents=false; eval=false
15:27:16.210 DEBUG o.apache.tomcat.util.net.NioEndpoint - timeout completed: keys processed=1; now=1752866836210; nextExpiration=1752866836200; keyCount=0; hasEvents=false; eval=false
15:27:16.797 INFO  c.m.s.a.ScalesNetworkController - Evaluando si existen balanzas por actualizar.
15:27:16.798 TRACE i.m.o.SimpleObservation$SimpleScope - NoOp observation used with SimpleScope
15:27:16.798 INFO  c.m.s.a.ScalesNetworkController - Actualizando lista de balanzas
15:27:16.798 TRACE i.m.o.SimpleObservation$SimpleScope - NoOp observation used with SimpleScope
15:27:17.211 DEBUG o.apache.tomcat.util.net.NioEndpoint - timeout completed: keys processed=1; now=1752866837211; nextExpiration=1752866837210; keyCount=0; hasEvents=false; eval=false
15:27:18.225 DEBUG o.apache.tomcat.util.net.NioEndpoint - timeout completed: keys processed=1; now=1752866838225; nextExpiration=1752866838211; keyCount=0; hasEvents=false; eval=false
15:27:18.942 TRACE i.m.o.SimpleObservation$SimpleScope - NoOp observation used with SimpleScope
15:27:18.942 TRACE i.m.o.SimpleObservation$SimpleScope - NoOp observation used with SimpleScope
15:27:18.942 TRACE i.m.o.SimpleObservation$SimpleScope - NoOp observation used with SimpleScope
15:27:18.943 ERROR c.m.s.i.api.ScaleService - Error I/O error on GET request for "http://10.10.26.192:5001/api/Autoservicio/IPs": Connection timed out: connect
org.springframework.web.client.ResourceAccessException: I/O error on GET request for "http://10.10.26.192:5001/api/Autoservicio/IPs": Connection timed out: connect
	at org.springframework.web.client.RestTemplate.createResourceAccessException(RestTemplate.java:915)
	at org.springframework.web.client.RestTemplate.doExecute(RestTemplate.java:895)
	at org.springframework.web.client.RestTemplate.execute(RestTemplate.java:790)
	at org.springframework.web.client.RestTemplate.exchange(RestTemplate.java:701)
	at com.marsol.sync.infraestructure.api.ScaleService.getScalesByMarca(ScaleService.java:109)
	at com.marsol.sync.application.ScalesNetworkController.fetchScalesFromLab(ScalesNetworkController.java:112)
	at org.springframework.scheduling.support.DelegatingErrorHandlingRunnable.run(DelegatingErrorHandlingRunnable.java:54)
	at java.base/java.util.concurrent.Executors$RunnableAdapter.call(Executors.java:539)
	at java.base/java.util.concurrent.FutureTask.run(FutureTask.java:264)
	at java.base/java.util.concurrent.ScheduledThreadPoolExecutor$ScheduledFutureTask.run(ScheduledThreadPoolExecutor.java:304)
	at java.base/java.util.concurrent.ThreadPoolExecutor.runWorker(ThreadPoolExecutor.java:1136)
	at java.base/java.util.concurrent.ThreadPoolExecutor$Worker.run(ThreadPoolExecutor.java:635)
	at java.base/java.lang.Thread.run(Thread.java:840)
Caused by: java.net.ConnectException: Connection timed out: connect
	at java.base/sun.nio.ch.Net.connect0(Native Method)
	at java.base/sun.nio.ch.Net.connect(Net.java:579)
	at java.base/sun.nio.ch.Net.connect(Net.java:568)
	at java.base/sun.nio.ch.NioSocketImpl.connect(NioSocketImpl.java:593)
	at java.base/java.net.Socket.connect(Socket.java:633)
	at java.base/java.net.Socket.connect(Socket.java:583)
	at java.base/sun.net.NetworkClient.doConnect(NetworkClient.java:183)
	at java.base/sun.net.www.http.HttpClient.openServer(HttpClient.java:533)
	at java.base/sun.net.www.http.HttpClient.openServer(HttpClient.java:638)
	at java.base/sun.net.www.http.HttpClient.<init>(HttpClient.java:281)
	at java.base/sun.net.www.http.HttpClient.New(HttpClient.java:386)
	at java.base/sun.net.www.http.HttpClient.New(HttpClient.java:408)
	at java.base/sun.net.www.protocol.http.HttpURLConnection.getNewHttpClient(HttpURLConnection.java:1308)
	at java.base/sun.net.www.protocol.http.HttpURLConnection.plainConnect0(HttpURLConnection.java:1241)
	at java.base/sun.net.www.protocol.http.HttpURLConnection.plainConnect(HttpURLConnection.java:1127)
	at java.base/sun.net.www.protocol.http.HttpURLConnection.connect(HttpURLConnection.java:1056)
	at org.springframework.http.client.SimpleClientHttpRequest.executeInternal(SimpleClientHttpRequest.java:79)
	at org.springframework.http.client.AbstractStreamingClientHttpRequest.executeInternal(AbstractStreamingClientHttpRequest.java:70)
	at org.springframework.http.client.AbstractClientHttpRequest.execute(AbstractClientHttpRequest.java:66)
	at org.springframework.web.client.RestTemplate.doExecute(RestTemplate.java:889)
	... 11 common frames omitted
15:27:18.943 ERROR c.m.s.i.api.ScaleService - Error I/O error on GET request for "http://10.10.26.192:5001/api/Autoservicio/IPs": Connection timed out: connect
org.springframework.web.client.ResourceAccessException: I/O error on GET request for "http://10.10.26.192:5001/api/Autoservicio/IPs": Connection timed out: connect
	at org.springframework.web.client.RestTemplate.createResourceAccessException(RestTemplate.java:915)
	at org.springframework.web.client.RestTemplate.doExecute(RestTemplate.java:895)
	at org.springframework.web.client.RestTemplate.execute(RestTemplate.java:790)
	at org.springframework.web.client.RestTemplate.exchange(RestTemplate.java:701)
	at com.marsol.sync.infraestructure.api.ScaleService.getScalesByMarca(ScaleService.java:109)
	at com.marsol.sync.application.ScalesNetworkController.fetchScalesFromLab(ScalesNetworkController.java:112)
	at org.springframework.scheduling.support.DelegatingErrorHandlingRunnable.run(DelegatingErrorHandlingRunnable.java:54)
	at java.base/java.util.concurrent.Executors$RunnableAdapter.call(Executors.java:539)
	at java.base/java.util.concurrent.FutureTask.run(FutureTask.java:264)
	at java.base/java.util.concurrent.ScheduledThreadPoolExecutor$ScheduledFutureTask.run(ScheduledThreadPoolExecutor.java:304)
	at java.base/java.util.concurrent.ThreadPoolExecutor.runWorker(ThreadPoolExecutor.java:1136)
	at java.base/java.util.concurrent.ThreadPoolExecutor$Worker.run(ThreadPoolExecutor.java:635)
	at java.base/java.lang.Thread.run(Thread.java:840)
Caused by: java.net.ConnectException: Connection timed out: connect
	at java.base/sun.nio.ch.Net.connect0(Native Method)
	at java.base/sun.nio.ch.Net.connect(Net.java:579)
	at java.base/sun.nio.ch.Net.connect(Net.java:568)
	at java.base/sun.nio.ch.NioSocketImpl.connect(NioSocketImpl.java:593)
	at java.base/java.net.Socket.connect(Socket.java:633)
	at java.base/java.net.Socket.connect(Socket.java:583)
	at java.base/sun.net.NetworkClient.doConnect(NetworkClient.java:183)
	at java.base/sun.net.www.http.HttpClient.openServer(HttpClient.java:533)
	at java.base/sun.net.www.http.HttpClient.openServer(HttpClient.java:638)
	at java.base/sun.net.www.http.HttpClient.<init>(HttpClient.java:281)
	at java.base/sun.net.www.http.HttpClient.New(HttpClient.java:386)
	at java.base/sun.net.www.http.HttpClient.New(HttpClient.java:408)
	at java.base/sun.net.www.protocol.http.HttpURLConnection.getNewHttpClient(HttpURLConnection.java:1308)
	at java.base/sun.net.www.protocol.http.HttpURLConnection.plainConnect0(HttpURLConnection.java:1241)
	at java.base/sun.net.www.protocol.http.HttpURLConnection.plainConnect(HttpURLConnection.java:1127)
	at java.base/sun.net.www.protocol.http.HttpURLConnection.connect(HttpURLConnection.java:1056)
	at org.springframework.http.client.SimpleClientHttpRequest.executeInternal(SimpleClientHttpRequest.java:79)
	at org.springframework.http.client.AbstractStreamingClientHttpRequest.executeInternal(AbstractStreamingClientHttpRequest.java:70)
	at org.springframework.http.client.AbstractClientHttpRequest.execute(AbstractClientHttpRequest.java:66)
	at org.springframework.web.client.RestTemplate.doExecute(RestTemplate.java:889)
	... 11 common frames omitted
15:27:18.943 ERROR c.m.s.i.api.ScaleService - Error I/O error on GET request for "http://10.10.26.192:5001/api/Autoservicio/IPs": Connection timed out: connect
org.springframework.web.client.ResourceAccessException: I/O error on GET request for "http://10.10.26.192:5001/api/Autoservicio/IPs": Connection timed out: connect
	at org.springframework.web.client.RestTemplate.createResourceAccessException(RestTemplate.java:915)
	at org.springframework.web.client.RestTemplate.doExecute(RestTemplate.java:895)
	at org.springframework.web.client.RestTemplate.execute(RestTemplate.java:790)
	at org.springframework.web.client.RestTemplate.exchange(RestTemplate.java:701)
	at com.marsol.sync.infraestructure.api.ScaleService.getScalesByMarca(ScaleService.java:109)
	at com.marsol.sync.application.ScalesNetworkController.fetchScalesFromLab(ScalesNetworkController.java:112)
	at org.springframework.scheduling.support.DelegatingErrorHandlingRunnable.run(DelegatingErrorHandlingRunnable.java:54)
	at java.base/java.util.concurrent.Executors$RunnableAdapter.call(Executors.java:539)
	at java.base/java.util.concurrent.FutureTask.run(FutureTask.java:264)
	at java.base/java.util.concurrent.ScheduledThreadPoolExecutor$ScheduledFutureTask.run(ScheduledThreadPoolExecutor.java:304)
	at java.base/java.util.concurrent.ThreadPoolExecutor.runWorker(ThreadPoolExecutor.java:1136)
	at java.base/java.util.concurrent.ThreadPoolExecutor$Worker.run(ThreadPoolExecutor.java:635)
	at java.base/java.lang.Thread.run(Thread.java:840)
Caused by: java.net.ConnectException: Connection timed out: connect
	at java.base/sun.nio.ch.Net.connect0(Native Method)
	at java.base/sun.nio.ch.Net.connect(Net.java:579)
	at java.base/sun.nio.ch.Net.connect(Net.java:568)
	at java.base/sun.nio.ch.NioSocketImpl.connect(NioSocketImpl.java:593)
	at java.base/java.net.Socket.connect(Socket.java:633)
	at java.base/java.net.Socket.connect(Socket.java:583)
	at java.base/sun.net.NetworkClient.doConnect(NetworkClient.java:183)
	at java.base/sun.net.www.http.HttpClient.openServer(HttpClient.java:533)
	at java.base/sun.net.www.http.HttpClient.openServer(HttpClient.java:638)
	at java.base/sun.net.www.http.HttpClient.<init>(HttpClient.java:281)
	at java.base/sun.net.www.http.HttpClient.New(HttpClient.java:386)
	at java.base/sun.net.www.http.HttpClient.New(HttpClient.java:408)
	at java.base/sun.net.www.protocol.http.HttpURLConnection.getNewHttpClient(HttpURLConnection.java:1308)
	at java.base/sun.net.www.protocol.http.HttpURLConnection.plainConnect0(HttpURLConnection.java:1241)
	at java.base/sun.net.www.protocol.http.HttpURLConnection.plainConnect(HttpURLConnection.java:1127)
	at java.base/sun.net.www.protocol.http.HttpURLConnection.connect(HttpURLConnection.java:1056)
	at org.springframework.http.client.SimpleClientHttpRequest.executeInternal(SimpleClientHttpRequest.java:79)
	at org.springframework.http.client.AbstractStreamingClientHttpRequest.executeInternal(AbstractStreamingClientHttpRequest.java:70)
	at org.springframework.http.client.AbstractClientHttpRequest.execute(AbstractClientHttpRequest.java:66)
	at org.springframework.web.client.RestTemplate.doExecute(RestTemplate.java:889)
	... 11 common frames omitted
15:27:18.945 ERROR c.m.s.a.ScalesNetworkController - No existe una lista de balanzas.
15:27:18.946 ERROR c.m.s.a.ScalesNetworkController - No existe una lista de balanzas.
15:27:18.946 ERROR c.m.s.a.ScalesNetworkController - No existe una lista de balanzas.
15:27:19.226 DEBUG o.apache.tomcat.util.net.NioEndpoint - timeout completed: keys processed=1; now=1752866839226; nextExpiration=1752866839225; keyCount=0; hasEvents=false; eval=false
15:27:20.234 DEBUG o.apache.tomcat.util.net.NioEndpoint - timeout completed: keys processed=1; now=1752866840234; nextExpiration=1752866840226; keyCount=0; hasEvents=false; eval=false
15:27:21.234 DEBUG o.apache.tomcat.util.net.NioEndpoint - timeout completed: keys processed=1; now=1752866841234; nextExpiration=1752866841234; keyCount=0; hasEvents=false; eval=false
15:27:22.239 DEBUG o.apache.tomcat.util.net.NioEndpoint - timeout completed: keys processed=1; now=1752866842239; nextExpiration=1752866842234; keyCount=0; hasEvents=false; eval=false
15:27:23.253 DEBUG o.apache.tomcat.util.net.NioEndpoint - timeout completed: keys processed=1; now=1752866843253; nextExpiration=1752866843239; keyCount=0; hasEvents=false; eval=false
15:27:24.264 DEBUG o.apache.tomcat.util.net.NioEndpoint - timeout completed: keys processed=1; now=1752866844264; nextExpiration=1752866844253; keyCount=0; hasEvents=false; eval=false
15:27:25.266 DEBUG o.apache.tomcat.util.net.NioEndpoint - timeout completed: keys processed=1; now=1752866845266; nextExpiration=1752866845264; keyCount=0; hasEvents=false; eval=false
15:27:26.280 DEBUG o.apache.tomcat.util.net.NioEndpoint - timeout completed: keys processed=1; now=1752866846280; nextExpiration=1752866846266; keyCount=0; hasEvents=false; eval=false
15:27:26.789 INFO  c.m.s.a.ScalesNetworkController - Actualizando lista de balanzas
15:27:26.789 TRACE i.m.o.SimpleObservation$SimpleScope - NoOp observation used with SimpleScope
15:27:27.281 DEBUG o.apache.tomcat.util.net.NioEndpoint - timeout completed: keys processed=1; now=1752866847281; nextExpiration=1752866847280; keyCount=0; hasEvents=false; eval=false
15:27:27.821 TRACE i.m.o.SimpleObservation$SimpleScope - NoOp observation used with SimpleScope
15:27:27.821 ERROR c.m.s.i.api.ScaleService - Error I/O error on GET request for "http://10.10.26.192:5001/api/Autoservicio/IPs": Connection timed out: connect
org.springframework.web.client.ResourceAccessException: I/O error on GET request for "http://10.10.26.192:5001/api/Autoservicio/IPs": Connection timed out: connect
	at org.springframework.web.client.RestTemplate.createResourceAccessException(RestTemplate.java:915)
	at org.springframework.web.client.RestTemplate.doExecute(RestTemplate.java:895)
	at org.springframework.web.client.RestTemplate.execute(RestTemplate.java:790)
	at org.springframework.web.client.RestTemplate.exchange(RestTemplate.java:701)
	at com.marsol.sync.infraestructure.api.ScaleService.getScalesByMarca(ScaleService.java:109)
	at com.marsol.sync.application.ScalesNetworkController.fetchScalesFromLab(ScalesNetworkController.java:112)
	at org.springframework.scheduling.support.DelegatingErrorHandlingRunnable.run(DelegatingErrorHandlingRunnable.java:54)
	at java.base/java.util.concurrent.Executors$RunnableAdapter.call(Executors.java:539)
	at java.base/java.util.concurrent.FutureTask.run(FutureTask.java:264)
	at java.base/java.util.concurrent.ScheduledThreadPoolExecutor$ScheduledFutureTask.run(ScheduledThreadPoolExecutor.java:304)
	at java.base/java.util.concurrent.ThreadPoolExecutor.runWorker(ThreadPoolExecutor.java:1136)
	at java.base/java.util.concurrent.ThreadPoolExecutor$Worker.run(ThreadPoolExecutor.java:635)
	at java.base/java.lang.Thread.run(Thread.java:840)
Caused by: java.net.ConnectException: Connection timed out: connect
	at java.base/sun.nio.ch.Net.connect0(Native Method)
	at java.base/sun.nio.ch.Net.connect(Net.java:579)
	at java.base/sun.nio.ch.Net.connect(Net.java:568)
	at java.base/sun.nio.ch.NioSocketImpl.connect(NioSocketImpl.java:593)
	at java.base/java.net.Socket.connect(Socket.java:633)
	at java.base/java.net.Socket.connect(Socket.java:583)
	at java.base/sun.net.NetworkClient.doConnect(NetworkClient.java:183)
	at java.base/sun.net.www.http.HttpClient.openServer(HttpClient.java:533)
	at java.base/sun.net.www.http.HttpClient.openServer(HttpClient.java:638)
	at java.base/sun.net.www.http.HttpClient.<init>(HttpClient.java:281)
	at java.base/sun.net.www.http.HttpClient.New(HttpClient.java:386)
	at java.base/sun.net.www.http.HttpClient.New(HttpClient.java:408)
	at java.base/sun.net.www.protocol.http.HttpURLConnection.getNewHttpClient(HttpURLConnection.java:1308)
	at java.base/sun.net.www.protocol.http.HttpURLConnection.plainConnect0(HttpURLConnection.java:1241)
	at java.base/sun.net.www.protocol.http.HttpURLConnection.plainConnect(HttpURLConnection.java:1127)
	at java.base/sun.net.www.protocol.http.HttpURLConnection.connect(HttpURLConnection.java:1056)
	at org.springframework.http.client.SimpleClientHttpRequest.executeInternal(SimpleClientHttpRequest.java:79)
	at org.springframework.http.client.AbstractStreamingClientHttpRequest.executeInternal(AbstractStreamingClientHttpRequest.java:70)
	at org.springframework.http.client.AbstractClientHttpRequest.execute(AbstractClientHttpRequest.java:66)
	at org.springframework.web.client.RestTemplate.doExecute(RestTemplate.java:889)
	... 11 common frames omitted
15:27:27.822 ERROR c.m.s.a.ScalesNetworkController - No existe una lista de balanzas.
15:27:28.296 DEBUG o.apache.tomcat.util.net.NioEndpoint - timeout completed: keys processed=1; now=1752866848296; nextExpiration=1752866848281; keyCount=0; hasEvents=false; eval=false
15:27:29.298 DEBUG o.apache.tomcat.util.net.NioEndpoint - timeout completed: keys processed=1; now=1752866849298; nextExpiration=1752866849296; keyCount=0; hasEvents=false; eval=false
15:27:30.309 DEBUG o.apache.tomcat.util.net.NioEndpoint - timeout completed: keys processed=1; now=1752866850309; nextExpiration=1752866850298; keyCount=0; hasEvents=false; eval=false
15:27:31.323 DEBUG o.apache.tomcat.util.net.NioEndpoint - timeout completed: keys processed=1; now=1752866851323; nextExpiration=1752866851309; keyCount=0; hasEvents=false; eval=false
15:27:32.339 DEBUG o.apache.tomcat.util.net.NioEndpoint - timeout completed: keys processed=1; now=1752866852339; nextExpiration=1752866852323; keyCount=0; hasEvents=false; eval=false
15:27:33.352 DEBUG o.apache.tomcat.util.net.NioEndpoint - timeout completed: keys processed=1; now=1752866853352; nextExpiration=1752866853339; keyCount=0; hasEvents=false; eval=false
15:27:34.364 DEBUG o.apache.tomcat.util.net.NioEndpoint - timeout completed: keys processed=1; now=1752866854364; nextExpiration=1752866854352; keyCount=0; hasEvents=false; eval=false
15:27:35.379 DEBUG o.apache.tomcat.util.net.NioEndpoint - timeout completed: keys processed=1; now=1752866855379; nextExpiration=1752866855364; keyCount=0; hasEvents=false; eval=false
15:27:36.003 DEBUG o.a.catalina.session.ManagerBase - Start expire sessions StandardManager at 1752866856000 sessioncount 0
15:27:36.004 DEBUG o.a.catalina.session.ManagerBase - End expire sessions StandardManager processingTime 3 expired sessions: 0
15:27:36.393 DEBUG o.apache.tomcat.util.net.NioEndpoint - timeout completed: keys processed=1; now=1752866856393; nextExpiration=1752866856379; keyCount=0; hasEvents=false; eval=false
15:27:36.792 INFO  c.m.s.a.ScalesNetworkController - Evaluando si existen balanzas por actualizar.
15:27:36.792 TRACE i.m.o.SimpleObservation$SimpleScope - NoOp observation used with SimpleScope
15:27:36.793 INFO  c.m.s.a.ScalesNetworkController - Actualizando Set de Balanzas Actualizacion Forzada.
15:27:37.406 DEBUG o.apache.tomcat.util.net.NioEndpoint - timeout completed: keys processed=1; now=1752866857406; nextExpiration=1752866857393; keyCount=0; hasEvents=false; eval=false
15:27:37.850 TRACE i.m.o.SimpleObservation$SimpleScope - NoOp observation used with SimpleScope
15:27:37.850 ERROR c.m.s.i.api.ScaleService - Error I/O error on GET request for "http://10.10.26.192:5001/api/Autoservicio/IPs": Connection timed out: connect
org.springframework.web.client.ResourceAccessException: I/O error on GET request for "http://10.10.26.192:5001/api/Autoservicio/IPs": Connection timed out: connect
	at org.springframework.web.client.RestTemplate.createResourceAccessException(RestTemplate.java:915)
	at org.springframework.web.client.RestTemplate.doExecute(RestTemplate.java:895)
	at org.springframework.web.client.RestTemplate.execute(RestTemplate.java:790)
	at org.springframework.web.client.RestTemplate.exchange(RestTemplate.java:701)
	at com.marsol.sync.infraestructure.api.ScaleService.getScalesByMarca(ScaleService.java:109)
	at com.marsol.sync.application.ScalesNetworkController.fetchScalesFromLab(ScalesNetworkController.java:112)
	at org.springframework.scheduling.support.DelegatingErrorHandlingRunnable.run(DelegatingErrorHandlingRunnable.java:54)
	at java.base/java.util.concurrent.Executors$RunnableAdapter.call(Executors.java:539)
	at java.base/java.util.concurrent.FutureTask.run(FutureTask.java:264)
	at java.base/java.util.concurrent.ScheduledThreadPoolExecutor$ScheduledFutureTask.run(ScheduledThreadPoolExecutor.java:304)
	at java.base/java.util.concurrent.ThreadPoolExecutor.runWorker(ThreadPoolExecutor.java:1136)
	at java.base/java.util.concurrent.ThreadPoolExecutor$Worker.run(ThreadPoolExecutor.java:635)
	at java.base/java.lang.Thread.run(Thread.java:840)
Caused by: java.net.ConnectException: Connection timed out: connect
	at java.base/sun.nio.ch.Net.connect0(Native Method)
	at java.base/sun.nio.ch.Net.connect(Net.java:579)
	at java.base/sun.nio.ch.Net.connect(Net.java:568)
	at java.base/sun.nio.ch.NioSocketImpl.connect(NioSocketImpl.java:593)
	at java.base/java.net.Socket.connect(Socket.java:633)
	at java.base/java.net.Socket.connect(Socket.java:583)
	at java.base/sun.net.NetworkClient.doConnect(NetworkClient.java:183)
	at java.base/sun.net.www.http.HttpClient.openServer(HttpClient.java:533)
	at java.base/sun.net.www.http.HttpClient.openServer(HttpClient.java:638)
	at java.base/sun.net.www.http.HttpClient.<init>(HttpClient.java:281)
	at java.base/sun.net.www.http.HttpClient.New(HttpClient.java:386)
	at java.base/sun.net.www.http.HttpClient.New(HttpClient.java:408)
	at java.base/sun.net.www.protocol.http.HttpURLConnection.getNewHttpClient(HttpURLConnection.java:1308)
	at java.base/sun.net.www.protocol.http.HttpURLConnection.plainConnect0(HttpURLConnection.java:1241)
	at java.base/sun.net.www.protocol.http.HttpURLConnection.plainConnect(HttpURLConnection.java:1127)
	at java.base/sun.net.www.protocol.http.HttpURLConnection.connect(HttpURLConnection.java:1056)
	at org.springframework.http.client.SimpleClientHttpRequest.executeInternal(SimpleClientHttpRequest.java:79)
	at org.springframework.http.client.AbstractStreamingClientHttpRequest.executeInternal(AbstractStreamingClientHttpRequest.java:70)
	at org.springframework.http.client.AbstractClientHttpRequest.execute(AbstractClientHttpRequest.java:66)
	at org.springframework.web.client.RestTemplate.doExecute(RestTemplate.java:889)
	... 11 common frames omitted
15:27:37.851 ERROR c.m.s.a.ScalesNetworkController - No existe una lista de balanzas.
15:27:38.407 DEBUG o.apache.tomcat.util.net.NioEndpoint - timeout completed: keys processed=1; now=1752866858407; nextExpiration=1752866858406; keyCount=0; hasEvents=false; eval=false
15:27:39.407 DEBUG o.apache.tomcat.util.net.NioEndpoint - timeout completed: keys processed=1; now=1752866859407; nextExpiration=1752866859407; keyCount=0; hasEvents=false; eval=false
15:27:40.419 DEBUG o.apache.tomcat.util.net.NioEndpoint - timeout completed: keys processed=1; now=1752866860419; nextExpiration=1752866860407; keyCount=0; hasEvents=false; eval=false
15:27:41.421 DEBUG o.apache.tomcat.util.net.NioEndpoint - timeout completed: keys processed=1; now=1752866861421; nextExpiration=1752866861419; keyCount=0; hasEvents=false; eval=false
15:27:42.431 DEBUG o.apache.tomcat.util.net.NioEndpoint - timeout completed: keys processed=1; now=1752866862431; nextExpiration=1752866862421; keyCount=0; hasEvents=false; eval=false
15:27:43.439 DEBUG o.apache.tomcat.util.net.NioEndpoint - timeout completed: keys processed=1; now=1752866863439; nextExpiration=1752866863431; keyCount=0; hasEvents=false; eval=false
15:27:44.454 DEBUG o.apache.tomcat.util.net.NioEndpoint - timeout completed: keys processed=1; now=1752866864454; nextExpiration=1752866864439; keyCount=0; hasEvents=false; eval=false
15:27:45.455 DEBUG o.apache.tomcat.util.net.NioEndpoint - timeout completed: keys processed=1; now=1752866865455; nextExpiration=1752866865454; keyCount=0; hasEvents=false; eval=false
15:27:46.466 DEBUG o.apache.tomcat.util.net.NioEndpoint - timeout completed: keys processed=1; now=1752866866466; nextExpiration=1752866866455; keyCount=0; hasEvents=false; eval=false
15:27:47.471 DEBUG o.apache.tomcat.util.net.NioEndpoint - timeout completed: keys processed=1; now=1752866867471; nextExpiration=1752866867466; keyCount=0; hasEvents=false; eval=false
15:27:47.835 TRACE i.m.o.SimpleObservation$SimpleScope - NoOp observation used with SimpleScope
15:27:47.835 ERROR c.m.s.i.api.ScaleService - Error I/O error on GET request for "http://10.10.26.192:5001/api/Autoservicio/IPs": Connection timed out: connect
org.springframework.web.client.ResourceAccessException: I/O error on GET request for "http://10.10.26.192:5001/api/Autoservicio/IPs": Connection timed out: connect
	at org.springframework.web.client.RestTemplate.createResourceAccessException(RestTemplate.java:915)
	at org.springframework.web.client.RestTemplate.doExecute(RestTemplate.java:895)
	at org.springframework.web.client.RestTemplate.execute(RestTemplate.java:790)
	at org.springframework.web.client.RestTemplate.exchange(RestTemplate.java:701)
	at com.marsol.sync.infraestructure.api.ScaleService.getScalesByMarca(ScaleService.java:109)
	at com.marsol.sync.application.ScalesNetworkController.fetchScalesFromLab(ScalesNetworkController.java:112)
	at org.springframework.scheduling.support.DelegatingErrorHandlingRunnable.run(DelegatingErrorHandlingRunnable.java:54)
	at java.base/java.util.concurrent.Executors$RunnableAdapter.call(Executors.java:539)
	at java.base/java.util.concurrent.FutureTask.run(FutureTask.java:264)
	at java.base/java.util.concurrent.ScheduledThreadPoolExecutor$ScheduledFutureTask.run(ScheduledThreadPoolExecutor.java:304)
	at java.base/java.util.concurrent.ThreadPoolExecutor.runWorker(ThreadPoolExecutor.java:1136)
	at java.base/java.util.concurrent.ThreadPoolExecutor$Worker.run(ThreadPoolExecutor.java:635)
	at java.base/java.lang.Thread.run(Thread.java:840)
Caused by: java.net.ConnectException: Connection timed out: connect
	at java.base/sun.nio.ch.Net.connect0(Native Method)
	at java.base/sun.nio.ch.Net.connect(Net.java:579)
	at java.base/sun.nio.ch.Net.connect(Net.java:568)
	at java.base/sun.nio.ch.NioSocketImpl.connect(NioSocketImpl.java:593)
	at java.base/java.net.Socket.connect(Socket.java:633)
	at java.base/java.net.Socket.connect(Socket.java:583)
	at java.base/sun.net.NetworkClient.doConnect(NetworkClient.java:183)
	at java.base/sun.net.www.http.HttpClient.openServer(HttpClient.java:533)
	at java.base/sun.net.www.http.HttpClient.openServer(HttpClient.java:638)
	at java.base/sun.net.www.http.HttpClient.<init>(HttpClient.java:281)
	at java.base/sun.net.www.http.HttpClient.New(HttpClient.java:386)
	at java.base/sun.net.www.http.HttpClient.New(HttpClient.java:408)
	at java.base/sun.net.www.protocol.http.HttpURLConnection.getNewHttpClient(HttpURLConnection.java:1308)
	at java.base/sun.net.www.protocol.http.HttpURLConnection.plainConnect0(HttpURLConnection.java:1241)
	at java.base/sun.net.www.protocol.http.HttpURLConnection.plainConnect(HttpURLConnection.java:1127)
	at java.base/sun.net.www.protocol.http.HttpURLConnection.connect(HttpURLConnection.java:1056)
	at org.springframework.http.client.SimpleClientHttpRequest.executeInternal(SimpleClientHttpRequest.java:79)
	at org.springframework.http.client.AbstractStreamingClientHttpRequest.executeInternal(AbstractStreamingClientHttpRequest.java:70)
	at org.springframework.http.client.AbstractClientHttpRequest.execute(AbstractClientHttpRequest.java:66)
	at org.springframework.web.client.RestTemplate.doExecute(RestTemplate.java:889)
	... 11 common frames omitted
15:27:47.835 ERROR c.m.s.a.ScalesNetworkController - No existe una lista de balanzas.
15:27:48.484 DEBUG o.apache.tomcat.util.net.NioEndpoint - timeout completed: keys processed=1; now=1752866868484; nextExpiration=1752866868471; keyCount=0; hasEvents=false; eval=false
15:27:49.500 DEBUG o.apache.tomcat.util.net.NioEndpoint - timeout completed: keys processed=1; now=1752866869500; nextExpiration=1752866869484; keyCount=0; hasEvents=false; eval=false
15:27:50.503 DEBUG o.apache.tomcat.util.net.NioEndpoint - timeout completed: keys processed=1; now=1752866870503; nextExpiration=1752866870500; keyCount=0; hasEvents=false; eval=false
15:27:51.514 DEBUG o.apache.tomcat.util.net.NioEndpoint - timeout completed: keys processed=1; now=1752866871514; nextExpiration=1752866871503; keyCount=0; hasEvents=false; eval=false
15:27:52.515 DEBUG o.apache.tomcat.util.net.NioEndpoint - timeout completed: keys processed=1; now=1752866872515; nextExpiration=1752866872514; keyCount=0; hasEvents=false; eval=false
15:27:53.516 DEBUG o.apache.tomcat.util.net.NioEndpoint - timeout completed: keys processed=1; now=1752866873516; nextExpiration=1752866873515; keyCount=0; hasEvents=false; eval=false
15:27:54.518 DEBUG o.apache.tomcat.util.net.NioEndpoint - timeout completed: keys processed=1; now=1752866874518; nextExpiration=1752866874516; keyCount=0; hasEvents=false; eval=false
15:27:55.523 DEBUG o.apache.tomcat.util.net.NioEndpoint - timeout completed: keys processed=1; now=1752866875523; nextExpiration=1752866875518; keyCount=0; hasEvents=false; eval=false
15:27:56.539 DEBUG o.apache.tomcat.util.net.NioEndpoint - timeout completed: keys processed=1; now=1752866876539; nextExpiration=1752866876523; keyCount=0; hasEvents=false; eval=false
15:27:57.552 DEBUG o.apache.tomcat.util.net.NioEndpoint - timeout completed: keys processed=1; now=1752866877552; nextExpiration=1752866877539; keyCount=0; hasEvents=false; eval=false
15:27:57.835 TRACE i.m.o.SimpleObservation$SimpleScope - NoOp observation used with SimpleScope
15:27:57.835 ERROR c.m.s.i.api.ScaleService - Error I/O error on GET request for "http://10.10.26.192:5001/api/Autoservicio/IPs": Connection timed out: connect
org.springframework.web.client.ResourceAccessException: I/O error on GET request for "http://10.10.26.192:5001/api/Autoservicio/IPs": Connection timed out: connect
	at org.springframework.web.client.RestTemplate.createResourceAccessException(RestTemplate.java:915)
	at org.springframework.web.client.RestTemplate.doExecute(RestTemplate.java:895)
	at org.springframework.web.client.RestTemplate.execute(RestTemplate.java:790)
	at org.springframework.web.client.RestTemplate.exchange(RestTemplate.java:701)
	at com.marsol.sync.infraestructure.api.ScaleService.getScalesByMarca(ScaleService.java:109)
	at com.marsol.sync.application.ScalesNetworkController.fetchScalesUpdateFromLab(ScalesNetworkController.java:132)
	at com.marsol.sync.application.ScalesNetworkController.scheduleTaskForced(ScalesNetworkController.java:60)
	at java.base/jdk.internal.reflect.NativeMethodAccessorImpl.invoke0(Native Method)
	at java.base/jdk.internal.reflect.NativeMethodAccessorImpl.invoke(NativeMethodAccessorImpl.java:77)
	at java.base/jdk.internal.reflect.DelegatingMethodAccessorImpl.invoke(DelegatingMethodAccessorImpl.java:43)
	at java.base/java.lang.reflect.Method.invoke(Method.java:569)
	at org.springframework.scheduling.support.ScheduledMethodRunnable.runInternal(ScheduledMethodRunnable.java:130)
	at org.springframework.scheduling.support.ScheduledMethodRunnable.lambda$run$2(ScheduledMethodRunnable.java:124)
	at io.micrometer.observation.Observation.observe(Observation.java:499)
	at org.springframework.scheduling.support.ScheduledMethodRunnable.run(ScheduledMethodRunnable.java:124)
	at org.springframework.scheduling.support.DelegatingErrorHandlingRunnable.run(DelegatingErrorHandlingRunnable.java:54)
	at java.base/java.util.concurrent.Executors$RunnableAdapter.call(Executors.java:539)
	at java.base/java.util.concurrent.FutureTask.runAndReset(FutureTask.java:305)
	at java.base/java.util.concurrent.ScheduledThreadPoolExecutor$ScheduledFutureTask.run(ScheduledThreadPoolExecutor.java:305)
	at java.base/java.util.concurrent.ThreadPoolExecutor.runWorker(ThreadPoolExecutor.java:1136)
	at java.base/java.util.concurrent.ThreadPoolExecutor$Worker.run(ThreadPoolExecutor.java:635)
	at java.base/java.lang.Thread.run(Thread.java:840)
Caused by: java.net.ConnectException: Connection timed out: connect
	at java.base/sun.nio.ch.Net.connect0(Native Method)
	at java.base/sun.nio.ch.Net.connect(Net.java:579)
	at java.base/sun.nio.ch.Net.connect(Net.java:568)
	at java.base/sun.nio.ch.NioSocketImpl.connect(NioSocketImpl.java:593)
	at java.base/java.net.Socket.connect(Socket.java:633)
	at java.base/java.net.Socket.connect(Socket.java:583)
	at java.base/sun.net.NetworkClient.doConnect(NetworkClient.java:183)
	at java.base/sun.net.www.http.HttpClient.openServer(HttpClient.java:533)
	at java.base/sun.net.www.http.HttpClient.openServer(HttpClient.java:638)
	at java.base/sun.net.www.http.HttpClient.<init>(HttpClient.java:281)
	at java.base/sun.net.www.http.HttpClient.New(HttpClient.java:386)
	at java.base/sun.net.www.http.HttpClient.New(HttpClient.java:408)
	at java.base/sun.net.www.protocol.http.HttpURLConnection.getNewHttpClient(HttpURLConnection.java:1308)
	at java.base/sun.net.www.protocol.http.HttpURLConnection.plainConnect0(HttpURLConnection.java:1241)
	at java.base/sun.net.www.protocol.http.HttpURLConnection.plainConnect(HttpURLConnection.java:1127)
	at java.base/sun.net.www.protocol.http.HttpURLConnection.connect(HttpURLConnection.java:1056)
	at org.springframework.http.client.SimpleClientHttpRequest.executeInternal(SimpleClientHttpRequest.java:79)
	at org.springframework.http.client.AbstractStreamingClientHttpRequest.executeInternal(AbstractStreamingClientHttpRequest.java:70)
	at org.springframework.http.client.AbstractClientHttpRequest.execute(AbstractClientHttpRequest.java:66)
	at org.springframework.web.client.RestTemplate.doExecute(RestTemplate.java:889)
	... 20 common frames omitted
15:27:57.835 ERROR c.m.s.a.ScalesNetworkController - No existe una lista de balanzas.
15:27:57.835 TRACE i.m.o.SimpleObservation$SimpleScope - NoOp observation used with SimpleScope
15:27:57.835 INFO  c.m.s.a.ScalesNetworkController - Actualizando lista de balanzas
15:27:57.835 TRACE i.m.o.SimpleObservation$SimpleScope - NoOp observation used with SimpleScope
15:27:57.835 INFO  c.m.s.a.ScalesNetworkController - Evaluando si existe balanzas que requieran una cargaLayout o cargaMaestra.
15:27:57.836 TRACE i.m.o.SimpleObservation$SimpleScope - NoOp observation used with SimpleScope
15:27:57.836 INFO  c.m.s.a.ScalesNetworkController - Actualizando lista de balanzas
15:27:57.836 TRACE i.m.o.SimpleObservation$SimpleScope - NoOp observation used with SimpleScope
15:27:57.836 INFO  c.m.s.a.ScalesNetworkController - Evaluando si existen balanzas por actualizar.
15:27:57.836 TRACE i.m.o.SimpleObservation$SimpleScope - NoOp observation used with SimpleScope
15:27:57.836 INFO  c.m.s.a.ScalesNetworkController - Actualizando lista de balanzas
15:27:57.836 TRACE i.m.o.SimpleObservation$SimpleScope - NoOp observation used with SimpleScope
15:27:58.561 DEBUG o.apache.tomcat.util.net.NioEndpoint - timeout completed: keys processed=1; now=1752866878561; nextExpiration=1752866878552; keyCount=0; hasEvents=false; eval=false
15:27:59.568 DEBUG o.apache.tomcat.util.net.NioEndpoint - timeout completed: keys processed=1; now=1752866879568; nextExpiration=1752866879561; keyCount=0; hasEvents=false; eval=false
15:28:00.577 DEBUG o.apache.tomcat.util.net.NioEndpoint - timeout completed: keys processed=1; now=1752866880577; nextExpiration=1752866880568; keyCount=0; hasEvents=false; eval=false
15:28:01.589 DEBUG o.apache.tomcat.util.net.NioEndpoint - timeout completed: keys processed=1; now=1752866881589; nextExpiration=1752866881577; keyCount=0; hasEvents=false; eval=false
15:28:02.601 DEBUG o.apache.tomcat.util.net.NioEndpoint - timeout completed: keys processed=1; now=1752866882601; nextExpiration=1752866882589; keyCount=0; hasEvents=false; eval=false
15:28:03.558 DEBUG o.a.coyote.http11.Http11NioProtocol - Processing socket [org.apache.tomcat.util.net.NioChannel@1bd6b4ea:java.nio.channels.SocketChannel[connected local=/[0:0:0:0:0:0:0:1]:8001 remote=/[0:0:0:0:0:0:0:1]:56182]] with status [OPEN_READ]
15:28:03.558 DEBUG o.a.coyote.http11.Http11NioProtocol - Found processor [null] for socket [org.apache.tomcat.util.net.NioChannel@1bd6b4ea:java.nio.channels.SocketChannel[connected local=/[0:0:0:0:0:0:0:1]:8001 remote=/[0:0:0:0:0:0:0:1]:56182]]
15:28:03.558 DEBUG o.a.coyote.http11.Http11NioProtocol - Popped processor [org.apache.coyote.http11.Http11Processor@352d0cf6] from cache
15:28:03.559 DEBUG o.a.coyote.http11.Http11InputBuffer - Before fill(): parsingHeader: [true], parsingRequestLine: [true], parsingRequestLinePhase: [0], parsingRequestLineStart: [0], byteBuffer.position(): [0], byteBuffer.limit(): [0], end: [674]
15:28:03.559 DEBUG o.a.t.util.net.SocketWrapperBase - Socket: [org.apache.tomcat.util.net.NioEndpoint$NioSocketWrapper@746d59c6:org.apache.tomcat.util.net.NioChannel@1bd6b4ea:java.nio.channels.SocketChannel[connected local=/[0:0:0:0:0:0:0:1]:8001 remote=/[0:0:0:0:0:0:0:1]:56182]], Read from buffer: [0]
15:28:03.559 DEBUG o.apache.tomcat.util.net.NioEndpoint - Socket: [org.apache.tomcat.util.net.NioEndpoint$NioSocketWrapper@746d59c6:org.apache.tomcat.util.net.NioChannel@1bd6b4ea:java.nio.channels.SocketChannel[connected local=/[0:0:0:0:0:0:0:1]:8001 remote=/[0:0:0:0:0:0:0:1]:56182]], Read direct from socket: [675]
15:28:03.559 DEBUG o.a.coyote.http11.Http11InputBuffer - Received [GET /?marca= HTTP/1.1
Host: localhost:8001
Connection: keep-alive
sec-ch-ua: "Not)A;Brand";v="8", "Chromium";v="138", "Brave";v="138"
sec-ch-ua-mobile: ?0
sec-ch-ua-platform: "Windows"
Upgrade-Insecure-Requests: 1
User-Agent: Mozilla/5.0 (Windows NT 10.0; Win64; x64) AppleWebKit/537.36 (KHTML, like Gecko) Chrome/138.0.0.0 Safari/537.36
Accept: text/html,application/xhtml+xml,application/xml;q=0.9,image/avif,image/webp,image/apng,*/*;q=0.8
Sec-GPC: 1
Accept-Language: es-ES,es;q=0.5
Sec-Fetch-Site: same-origin
Sec-Fetch-Mode: navigate
Sec-Fetch-User: ?1
Sec-Fetch-Dest: document
Referer: http://localhost:8001/
Accept-Encoding: gzip, deflate, br, zstd

]
15:28:03.560 DEBUG o.a.c.a.AuthenticatorBase - Security checking request GET /
15:28:03.560 DEBUG org.apache.catalina.realm.RealmBase -   No applicable constraints defined
15:28:03.560 DEBUG o.a.c.a.AuthenticatorBase - Not subject to any constraint
15:28:03.561 DEBUG o.a.catalina.core.StandardWrapper -   Returning instance
15:28:03.562 DEBUG o.apache.tomcat.util.http.Parameters - Set encoding to UTF-8
15:28:03.563 DEBUG o.apache.tomcat.util.http.Parameters - Decoding query null UTF-8
15:28:03.563 DEBUG o.apache.tomcat.util.http.Parameters - Start processing with input [marca=]
15:28:04.565 DEBUG o.apache.tomcat.util.net.NioEndpoint - timeout completed: keys processed=1; now=1752866884565; nextExpiration=1752866883601; keyCount=0; hasEvents=false; eval=false
15:28:05.576 DEBUG o.apache.tomcat.util.net.NioEndpoint - timeout completed: keys processed=1; now=1752866885576; nextExpiration=1752866885565; keyCount=0; hasEvents=false; eval=false
15:28:06.585 DEBUG o.apache.tomcat.util.net.NioEndpoint - timeout completed: keys processed=1; now=1752866886585; nextExpiration=1752866886576; keyCount=0; hasEvents=false; eval=false
15:28:06.793 INFO  c.m.s.a.ScalesNetworkController - Actualizando lista de balanzas
15:28:06.794 TRACE i.m.o.SimpleObservation$SimpleScope - NoOp observation used with SimpleScope
15:28:07.593 DEBUG o.apache.tomcat.util.net.NioEndpoint - timeout completed: keys processed=1; now=1752866887593; nextExpiration=1752866887585; keyCount=0; hasEvents=false; eval=false
15:28:08.594 DEBUG o.apache.tomcat.util.net.NioEndpoint - timeout completed: keys processed=1; now=1752866888594; nextExpiration=1752866888593; keyCount=0; hasEvents=false; eval=false
15:28:09.595 DEBUG o.apache.tomcat.util.net.NioEndpoint - timeout completed: keys processed=1; now=1752866889595; nextExpiration=1752866889594; keyCount=0; hasEvents=false; eval=false
15:28:10.610 DEBUG o.apache.tomcat.util.net.NioEndpoint - timeout completed: keys processed=1; now=1752866890610; nextExpiration=1752866890595; keyCount=0; hasEvents=false; eval=false
15:28:11.625 DEBUG o.apache.tomcat.util.net.NioEndpoint - timeout completed: keys processed=1; now=1752866891625; nextExpiration=1752866891610; keyCount=0; hasEvents=false; eval=false
15:28:12.626 DEBUG o.apache.tomcat.util.net.NioEndpoint - timeout completed: keys processed=1; now=1752866892625; nextExpiration=1752866892625; keyCount=0; hasEvents=false; eval=false
15:28:13.640 DEBUG o.apache.tomcat.util.net.NioEndpoint - timeout completed: keys processed=1; now=1752866893640; nextExpiration=1752866893625; keyCount=0; hasEvents=false; eval=false
15:28:14.650 DEBUG o.apache.tomcat.util.net.NioEndpoint - timeout completed: keys processed=1; now=1752866894650; nextExpiration=1752866894640; keyCount=0; hasEvents=false; eval=false
15:28:15.651 DEBUG o.apache.tomcat.util.net.NioEndpoint - timeout completed: keys processed=1; now=1752866895651; nextExpiration=1752866895650; keyCount=0; hasEvents=false; eval=false
15:28:16.658 DEBUG o.apache.tomcat.util.net.NioEndpoint - timeout completed: keys processed=1; now=1752866896658; nextExpiration=1752866896651; keyCount=0; hasEvents=false; eval=false
15:28:16.790 INFO  c.m.s.a.ScalesNetworkController - Evaluando si existen balanzas por actualizar.
15:28:16.790 TRACE i.m.o.SimpleObservation$SimpleScope - NoOp observation used with SimpleScope
15:28:16.790 INFO  c.m.s.a.ScalesNetworkController - Actualizando lista de balanzas
15:28:16.790 TRACE i.m.o.SimpleObservation$SimpleScope - NoOp observation used with SimpleScope
15:28:17.672 DEBUG o.apache.tomcat.util.net.NioEndpoint - timeout completed: keys processed=1; now=1752866897672; nextExpiration=1752866897658; keyCount=0; hasEvents=false; eval=false
15:28:18.673 DEBUG o.apache.tomcat.util.net.NioEndpoint - timeout completed: keys processed=1; now=1752866898673; nextExpiration=1752866898672; keyCount=0; hasEvents=false; eval=false
15:28:18.888 TRACE i.m.o.SimpleObservation$SimpleScope - NoOp observation used with SimpleScope
15:28:18.888 TRACE i.m.o.SimpleObservation$SimpleScope - NoOp observation used with SimpleScope
15:28:18.888 TRACE i.m.o.SimpleObservation$SimpleScope - NoOp observation used with SimpleScope
15:28:18.888 ERROR c.m.s.i.api.ScaleService - Error I/O error on GET request for "http://10.10.26.192:5001/api/Autoservicio/IPs": Connection timed out: connect
org.springframework.web.client.ResourceAccessException: I/O error on GET request for "http://10.10.26.192:5001/api/Autoservicio/IPs": Connection timed out: connect
	at org.springframework.web.client.RestTemplate.createResourceAccessException(RestTemplate.java:915)
	at org.springframework.web.client.RestTemplate.doExecute(RestTemplate.java:895)
	at org.springframework.web.client.RestTemplate.execute(RestTemplate.java:790)
	at org.springframework.web.client.RestTemplate.exchange(RestTemplate.java:701)
	at com.marsol.sync.infraestructure.api.ScaleService.getScalesByMarca(ScaleService.java:109)
	at com.marsol.sync.application.ScalesNetworkController.fetchScalesFromLab(ScalesNetworkController.java:112)
	at org.springframework.scheduling.support.DelegatingErrorHandlingRunnable.run(DelegatingErrorHandlingRunnable.java:54)
	at java.base/java.util.concurrent.Executors$RunnableAdapter.call(Executors.java:539)
	at java.base/java.util.concurrent.FutureTask.run(FutureTask.java:264)
	at java.base/java.util.concurrent.ScheduledThreadPoolExecutor$ScheduledFutureTask.run(ScheduledThreadPoolExecutor.java:304)
	at java.base/java.util.concurrent.ThreadPoolExecutor.runWorker(ThreadPoolExecutor.java:1136)
	at java.base/java.util.concurrent.ThreadPoolExecutor$Worker.run(ThreadPoolExecutor.java:635)
	at java.base/java.lang.Thread.run(Thread.java:840)
Caused by: java.net.ConnectException: Connection timed out: connect
	at java.base/sun.nio.ch.Net.connect0(Native Method)
	at java.base/sun.nio.ch.Net.connect(Net.java:579)
	at java.base/sun.nio.ch.Net.connect(Net.java:568)
	at java.base/sun.nio.ch.NioSocketImpl.connect(NioSocketImpl.java:593)
	at java.base/java.net.Socket.connect(Socket.java:633)
	at java.base/java.net.Socket.connect(Socket.java:583)
	at java.base/sun.net.NetworkClient.doConnect(NetworkClient.java:183)
	at java.base/sun.net.www.http.HttpClient.openServer(HttpClient.java:533)
	at java.base/sun.net.www.http.HttpClient.openServer(HttpClient.java:638)
	at java.base/sun.net.www.http.HttpClient.<init>(HttpClient.java:281)
	at java.base/sun.net.www.http.HttpClient.New(HttpClient.java:386)
	at java.base/sun.net.www.http.HttpClient.New(HttpClient.java:408)
	at java.base/sun.net.www.protocol.http.HttpURLConnection.getNewHttpClient(HttpURLConnection.java:1308)
	at java.base/sun.net.www.protocol.http.HttpURLConnection.plainConnect0(HttpURLConnection.java:1241)
	at java.base/sun.net.www.protocol.http.HttpURLConnection.plainConnect(HttpURLConnection.java:1127)
	at java.base/sun.net.www.protocol.http.HttpURLConnection.connect(HttpURLConnection.java:1056)
	at org.springframework.http.client.SimpleClientHttpRequest.executeInternal(SimpleClientHttpRequest.java:79)
	at org.springframework.http.client.AbstractStreamingClientHttpRequest.executeInternal(AbstractStreamingClientHttpRequest.java:70)
	at org.springframework.http.client.AbstractClientHttpRequest.execute(AbstractClientHttpRequest.java:66)
	at org.springframework.web.client.RestTemplate.doExecute(RestTemplate.java:889)
	... 11 common frames omitted
15:28:18.888 ERROR c.m.s.i.api.ScaleService - Error I/O error on GET request for "http://10.10.26.192:5001/api/Autoservicio/IPs": Connection timed out: connect
org.springframework.web.client.ResourceAccessException: I/O error on GET request for "http://10.10.26.192:5001/api/Autoservicio/IPs": Connection timed out: connect
	at org.springframework.web.client.RestTemplate.createResourceAccessException(RestTemplate.java:915)
	at org.springframework.web.client.RestTemplate.doExecute(RestTemplate.java:895)
	at org.springframework.web.client.RestTemplate.execute(RestTemplate.java:790)
	at org.springframework.web.client.RestTemplate.exchange(RestTemplate.java:701)
	at com.marsol.sync.infraestructure.api.ScaleService.getScalesByMarca(ScaleService.java:109)
	at com.marsol.sync.application.ScalesNetworkController.fetchScalesFromLab(ScalesNetworkController.java:112)
	at org.springframework.scheduling.support.DelegatingErrorHandlingRunnable.run(DelegatingErrorHandlingRunnable.java:54)
	at java.base/java.util.concurrent.Executors$RunnableAdapter.call(Executors.java:539)
	at java.base/java.util.concurrent.FutureTask.run(FutureTask.java:264)
	at java.base/java.util.concurrent.ScheduledThreadPoolExecutor$ScheduledFutureTask.run(ScheduledThreadPoolExecutor.java:304)
	at java.base/java.util.concurrent.ThreadPoolExecutor.runWorker(ThreadPoolExecutor.java:1136)
	at java.base/java.util.concurrent.ThreadPoolExecutor$Worker.run(ThreadPoolExecutor.java:635)
	at java.base/java.lang.Thread.run(Thread.java:840)
Caused by: java.net.ConnectException: Connection timed out: connect
	at java.base/sun.nio.ch.Net.connect0(Native Method)
	at java.base/sun.nio.ch.Net.connect(Net.java:579)
	at java.base/sun.nio.ch.Net.connect(Net.java:568)
	at java.base/sun.nio.ch.NioSocketImpl.connect(NioSocketImpl.java:593)
	at java.base/java.net.Socket.connect(Socket.java:633)
	at java.base/java.net.Socket.connect(Socket.java:583)
	at java.base/sun.net.NetworkClient.doConnect(NetworkClient.java:183)
	at java.base/sun.net.www.http.HttpClient.openServer(HttpClient.java:533)
	at java.base/sun.net.www.http.HttpClient.openServer(HttpClient.java:638)
	at java.base/sun.net.www.http.HttpClient.<init>(HttpClient.java:281)
	at java.base/sun.net.www.http.HttpClient.New(HttpClient.java:386)
	at java.base/sun.net.www.http.HttpClient.New(HttpClient.java:408)
	at java.base/sun.net.www.protocol.http.HttpURLConnection.getNewHttpClient(HttpURLConnection.java:1308)
	at java.base/sun.net.www.protocol.http.HttpURLConnection.plainConnect0(HttpURLConnection.java:1241)
	at java.base/sun.net.www.protocol.http.HttpURLConnection.plainConnect(HttpURLConnection.java:1127)
	at java.base/sun.net.www.protocol.http.HttpURLConnection.connect(HttpURLConnection.java:1056)
	at org.springframework.http.client.SimpleClientHttpRequest.executeInternal(SimpleClientHttpRequest.java:79)
	at org.springframework.http.client.AbstractStreamingClientHttpRequest.executeInternal(AbstractStreamingClientHttpRequest.java:70)
	at org.springframework.http.client.AbstractClientHttpRequest.execute(AbstractClientHttpRequest.java:66)
	at org.springframework.web.client.RestTemplate.doExecute(RestTemplate.java:889)
	... 11 common frames omitted
15:28:18.888 ERROR c.m.s.a.ScalesNetworkController - No existe una lista de balanzas.
15:28:18.888 ERROR c.m.s.i.api.ScaleService - Error I/O error on GET request for "http://10.10.26.192:5001/api/Autoservicio/IPs": Connection timed out: connect
org.springframework.web.client.ResourceAccessException: I/O error on GET request for "http://10.10.26.192:5001/api/Autoservicio/IPs": Connection timed out: connect
	at org.springframework.web.client.RestTemplate.createResourceAccessException(RestTemplate.java:915)
	at org.springframework.web.client.RestTemplate.doExecute(RestTemplate.java:895)
	at org.springframework.web.client.RestTemplate.execute(RestTemplate.java:790)
	at org.springframework.web.client.RestTemplate.exchange(RestTemplate.java:701)
	at com.marsol.sync.infraestructure.api.ScaleService.getScalesByMarca(ScaleService.java:109)
	at com.marsol.sync.application.ScalesNetworkController.fetchScalesFromLab(ScalesNetworkController.java:112)
	at org.springframework.scheduling.support.DelegatingErrorHandlingRunnable.run(DelegatingErrorHandlingRunnable.java:54)
	at java.base/java.util.concurrent.Executors$RunnableAdapter.call(Executors.java:539)
	at java.base/java.util.concurrent.FutureTask.run(FutureTask.java:264)
	at java.base/java.util.concurrent.ScheduledThreadPoolExecutor$ScheduledFutureTask.run(ScheduledThreadPoolExecutor.java:304)
	at java.base/java.util.concurrent.ThreadPoolExecutor.runWorker(ThreadPoolExecutor.java:1136)
	at java.base/java.util.concurrent.ThreadPoolExecutor$Worker.run(ThreadPoolExecutor.java:635)
	at java.base/java.lang.Thread.run(Thread.java:840)
Caused by: java.net.ConnectException: Connection timed out: connect
	at java.base/sun.nio.ch.Net.connect0(Native Method)
	at java.base/sun.nio.ch.Net.connect(Net.java:579)
	at java.base/sun.nio.ch.Net.connect(Net.java:568)
	at java.base/sun.nio.ch.NioSocketImpl.connect(NioSocketImpl.java:593)
	at java.base/java.net.Socket.connect(Socket.java:633)
	at java.base/java.net.Socket.connect(Socket.java:583)
	at java.base/sun.net.NetworkClient.doConnect(NetworkClient.java:183)
	at java.base/sun.net.www.http.HttpClient.openServer(HttpClient.java:533)
	at java.base/sun.net.www.http.HttpClient.openServer(HttpClient.java:638)
	at java.base/sun.net.www.http.HttpClient.<init>(HttpClient.java:281)
	at java.base/sun.net.www.http.HttpClient.New(HttpClient.java:386)
	at java.base/sun.net.www.http.HttpClient.New(HttpClient.java:408)
	at java.base/sun.net.www.protocol.http.HttpURLConnection.getNewHttpClient(HttpURLConnection.java:1308)
	at java.base/sun.net.www.protocol.http.HttpURLConnection.plainConnect0(HttpURLConnection.java:1241)
	at java.base/sun.net.www.protocol.http.HttpURLConnection.plainConnect(HttpURLConnection.java:1127)
	at java.base/sun.net.www.protocol.http.HttpURLConnection.connect(HttpURLConnection.java:1056)
	at org.springframework.http.client.SimpleClientHttpRequest.executeInternal(SimpleClientHttpRequest.java:79)
	at org.springframework.http.client.AbstractStreamingClientHttpRequest.executeInternal(AbstractStreamingClientHttpRequest.java:70)
	at org.springframework.http.client.AbstractClientHttpRequest.execute(AbstractClientHttpRequest.java:66)
	at org.springframework.web.client.RestTemplate.doExecute(RestTemplate.java:889)
	... 11 common frames omitted
15:28:18.888 ERROR c.m.s.a.ScalesNetworkController - No existe una lista de balanzas.
15:28:18.888 ERROR c.m.s.a.ScalesNetworkController - No existe una lista de balanzas.
15:28:19.673 DEBUG o.apache.tomcat.util.net.NioEndpoint - timeout completed: keys processed=1; now=1752866899673; nextExpiration=1752866899673; keyCount=0; hasEvents=false; eval=false
15:28:20.679 DEBUG o.apache.tomcat.util.net.NioEndpoint - timeout completed: keys processed=1; now=1752866900679; nextExpiration=1752866900673; keyCount=0; hasEvents=false; eval=false
15:28:21.681 DEBUG o.apache.tomcat.util.net.NioEndpoint - timeout completed: keys processed=1; now=1752866901681; nextExpiration=1752866901679; keyCount=0; hasEvents=false; eval=false
15:28:22.689 DEBUG o.apache.tomcat.util.net.NioEndpoint - timeout completed: keys processed=1; now=1752866902689; nextExpiration=1752866902681; keyCount=0; hasEvents=false; eval=false
15:28:23.695 DEBUG o.apache.tomcat.util.net.NioEndpoint - timeout completed: keys processed=1; now=1752866903695; nextExpiration=1752866903689; keyCount=0; hasEvents=false; eval=false
15:28:24.612 TRACE i.m.o.SimpleObservation$SimpleScope - NoOp observation used with SimpleScope
15:28:24.612 ERROR c.m.s.i.api.ScaleService - Error I/O error on GET request for "http://10.10.26.192:5001/api/Autoservicio/IPs": Connection timed out: connect
org.springframework.web.client.ResourceAccessException: I/O error on GET request for "http://10.10.26.192:5001/api/Autoservicio/IPs": Connection timed out: connect
	at org.springframework.web.client.RestTemplate.createResourceAccessException(RestTemplate.java:915)
	at org.springframework.web.client.RestTemplate.doExecute(RestTemplate.java:895)
	at org.springframework.web.client.RestTemplate.execute(RestTemplate.java:790)
	at org.springframework.web.client.RestTemplate.exchange(RestTemplate.java:701)
	at com.marsol.sync.infraestructure.api.ScaleService.getScalesByMarca(ScaleService.java:109)
	at com.marsol.sync.web.services.ScaleWebService.obtenerBalanzas(ScaleWebService.java:45)
	at com.marsol.sync.web.controller.WebController.index(WebController.java:35)
	at java.base/jdk.internal.reflect.NativeMethodAccessorImpl.invoke0(Native Method)
	at java.base/jdk.internal.reflect.NativeMethodAccessorImpl.invoke(NativeMethodAccessorImpl.java:77)
	at java.base/jdk.internal.reflect.DelegatingMethodAccessorImpl.invoke(DelegatingMethodAccessorImpl.java:43)
	at java.base/java.lang.reflect.Method.invoke(Method.java:569)
	at org.springframework.web.method.support.InvocableHandlerMethod.doInvoke(InvocableHandlerMethod.java:255)
	at org.springframework.web.method.support.InvocableHandlerMethod.invokeForRequest(InvocableHandlerMethod.java:188)
	at org.springframework.web.servlet.mvc.method.annotation.ServletInvocableHandlerMethod.invokeAndHandle(ServletInvocableHandlerMethod.java:118)
	at org.springframework.web.servlet.mvc.method.annotation.RequestMappingHandlerAdapter.invokeHandlerMethod(RequestMappingHandlerAdapter.java:926)
	at org.springframework.web.servlet.mvc.method.annotation.RequestMappingHandlerAdapter.handleInternal(RequestMappingHandlerAdapter.java:831)
	at org.springframework.web.servlet.mvc.method.AbstractHandlerMethodAdapter.handle(AbstractHandlerMethodAdapter.java:87)
	at org.springframework.web.servlet.DispatcherServlet.doDispatch(DispatcherServlet.java:1089)
	at org.springframework.web.servlet.DispatcherServlet.doService(DispatcherServlet.java:979)
	at org.springframework.web.servlet.FrameworkServlet.processRequest(FrameworkServlet.java:1014)
	at org.springframework.web.servlet.FrameworkServlet.doGet(FrameworkServlet.java:903)
	at jakarta.servlet.http.HttpServlet.service(HttpServlet.java:564)
	at org.springframework.web.servlet.FrameworkServlet.service(FrameworkServlet.java:885)
	at jakarta.servlet.http.HttpServlet.service(HttpServlet.java:658)
	at org.apache.catalina.core.ApplicationFilterChain.internalDoFilter(ApplicationFilterChain.java:195)
	at org.apache.catalina.core.ApplicationFilterChain.doFilter(ApplicationFilterChain.java:140)
	at org.apache.tomcat.websocket.server.WsFilter.doFilter(WsFilter.java:51)
	at org.apache.catalina.core.ApplicationFilterChain.internalDoFilter(ApplicationFilterChain.java:164)
	at org.apache.catalina.core.ApplicationFilterChain.doFilter(ApplicationFilterChain.java:140)
	at org.springframework.web.filter.RequestContextFilter.doFilterInternal(RequestContextFilter.java:100)
	at org.springframework.web.filter.OncePerRequestFilter.doFilter(OncePerRequestFilter.java:116)
	at org.apache.catalina.core.ApplicationFilterChain.internalDoFilter(ApplicationFilterChain.java:164)
	at org.apache.catalina.core.ApplicationFilterChain.doFilter(ApplicationFilterChain.java:140)
	at org.springframework.web.filter.FormContentFilter.doFilterInternal(FormContentFilter.java:93)
	at org.springframework.web.filter.OncePerRequestFilter.doFilter(OncePerRequestFilter.java:116)
	at org.apache.catalina.core.ApplicationFilterChain.internalDoFilter(ApplicationFilterChain.java:164)
	at org.apache.catalina.core.ApplicationFilterChain.doFilter(ApplicationFilterChain.java:140)
	at org.springframework.web.filter.CharacterEncodingFilter.doFilterInternal(CharacterEncodingFilter.java:201)
	at org.springframework.web.filter.OncePerRequestFilter.doFilter(OncePerRequestFilter.java:116)
	at org.apache.catalina.core.ApplicationFilterChain.internalDoFilter(ApplicationFilterChain.java:164)
	at org.apache.catalina.core.ApplicationFilterChain.doFilter(ApplicationFilterChain.java:140)
	at org.apache.catalina.core.StandardWrapperValve.invoke(StandardWrapperValve.java:167)
	at org.apache.catalina.core.StandardContextValve.invoke(StandardContextValve.java:90)
	at org.apache.catalina.authenticator.AuthenticatorBase.invoke(AuthenticatorBase.java:482)
	at org.apache.catalina.core.StandardHostValve.invoke(StandardHostValve.java:115)
	at org.apache.catalina.valves.ErrorReportValve.invoke(ErrorReportValve.java:93)
	at org.apache.catalina.core.StandardEngineValve.invoke(StandardEngineValve.java:74)
	at org.apache.catalina.connector.CoyoteAdapter.service(CoyoteAdapter.java:344)
	at org.apache.coyote.http11.Http11Processor.service(Http11Processor.java:389)
	at org.apache.coyote.AbstractProcessorLight.process(AbstractProcessorLight.java:63)
	at org.apache.coyote.AbstractProtocol$ConnectionHandler.process(AbstractProtocol.java:896)
	at org.apache.tomcat.util.net.NioEndpoint$SocketProcessor.doRun(NioEndpoint.java:1741)
	at org.apache.tomcat.util.net.SocketProcessorBase.run(SocketProcessorBase.java:52)
	at org.apache.tomcat.util.threads.ThreadPoolExecutor.runWorker(ThreadPoolExecutor.java:1190)
	at org.apache.tomcat.util.threads.ThreadPoolExecutor$Worker.run(ThreadPoolExecutor.java:659)
	at org.apache.tomcat.util.threads.TaskThread$WrappingRunnable.run(TaskThread.java:63)
	at java.base/java.lang.Thread.run(Thread.java:840)
Caused by: java.net.ConnectException: Connection timed out: connect
	at java.base/sun.nio.ch.Net.connect0(Native Method)
	at java.base/sun.nio.ch.Net.connect(Net.java:579)
	at java.base/sun.nio.ch.Net.connect(Net.java:568)
	at java.base/sun.nio.ch.NioSocketImpl.connect(NioSocketImpl.java:593)
	at java.base/java.net.Socket.connect(Socket.java:633)
	at java.base/java.net.Socket.connect(Socket.java:583)
	at java.base/sun.net.NetworkClient.doConnect(NetworkClient.java:183)
	at java.base/sun.net.www.http.HttpClient.openServer(HttpClient.java:533)
	at java.base/sun.net.www.http.HttpClient.openServer(HttpClient.java:638)
	at java.base/sun.net.www.http.HttpClient.<init>(HttpClient.java:281)
	at java.base/sun.net.www.http.HttpClient.New(HttpClient.java:386)
	at java.base/sun.net.www.http.HttpClient.New(HttpClient.java:408)
	at java.base/sun.net.www.protocol.http.HttpURLConnection.getNewHttpClient(HttpURLConnection.java:1308)
	at java.base/sun.net.www.protocol.http.HttpURLConnection.plainConnect0(HttpURLConnection.java:1241)
	at java.base/sun.net.www.protocol.http.HttpURLConnection.plainConnect(HttpURLConnection.java:1127)
	at java.base/sun.net.www.protocol.http.HttpURLConnection.connect(HttpURLConnection.java:1056)
	at org.springframework.http.client.SimpleClientHttpRequest.executeInternal(SimpleClientHttpRequest.java:79)
	at org.springframework.http.client.AbstractStreamingClientHttpRequest.executeInternal(AbstractStreamingClientHttpRequest.java:70)
	at org.springframework.http.client.AbstractClientHttpRequest.execute(AbstractClientHttpRequest.java:66)
	at org.springframework.web.client.RestTemplate.doExecute(RestTemplate.java:889)
	... 55 common frames omitted
15:28:24.612 TRACE org.thymeleaf.TemplateEngine - [THYMELEAF][http-nio-8001-exec-3] STARTING PROCESS OF TEMPLATE "index" WITH LOCALE es_ES
15:28:24.612 TRACE o.t.T.cache.TEMPLATE_CACHE - [THYMELEAF][http-nio-8001-exec-3][TEMPLATE_CACHE][CACHE_HIT] Cache hit in cache "TEMPLATE_CACHE" for key "index".
15:28:24.612 TRACE o.t.T.cache.EXPRESSION_CACHE - [THYMELEAF][http-nio-8001-exec-3][EXPRESSION_CACHE][CACHE_HIT] Cache hit in cache "EXPRESSION_CACHE" for key "expr|~{fragments/navbar :: navbar}".
15:28:24.612 TRACE o.t.s.expression.FragmentExpression - [THYMELEAF][http-nio-8001-exec-3] Evaluating fragment: "~{'fragments/navbar' :: navbar}"
15:28:24.612 TRACE o.t.s.e.TextLiteralExpression - [THYMELEAF][http-nio-8001-exec-3] Evaluating text literal: "'fragments/navbar'"
15:28:24.612 TRACE o.t.s.e.GenericTokenExpression - [THYMELEAF][http-nio-8001-exec-3] Evaluating generic token: "navbar"
15:28:24.612 WARN  o.t.s.p.AbstractStandardFragmentInsertionTagProcessor - [THYMELEAF][http-nio-8001-exec-3][index] Deprecated unwrapped fragment expression "fragments/navbar :: navbar" found in template index, line 11, col 6. Please use the complete syntax of fragment expressions instead ("~{fragments/navbar :: navbar}"). The old, unwrapped syntax for fragment expressions will be removed in future versions of Thymeleaf.
15:28:24.612 TRACE o.t.T.cache.TEMPLATE_CACHE - [THYMELEAF][http-nio-8001-exec-3][TEMPLATE_CACHE][CACHE_HIT] Cache hit in cache "TEMPLATE_CACHE" for key "fragments/navbar@(index;0,0)::[navbar]".
15:28:24.612 TRACE o.t.T.cache.EXPRESSION_CACHE - [THYMELEAF][http-nio-8001-exec-3][EXPRESSION_CACHE][CACHE_HIT] Cache hit in cache "EXPRESSION_CACHE" for key "fsig|navbar".
15:28:24.612 TRACE o.t.s.expression.LinkExpression - [THYMELEAF][http-nio-8001-exec-3] Evaluating link: "@{'/'}"
15:28:24.612 TRACE o.t.s.e.TextLiteralExpression - [THYMELEAF][http-nio-8001-exec-3] Evaluating text literal: "'/'"
15:28:24.612 TRACE o.t.s.expression.LinkExpression - [THYMELEAF][http-nio-8001-exec-3] Evaluating link: "@{'/'}"
15:28:24.612 TRACE o.t.s.e.TextLiteralExpression - [THYMELEAF][http-nio-8001-exec-3] Evaluating text literal: "'/'"
15:28:24.612 TRACE o.t.s.expression.LinkExpression - [THYMELEAF][http-nio-8001-exec-3] Evaluating link: "@{'/cargar'}"
15:28:24.612 TRACE o.t.s.e.TextLiteralExpression - [THYMELEAF][http-nio-8001-exec-3] Evaluating text literal: "'/cargar'"
15:28:24.612 TRACE o.t.s.expression.VariableExpression - [THYMELEAF][http-nio-8001-exec-3] Evaluating variable expression: "${marca}"
15:28:24.612 TRACE o.t.s.e.SPELVariableExpressionEvaluator - [THYMELEAF][http-nio-8001-exec-3] SpringEL expression: evaluating expression "marca" on target
15:28:24.612 TRACE o.t.T.cache.EXPRESSION_CACHE - [THYMELEAF][http-nio-8001-exec-3][EXPRESSION_CACHE][CACHE_HIT] Cache hit in cache "EXPRESSION_CACHE" for key "each|b : ${balanzas}".
15:28:24.612 TRACE o.t.s.e.GenericTokenExpression - [THYMELEAF][http-nio-8001-exec-3] Evaluating generic token: "b"
15:28:24.612 TRACE o.t.s.expression.VariableExpression - [THYMELEAF][http-nio-8001-exec-3] Evaluating variable expression: "${balanzas}"
15:28:24.612 TRACE o.t.s.e.SPELVariableExpressionEvaluator - [THYMELEAF][http-nio-8001-exec-3] SpringEL expression: evaluating expression "balanzas" on target
15:28:24.619 TRACE o.t.T.cache.EXPRESSION_CACHE - [THYMELEAF][http-nio-8001-exec-3][EXPRESSION_CACHE][CACHE_HIT] Cache hit in cache "EXPRESSION_CACHE" for key "each|b : ${balanzas}".
15:28:24.619 TRACE o.t.s.e.GenericTokenExpression - [THYMELEAF][http-nio-8001-exec-3] Evaluating generic token: "b"
15:28:24.619 TRACE o.t.s.expression.VariableExpression - [THYMELEAF][http-nio-8001-exec-3] Evaluating variable expression: "${balanzas}"
15:28:24.619 TRACE o.t.s.e.SPELVariableExpressionEvaluator - [THYMELEAF][http-nio-8001-exec-3] SpringEL expression: evaluating expression "balanzas" on target
15:28:24.619 TRACE org.thymeleaf.TemplateEngine - [THYMELEAF][http-nio-8001-exec-3] FINISHED PROCESS AND OUTPUT OF TEMPLATE "index" WITH LOCALE es_ES
15:28:24.619 TRACE org.thymeleaf.TemplateEngine.TIMER - [THYMELEAF][http-nio-8001-exec-3][index][es_ES][3997500][4] TEMPLATE "index" WITH LOCALE es_ES PROCESSED IN 3997500 nanoseconds (approx. 4ms)
15:28:24.619 DEBUG o.a.coyote.http11.Http11InputBuffer - Before fill(): parsingHeader: [true], parsingRequestLine: [true], parsingRequestLinePhase: [0], parsingRequestLineStart: [0], byteBuffer.position(): [0], byteBuffer.limit(): [0], end: [675]
15:28:24.619 DEBUG o.a.t.util.net.SocketWrapperBase - Socket: [org.apache.tomcat.util.net.NioEndpoint$NioSocketWrapper@746d59c6:org.apache.tomcat.util.net.NioChannel@1bd6b4ea:java.nio.channels.SocketChannel[connected local=/[0:0:0:0:0:0:0:1]:8001 remote=/[0:0:0:0:0:0:0:1]:56182]], Read from buffer: [0]
15:28:24.619 DEBUG o.apache.tomcat.util.net.NioEndpoint - Socket: [org.apache.tomcat.util.net.NioEndpoint$NioSocketWrapper@746d59c6:org.apache.tomcat.util.net.NioChannel@1bd6b4ea:java.nio.channels.SocketChannel[connected local=/[0:0:0:0:0:0:0:1]:8001 remote=/[0:0:0:0:0:0:0:1]:56182]], Read direct from socket: [0]
15:28:24.619 DEBUG o.a.coyote.http11.Http11InputBuffer - Received []
15:28:24.619 DEBUG o.a.coyote.http11.Http11Processor - Socket: [org.apache.tomcat.util.net.NioEndpoint$NioSocketWrapper@746d59c6:org.apache.tomcat.util.net.NioChannel@1bd6b4ea:java.nio.channels.SocketChannel[connected local=/[0:0:0:0:0:0:0:1]:8001 remote=/[0:0:0:0:0:0:0:1]:56182]], Status in: [OPEN_READ], State out: [OPEN]
15:28:24.619 DEBUG o.a.coyote.http11.Http11NioProtocol - Pushed Processor [org.apache.coyote.http11.Http11Processor@352d0cf6]
15:28:24.619 DEBUG o.apache.tomcat.util.net.NioEndpoint - Registered read interest for [org.apache.tomcat.util.net.NioEndpoint$NioSocketWrapper@746d59c6:org.apache.tomcat.util.net.NioChannel@1bd6b4ea:java.nio.channels.SocketChannel[connected local=/[0:0:0:0:0:0:0:1]:8001 remote=/[0:0:0:0:0:0:0:1]:56182]]
15:28:25.632 DEBUG o.apache.tomcat.util.net.NioEndpoint - timeout completed: keys processed=1; now=1752866905632; nextExpiration=1752866904695; keyCount=0; hasEvents=false; eval=false
15:28:26.632 DEBUG o.apache.tomcat.util.net.NioEndpoint - timeout completed: keys processed=1; now=1752866906632; nextExpiration=1752866906632; keyCount=0; hasEvents=false; eval=false
15:28:26.795 INFO  c.m.s.a.ScalesNetworkController - Actualizando lista de balanzas
15:28:26.795 TRACE i.m.o.SimpleObservation$SimpleScope - NoOp observation used with SimpleScope
15:28:27.648 DEBUG o.apache.tomcat.util.net.NioEndpoint - timeout completed: keys processed=1; now=1752866907648; nextExpiration=1752866907632; keyCount=0; hasEvents=false; eval=false
15:28:27.846 TRACE i.m.o.SimpleObservation$SimpleScope - NoOp observation used with SimpleScope
15:28:27.846 ERROR c.m.s.i.api.ScaleService - Error I/O error on GET request for "http://10.10.26.192:5001/api/Autoservicio/IPs": Connection timed out: connect
org.springframework.web.client.ResourceAccessException: I/O error on GET request for "http://10.10.26.192:5001/api/Autoservicio/IPs": Connection timed out: connect
	at org.springframework.web.client.RestTemplate.createResourceAccessException(RestTemplate.java:915)
	at org.springframework.web.client.RestTemplate.doExecute(RestTemplate.java:895)
	at org.springframework.web.client.RestTemplate.execute(RestTemplate.java:790)
	at org.springframework.web.client.RestTemplate.exchange(RestTemplate.java:701)
	at com.marsol.sync.infraestructure.api.ScaleService.getScalesByMarca(ScaleService.java:109)
	at com.marsol.sync.application.ScalesNetworkController.fetchScalesFromLab(ScalesNetworkController.java:112)
	at org.springframework.scheduling.support.DelegatingErrorHandlingRunnable.run(DelegatingErrorHandlingRunnable.java:54)
	at java.base/java.util.concurrent.Executors$RunnableAdapter.call(Executors.java:539)
	at java.base/java.util.concurrent.FutureTask.run(FutureTask.java:264)
	at java.base/java.util.concurrent.ScheduledThreadPoolExecutor$ScheduledFutureTask.run(ScheduledThreadPoolExecutor.java:304)
	at java.base/java.util.concurrent.ThreadPoolExecutor.runWorker(ThreadPoolExecutor.java:1136)
	at java.base/java.util.concurrent.ThreadPoolExecutor$Worker.run(ThreadPoolExecutor.java:635)
	at java.base/java.lang.Thread.run(Thread.java:840)
Caused by: java.net.ConnectException: Connection timed out: connect
	at java.base/sun.nio.ch.Net.connect0(Native Method)
	at java.base/sun.nio.ch.Net.connect(Net.java:579)
	at java.base/sun.nio.ch.Net.connect(Net.java:568)
	at java.base/sun.nio.ch.NioSocketImpl.connect(NioSocketImpl.java:593)
	at java.base/java.net.Socket.connect(Socket.java:633)
	at java.base/java.net.Socket.connect(Socket.java:583)
	at java.base/sun.net.NetworkClient.doConnect(NetworkClient.java:183)
	at java.base/sun.net.www.http.HttpClient.openServer(HttpClient.java:533)
	at java.base/sun.net.www.http.HttpClient.openServer(HttpClient.java:638)
	at java.base/sun.net.www.http.HttpClient.<init>(HttpClient.java:281)
	at java.base/sun.net.www.http.HttpClient.New(HttpClient.java:386)
	at java.base/sun.net.www.http.HttpClient.New(HttpClient.java:408)
	at java.base/sun.net.www.protocol.http.HttpURLConnection.getNewHttpClient(HttpURLConnection.java:1308)
	at java.base/sun.net.www.protocol.http.HttpURLConnection.plainConnect0(HttpURLConnection.java:1241)
	at java.base/sun.net.www.protocol.http.HttpURLConnection.plainConnect(HttpURLConnection.java:1127)
	at java.base/sun.net.www.protocol.http.HttpURLConnection.connect(HttpURLConnection.java:1056)
	at org.springframework.http.client.SimpleClientHttpRequest.executeInternal(SimpleClientHttpRequest.java:79)
	at org.springframework.http.client.AbstractStreamingClientHttpRequest.executeInternal(AbstractStreamingClientHttpRequest.java:70)
	at org.springframework.http.client.AbstractClientHttpRequest.execute(AbstractClientHttpRequest.java:66)
	at org.springframework.web.client.RestTemplate.doExecute(RestTemplate.java:889)
	... 11 common frames omitted
15:28:27.846 ERROR c.m.s.a.ScalesNetworkController - No existe una lista de balanzas.
15:28:28.655 DEBUG o.apache.tomcat.util.net.NioEndpoint - timeout completed: keys processed=1; now=1752866908655; nextExpiration=1752866908648; keyCount=0; hasEvents=false; eval=false
15:28:29.656 DEBUG o.apache.tomcat.util.net.NioEndpoint - timeout completed: keys processed=1; now=1752866909656; nextExpiration=1752866909655; keyCount=0; hasEvents=false; eval=false
15:28:30.659 DEBUG o.apache.tomcat.util.net.NioEndpoint - timeout completed: keys processed=1; now=1752866910659; nextExpiration=1752866910656; keyCount=0; hasEvents=false; eval=false
15:28:31.660 DEBUG o.apache.tomcat.util.net.NioEndpoint - timeout completed: keys processed=1; now=1752866911660; nextExpiration=1752866911659; keyCount=0; hasEvents=false; eval=false
15:28:32.676 DEBUG o.apache.tomcat.util.net.NioEndpoint - timeout completed: keys processed=1; now=1752866912676; nextExpiration=1752866912660; keyCount=0; hasEvents=false; eval=false
15:28:33.681 DEBUG o.apache.tomcat.util.net.NioEndpoint - timeout completed: keys processed=1; now=1752866913681; nextExpiration=1752866913676; keyCount=0; hasEvents=false; eval=false
15:28:34.684 DEBUG o.apache.tomcat.util.net.NioEndpoint - timeout completed: keys processed=1; now=1752866914684; nextExpiration=1752866914681; keyCount=0; hasEvents=false; eval=false
15:28:35.686 DEBUG o.apache.tomcat.util.net.NioEndpoint - timeout completed: keys processed=1; now=1752866915686; nextExpiration=1752866915684; keyCount=0; hasEvents=false; eval=false
15:28:36.048 DEBUG o.a.catalina.session.ManagerBase - Start expire sessions StandardManager at 1752866916048 sessioncount 0
15:28:36.048 DEBUG o.a.catalina.session.ManagerBase - End expire sessions StandardManager processingTime 0 expired sessions: 0
15:28:36.690 DEBUG o.apache.tomcat.util.net.NioEndpoint - timeout completed: keys processed=1; now=1752866916690; nextExpiration=1752866916686; keyCount=0; hasEvents=false; eval=false
15:28:36.787 INFO  c.m.s.a.ScalesNetworkController - Evaluando si existen balanzas por actualizar.
15:28:36.787 TRACE i.m.o.SimpleObservation$SimpleScope - NoOp observation used with SimpleScope
15:28:36.787 INFO  c.m.s.a.ScalesNetworkController - Actualizando Set de Balanzas Actualizacion Forzada.
15:28:37.697 DEBUG o.apache.tomcat.util.net.NioEndpoint - timeout completed: keys processed=1; now=1752866917697; nextExpiration=1752866917690; keyCount=0; hasEvents=false; eval=false
15:28:37.829 TRACE i.m.o.SimpleObservation$SimpleScope - NoOp observation used with SimpleScope
15:28:37.829 ERROR c.m.s.i.api.ScaleService - Error I/O error on GET request for "http://10.10.26.192:5001/api/Autoservicio/IPs": Connection timed out: connect
org.springframework.web.client.ResourceAccessException: I/O error on GET request for "http://10.10.26.192:5001/api/Autoservicio/IPs": Connection timed out: connect
	at org.springframework.web.client.RestTemplate.createResourceAccessException(RestTemplate.java:915)
	at org.springframework.web.client.RestTemplate.doExecute(RestTemplate.java:895)
	at org.springframework.web.client.RestTemplate.execute(RestTemplate.java:790)
	at org.springframework.web.client.RestTemplate.exchange(RestTemplate.java:701)
	at com.marsol.sync.infraestructure.api.ScaleService.getScalesByMarca(ScaleService.java:109)
	at com.marsol.sync.application.ScalesNetworkController.fetchScalesFromLab(ScalesNetworkController.java:112)
	at org.springframework.scheduling.support.DelegatingErrorHandlingRunnable.run(DelegatingErrorHandlingRunnable.java:54)
	at java.base/java.util.concurrent.Executors$RunnableAdapter.call(Executors.java:539)
	at java.base/java.util.concurrent.FutureTask.run(FutureTask.java:264)
	at java.base/java.util.concurrent.ScheduledThreadPoolExecutor$ScheduledFutureTask.run(ScheduledThreadPoolExecutor.java:304)
	at java.base/java.util.concurrent.ThreadPoolExecutor.runWorker(ThreadPoolExecutor.java:1136)
	at java.base/java.util.concurrent.ThreadPoolExecutor$Worker.run(ThreadPoolExecutor.java:635)
	at java.base/java.lang.Thread.run(Thread.java:840)
Caused by: java.net.ConnectException: Connection timed out: connect
	at java.base/sun.nio.ch.Net.connect0(Native Method)
	at java.base/sun.nio.ch.Net.connect(Net.java:579)
	at java.base/sun.nio.ch.Net.connect(Net.java:568)
	at java.base/sun.nio.ch.NioSocketImpl.connect(NioSocketImpl.java:593)
	at java.base/java.net.Socket.connect(Socket.java:633)
	at java.base/java.net.Socket.connect(Socket.java:583)
	at java.base/sun.net.NetworkClient.doConnect(NetworkClient.java:183)
	at java.base/sun.net.www.http.HttpClient.openServer(HttpClient.java:533)
	at java.base/sun.net.www.http.HttpClient.openServer(HttpClient.java:638)
	at java.base/sun.net.www.http.HttpClient.<init>(HttpClient.java:281)
	at java.base/sun.net.www.http.HttpClient.New(HttpClient.java:386)
	at java.base/sun.net.www.http.HttpClient.New(HttpClient.java:408)
	at java.base/sun.net.www.protocol.http.HttpURLConnection.getNewHttpClient(HttpURLConnection.java:1308)
	at java.base/sun.net.www.protocol.http.HttpURLConnection.plainConnect0(HttpURLConnection.java:1241)
	at java.base/sun.net.www.protocol.http.HttpURLConnection.plainConnect(HttpURLConnection.java:1127)
	at java.base/sun.net.www.protocol.http.HttpURLConnection.connect(HttpURLConnection.java:1056)
	at org.springframework.http.client.SimpleClientHttpRequest.executeInternal(SimpleClientHttpRequest.java:79)
	at org.springframework.http.client.AbstractStreamingClientHttpRequest.executeInternal(AbstractStreamingClientHttpRequest.java:70)
	at org.springframework.http.client.AbstractClientHttpRequest.execute(AbstractClientHttpRequest.java:66)
	at org.springframework.web.client.RestTemplate.doExecute(RestTemplate.java:889)
	... 11 common frames omitted
15:28:37.829 ERROR c.m.s.a.ScalesNetworkController - No existe una lista de balanzas.
15:28:38.713 DEBUG o.apache.tomcat.util.net.NioEndpoint - timeout completed: keys processed=1; now=1752866918713; nextExpiration=1752866918697; keyCount=0; hasEvents=false; eval=false
15:28:39.715 DEBUG o.apache.tomcat.util.net.NioEndpoint - timeout completed: keys processed=1; now=1752866919715; nextExpiration=1752866919713; keyCount=0; hasEvents=false; eval=false
15:28:40.717 DEBUG o.apache.tomcat.util.net.NioEndpoint - timeout completed: keys processed=1; now=1752866920717; nextExpiration=1752866920715; keyCount=0; hasEvents=false; eval=false
15:28:41.733 DEBUG o.apache.tomcat.util.net.NioEndpoint - timeout completed: keys processed=1; now=1752866921733; nextExpiration=1752866921717; keyCount=0; hasEvents=false; eval=false
15:28:42.736 DEBUG o.apache.tomcat.util.net.NioEndpoint - timeout completed: keys processed=1; now=1752866922736; nextExpiration=1752866922733; keyCount=0; hasEvents=false; eval=false
15:28:43.736 DEBUG o.apache.tomcat.util.net.NioEndpoint - timeout completed: keys processed=1; now=1752866923736; nextExpiration=1752866923736; keyCount=0; hasEvents=false; eval=false
15:28:44.742 DEBUG o.apache.tomcat.util.net.NioEndpoint - timeout completed: keys processed=1; now=1752866924742; nextExpiration=1752866924736; keyCount=0; hasEvents=false; eval=false
15:28:45.744 DEBUG o.apache.tomcat.util.net.NioEndpoint - timeout completed: keys processed=1; now=1752866925744; nextExpiration=1752866925742; keyCount=0; hasEvents=false; eval=false
15:28:46.760 DEBUG o.apache.tomcat.util.net.NioEndpoint - timeout completed: keys processed=1; now=1752866926760; nextExpiration=1752866926744; keyCount=0; hasEvents=false; eval=false
15:28:47.762 DEBUG o.apache.tomcat.util.net.NioEndpoint - timeout completed: keys processed=1; now=1752866927762; nextExpiration=1752866927760; keyCount=0; hasEvents=false; eval=false
15:28:47.827 TRACE i.m.o.SimpleObservation$SimpleScope - NoOp observation used with SimpleScope
15:28:47.827 ERROR c.m.s.i.api.ScaleService - Error I/O error on GET request for "http://10.10.26.192:5001/api/Autoservicio/IPs": Connection timed out: connect
org.springframework.web.client.ResourceAccessException: I/O error on GET request for "http://10.10.26.192:5001/api/Autoservicio/IPs": Connection timed out: connect
	at org.springframework.web.client.RestTemplate.createResourceAccessException(RestTemplate.java:915)
	at org.springframework.web.client.RestTemplate.doExecute(RestTemplate.java:895)
	at org.springframework.web.client.RestTemplate.execute(RestTemplate.java:790)
	at org.springframework.web.client.RestTemplate.exchange(RestTemplate.java:701)
	at com.marsol.sync.infraestructure.api.ScaleService.getScalesByMarca(ScaleService.java:109)
	at com.marsol.sync.application.ScalesNetworkController.fetchScalesFromLab(ScalesNetworkController.java:112)
	at org.springframework.scheduling.support.DelegatingErrorHandlingRunnable.run(DelegatingErrorHandlingRunnable.java:54)
	at java.base/java.util.concurrent.Executors$RunnableAdapter.call(Executors.java:539)
	at java.base/java.util.concurrent.FutureTask.run(FutureTask.java:264)
	at java.base/java.util.concurrent.ScheduledThreadPoolExecutor$ScheduledFutureTask.run(ScheduledThreadPoolExecutor.java:304)
	at java.base/java.util.concurrent.ThreadPoolExecutor.runWorker(ThreadPoolExecutor.java:1136)
	at java.base/java.util.concurrent.ThreadPoolExecutor$Worker.run(ThreadPoolExecutor.java:635)
	at java.base/java.lang.Thread.run(Thread.java:840)
Caused by: java.net.ConnectException: Connection timed out: connect
	at java.base/sun.nio.ch.Net.connect0(Native Method)
	at java.base/sun.nio.ch.Net.connect(Net.java:579)
	at java.base/sun.nio.ch.Net.connect(Net.java:568)
	at java.base/sun.nio.ch.NioSocketImpl.connect(NioSocketImpl.java:593)
	at java.base/java.net.Socket.connect(Socket.java:633)
	at java.base/java.net.Socket.connect(Socket.java:583)
	at java.base/sun.net.NetworkClient.doConnect(NetworkClient.java:183)
	at java.base/sun.net.www.http.HttpClient.openServer(HttpClient.java:533)
	at java.base/sun.net.www.http.HttpClient.openServer(HttpClient.java:638)
	at java.base/sun.net.www.http.HttpClient.<init>(HttpClient.java:281)
	at java.base/sun.net.www.http.HttpClient.New(HttpClient.java:386)
	at java.base/sun.net.www.http.HttpClient.New(HttpClient.java:408)
	at java.base/sun.net.www.protocol.http.HttpURLConnection.getNewHttpClient(HttpURLConnection.java:1308)
	at java.base/sun.net.www.protocol.http.HttpURLConnection.plainConnect0(HttpURLConnection.java:1241)
	at java.base/sun.net.www.protocol.http.HttpURLConnection.plainConnect(HttpURLConnection.java:1127)
	at java.base/sun.net.www.protocol.http.HttpURLConnection.connect(HttpURLConnection.java:1056)
	at org.springframework.http.client.SimpleClientHttpRequest.executeInternal(SimpleClientHttpRequest.java:79)
	at org.springframework.http.client.AbstractStreamingClientHttpRequest.executeInternal(AbstractStreamingClientHttpRequest.java:70)
	at org.springframework.http.client.AbstractClientHttpRequest.execute(AbstractClientHttpRequest.java:66)
	at org.springframework.web.client.RestTemplate.doExecute(RestTemplate.java:889)
	... 11 common frames omitted
15:28:47.827 ERROR c.m.s.a.ScalesNetworkController - No existe una lista de balanzas.
15:28:48.777 DEBUG o.apache.tomcat.util.net.NioEndpoint - timeout completed: keys processed=1; now=1752866928777; nextExpiration=1752866928762; keyCount=0; hasEvents=false; eval=false
15:28:49.793 DEBUG o.apache.tomcat.util.net.NioEndpoint - timeout completed: keys processed=1; now=1752866929793; nextExpiration=1752866929777; keyCount=0; hasEvents=false; eval=false
15:28:50.794 DEBUG o.apache.tomcat.util.net.NioEndpoint - timeout completed: keys processed=1; now=1752866930794; nextExpiration=1752866930793; keyCount=0; hasEvents=false; eval=false
15:28:51.806 DEBUG o.apache.tomcat.util.net.NioEndpoint - timeout completed: keys processed=1; now=1752866931806; nextExpiration=1752866931794; keyCount=0; hasEvents=false; eval=false
15:28:52.814 DEBUG o.apache.tomcat.util.net.NioEndpoint - timeout completed: keys processed=1; now=1752866932814; nextExpiration=1752866932806; keyCount=0; hasEvents=false; eval=false
15:28:53.817 DEBUG o.apache.tomcat.util.net.NioEndpoint - timeout completed: keys processed=1; now=1752866933817; nextExpiration=1752866933814; keyCount=0; hasEvents=false; eval=false
15:28:54.830 DEBUG o.apache.tomcat.util.net.NioEndpoint - timeout completed: keys processed=1; now=1752866934830; nextExpiration=1752866934817; keyCount=0; hasEvents=false; eval=false
15:28:55.837 DEBUG o.apache.tomcat.util.net.NioEndpoint - timeout completed: keys processed=1; now=1752866935837; nextExpiration=1752866935830; keyCount=0; hasEvents=false; eval=false
15:28:56.845 DEBUG o.apache.tomcat.util.net.NioEndpoint - timeout completed: keys processed=1; now=1752866936845; nextExpiration=1752866936837; keyCount=0; hasEvents=false; eval=false
15:28:57.817 TRACE i.m.o.SimpleObservation$SimpleScope - NoOp observation used with SimpleScope
15:28:57.817 ERROR c.m.s.i.api.ScaleService - Error I/O error on GET request for "http://10.10.26.192:5001/api/Autoservicio/IPs": Connection timed out: connect
org.springframework.web.client.ResourceAccessException: I/O error on GET request for "http://10.10.26.192:5001/api/Autoservicio/IPs": Connection timed out: connect
	at org.springframework.web.client.RestTemplate.createResourceAccessException(RestTemplate.java:915)
	at org.springframework.web.client.RestTemplate.doExecute(RestTemplate.java:895)
	at org.springframework.web.client.RestTemplate.execute(RestTemplate.java:790)
	at org.springframework.web.client.RestTemplate.exchange(RestTemplate.java:701)
	at com.marsol.sync.infraestructure.api.ScaleService.getScalesByMarca(ScaleService.java:109)
	at com.marsol.sync.application.ScalesNetworkController.fetchScalesUpdateFromLab(ScalesNetworkController.java:132)
	at com.marsol.sync.application.ScalesNetworkController.scheduleTaskForced(ScalesNetworkController.java:60)
	at java.base/jdk.internal.reflect.NativeMethodAccessorImpl.invoke0(Native Method)
	at java.base/jdk.internal.reflect.NativeMethodAccessorImpl.invoke(NativeMethodAccessorImpl.java:77)
	at java.base/jdk.internal.reflect.DelegatingMethodAccessorImpl.invoke(DelegatingMethodAccessorImpl.java:43)
	at java.base/java.lang.reflect.Method.invoke(Method.java:569)
	at org.springframework.scheduling.support.ScheduledMethodRunnable.runInternal(ScheduledMethodRunnable.java:130)
	at org.springframework.scheduling.support.ScheduledMethodRunnable.lambda$run$2(ScheduledMethodRunnable.java:124)
	at io.micrometer.observation.Observation.observe(Observation.java:499)
	at org.springframework.scheduling.support.ScheduledMethodRunnable.run(ScheduledMethodRunnable.java:124)
	at org.springframework.scheduling.support.DelegatingErrorHandlingRunnable.run(DelegatingErrorHandlingRunnable.java:54)
	at java.base/java.util.concurrent.Executors$RunnableAdapter.call(Executors.java:539)
	at java.base/java.util.concurrent.FutureTask.runAndReset(FutureTask.java:305)
	at java.base/java.util.concurrent.ScheduledThreadPoolExecutor$ScheduledFutureTask.run(ScheduledThreadPoolExecutor.java:305)
	at java.base/java.util.concurrent.ThreadPoolExecutor.runWorker(ThreadPoolExecutor.java:1136)
	at java.base/java.util.concurrent.ThreadPoolExecutor$Worker.run(ThreadPoolExecutor.java:635)
	at java.base/java.lang.Thread.run(Thread.java:840)
Caused by: java.net.ConnectException: Connection timed out: connect
	at java.base/sun.nio.ch.Net.connect0(Native Method)
	at java.base/sun.nio.ch.Net.connect(Net.java:579)
	at java.base/sun.nio.ch.Net.connect(Net.java:568)
	at java.base/sun.nio.ch.NioSocketImpl.connect(NioSocketImpl.java:593)
	at java.base/java.net.Socket.connect(Socket.java:633)
	at java.base/java.net.Socket.connect(Socket.java:583)
	at java.base/sun.net.NetworkClient.doConnect(NetworkClient.java:183)
	at java.base/sun.net.www.http.HttpClient.openServer(HttpClient.java:533)
	at java.base/sun.net.www.http.HttpClient.openServer(HttpClient.java:638)
	at java.base/sun.net.www.http.HttpClient.<init>(HttpClient.java:281)
	at java.base/sun.net.www.http.HttpClient.New(HttpClient.java:386)
	at java.base/sun.net.www.http.HttpClient.New(HttpClient.java:408)
	at java.base/sun.net.www.protocol.http.HttpURLConnection.getNewHttpClient(HttpURLConnection.java:1308)
	at java.base/sun.net.www.protocol.http.HttpURLConnection.plainConnect0(HttpURLConnection.java:1241)
	at java.base/sun.net.www.protocol.http.HttpURLConnection.plainConnect(HttpURLConnection.java:1127)
	at java.base/sun.net.www.protocol.http.HttpURLConnection.connect(HttpURLConnection.java:1056)
	at org.springframework.http.client.SimpleClientHttpRequest.executeInternal(SimpleClientHttpRequest.java:79)
	at org.springframework.http.client.AbstractStreamingClientHttpRequest.executeInternal(AbstractStreamingClientHttpRequest.java:70)
	at org.springframework.http.client.AbstractClientHttpRequest.execute(AbstractClientHttpRequest.java:66)
	at org.springframework.web.client.RestTemplate.doExecute(RestTemplate.java:889)
	... 20 common frames omitted
15:28:57.817 ERROR c.m.s.a.ScalesNetworkController - No existe una lista de balanzas.
15:28:57.817 TRACE i.m.o.SimpleObservation$SimpleScope - NoOp observation used with SimpleScope
15:28:57.817 INFO  c.m.s.a.ScalesNetworkController - Actualizando lista de balanzas
15:28:57.817 TRACE i.m.o.SimpleObservation$SimpleScope - NoOp observation used with SimpleScope
15:28:57.817 INFO  c.m.s.a.ScalesNetworkController - Evaluando si existe balanzas que requieran una cargaLayout o cargaMaestra.
15:28:57.817 TRACE i.m.o.SimpleObservation$SimpleScope - NoOp observation used with SimpleScope
15:28:57.817 INFO  c.m.s.a.ScalesNetworkController - Actualizando lista de balanzas
15:28:57.817 TRACE i.m.o.SimpleObservation$SimpleScope - NoOp observation used with SimpleScope
15:28:57.817 INFO  c.m.s.a.ScalesNetworkController - Evaluando si existen balanzas por actualizar.
15:28:57.817 TRACE i.m.o.SimpleObservation$SimpleScope - NoOp observation used with SimpleScope
15:28:57.817 INFO  c.m.s.a.ScalesNetworkController - Actualizando lista de balanzas
15:28:57.817 TRACE i.m.o.SimpleObservation$SimpleScope - NoOp observation used with SimpleScope
15:28:57.850 DEBUG o.apache.tomcat.util.net.NioEndpoint - timeout completed: keys processed=1; now=1752866937850; nextExpiration=1752866937845; keyCount=0; hasEvents=false; eval=false
15:28:58.857 DEBUG o.apache.tomcat.util.net.NioEndpoint - timeout completed: keys processed=1; now=1752866938857; nextExpiration=1752866938850; keyCount=0; hasEvents=false; eval=false
15:28:59.864 DEBUG o.apache.tomcat.util.net.NioEndpoint - timeout completed: keys processed=1; now=1752866939864; nextExpiration=1752866939857; keyCount=0; hasEvents=false; eval=false
15:29:00.880 DEBUG o.apache.tomcat.util.net.NioEndpoint - timeout completed: keys processed=1; now=1752866940880; nextExpiration=1752866940864; keyCount=0; hasEvents=false; eval=false
15:29:01.895 DEBUG o.apache.tomcat.util.net.NioEndpoint - timeout completed: keys processed=1; now=1752866941895; nextExpiration=1752866941880; keyCount=0; hasEvents=false; eval=false
15:29:02.904 DEBUG o.apache.tomcat.util.net.NioEndpoint - timeout completed: keys processed=1; now=1752866942904; nextExpiration=1752866942895; keyCount=0; hasEvents=false; eval=false
15:29:03.916 DEBUG o.apache.tomcat.util.net.NioEndpoint - timeout completed: keys processed=1; now=1752866943916; nextExpiration=1752866943904; keyCount=0; hasEvents=false; eval=false
15:29:04.917 DEBUG o.apache.tomcat.util.net.NioEndpoint - timeout completed: keys processed=1; now=1752866944917; nextExpiration=1752866944916; keyCount=0; hasEvents=false; eval=false
15:29:05.932 DEBUG o.apache.tomcat.util.net.NioEndpoint - timeout completed: keys processed=1; now=1752866945932; nextExpiration=1752866945917; keyCount=0; hasEvents=false; eval=false
15:29:06.783 INFO  c.m.s.a.ScalesNetworkController - Actualizando lista de balanzas
15:29:06.783 TRACE i.m.o.SimpleObservation$SimpleScope - NoOp observation used with SimpleScope
15:29:06.941 DEBUG o.apache.tomcat.util.net.NioEndpoint - timeout completed: keys processed=1; now=1752866946941; nextExpiration=1752866946932; keyCount=0; hasEvents=false; eval=false
15:29:07.943 DEBUG o.apache.tomcat.util.net.NioEndpoint - timeout completed: keys processed=1; now=1752866947943; nextExpiration=1752866947941; keyCount=0; hasEvents=false; eval=false
15:29:08.956 DEBUG o.apache.tomcat.util.net.NioEndpoint - timeout completed: keys processed=1; now=1752866948956; nextExpiration=1752866948943; keyCount=0; hasEvents=false; eval=false
15:29:09.962 DEBUG o.apache.tomcat.util.net.NioEndpoint - timeout completed: keys processed=1; now=1752866949962; nextExpiration=1752866949956; keyCount=0; hasEvents=false; eval=false
15:29:18.852 TRACE i.m.o.SimpleObservation$SimpleScope - NoOp observation used with SimpleScope
15:29:18.852 TRACE i.m.o.SimpleObservation$SimpleScope - NoOp observation used with SimpleScope
15:29:18.852 TRACE i.m.o.SimpleObservation$SimpleScope - NoOp observation used with SimpleScope
15:29:18.852 ERROR c.m.s.i.api.ScaleService - Error I/O error on GET request for "http://10.10.26.192:5001/api/Autoservicio/IPs": Connection timed out: connect
org.springframework.web.client.ResourceAccessException: I/O error on GET request for "http://10.10.26.192:5001/api/Autoservicio/IPs": Connection timed out: connect
	at org.springframework.web.client.RestTemplate.createResourceAccessException(RestTemplate.java:915)
	at org.springframework.web.client.RestTemplate.doExecute(RestTemplate.java:895)
	at org.springframework.web.client.RestTemplate.execute(RestTemplate.java:790)
	at org.springframework.web.client.RestTemplate.exchange(RestTemplate.java:701)
	at com.marsol.sync.infraestructure.api.ScaleService.getScalesByMarca(ScaleService.java:109)
	at com.marsol.sync.application.ScalesNetworkController.fetchScalesFromLab(ScalesNetworkController.java:112)
	at org.springframework.scheduling.support.DelegatingErrorHandlingRunnable.run(DelegatingErrorHandlingRunnable.java:54)
	at java.base/java.util.concurrent.Executors$RunnableAdapter.call(Executors.java:539)
	at java.base/java.util.concurrent.FutureTask.run(FutureTask.java:264)
	at java.base/java.util.concurrent.ScheduledThreadPoolExecutor$ScheduledFutureTask.run(ScheduledThreadPoolExecutor.java:304)
	at java.base/java.util.concurrent.ThreadPoolExecutor.runWorker(ThreadPoolExecutor.java:1136)
	at java.base/java.util.concurrent.ThreadPoolExecutor$Worker.run(ThreadPoolExecutor.java:635)
	at java.base/java.lang.Thread.run(Thread.java:840)
Caused by: java.net.ConnectException: Connection timed out: connect
	at java.base/sun.nio.ch.Net.connect0(Native Method)
	at java.base/sun.nio.ch.Net.connect(Net.java:579)
	at java.base/sun.nio.ch.Net.connect(Net.java:568)
	at java.base/sun.nio.ch.NioSocketImpl.connect(NioSocketImpl.java:593)
	at java.base/java.net.Socket.connect(Socket.java:633)
	at java.base/java.net.Socket.connect(Socket.java:583)
	at java.base/sun.net.NetworkClient.doConnect(NetworkClient.java:183)
	at java.base/sun.net.www.http.HttpClient.openServer(HttpClient.java:533)
	at java.base/sun.net.www.http.HttpClient.openServer(HttpClient.java:638)
	at java.base/sun.net.www.http.HttpClient.<init>(HttpClient.java:281)
	at java.base/sun.net.www.http.HttpClient.New(HttpClient.java:386)
	at java.base/sun.net.www.http.HttpClient.New(HttpClient.java:408)
	at java.base/sun.net.www.protocol.http.HttpURLConnection.getNewHttpClient(HttpURLConnection.java:1308)
	at java.base/sun.net.www.protocol.http.HttpURLConnection.plainConnect0(HttpURLConnection.java:1241)
	at java.base/sun.net.www.protocol.http.HttpURLConnection.plainConnect(HttpURLConnection.java:1127)
	at java.base/sun.net.www.protocol.http.HttpURLConnection.connect(HttpURLConnection.java:1056)
	at org.springframework.http.client.SimpleClientHttpRequest.executeInternal(SimpleClientHttpRequest.java:79)
	at org.springframework.http.client.AbstractStreamingClientHttpRequest.executeInternal(AbstractStreamingClientHttpRequest.java:70)
	at org.springframework.http.client.AbstractClientHttpRequest.execute(AbstractClientHttpRequest.java:66)
	at org.springframework.web.client.RestTemplate.doExecute(RestTemplate.java:889)
	... 11 common frames omitted
15:29:18.852 ERROR c.m.s.i.api.ScaleService - Error I/O error on GET request for "http://10.10.26.192:5001/api/Autoservicio/IPs": Connection timed out: connect
org.springframework.web.client.ResourceAccessException: I/O error on GET request for "http://10.10.26.192:5001/api/Autoservicio/IPs": Connection timed out: connect
	at org.springframework.web.client.RestTemplate.createResourceAccessException(RestTemplate.java:915)
	at org.springframework.web.client.RestTemplate.doExecute(RestTemplate.java:895)
	at org.springframework.web.client.RestTemplate.execute(RestTemplate.java:790)
	at org.springframework.web.client.RestTemplate.exchange(RestTemplate.java:701)
	at com.marsol.sync.infraestructure.api.ScaleService.getScalesByMarca(ScaleService.java:109)
	at com.marsol.sync.application.ScalesNetworkController.fetchScalesFromLab(ScalesNetworkController.java:112)
	at org.springframework.scheduling.support.DelegatingErrorHandlingRunnable.run(DelegatingErrorHandlingRunnable.java:54)
	at java.base/java.util.concurrent.Executors$RunnableAdapter.call(Executors.java:539)
	at java.base/java.util.concurrent.FutureTask.run(FutureTask.java:264)
	at java.base/java.util.concurrent.ScheduledThreadPoolExecutor$ScheduledFutureTask.run(ScheduledThreadPoolExecutor.java:304)
	at java.base/java.util.concurrent.ThreadPoolExecutor.runWorker(ThreadPoolExecutor.java:1136)
	at java.base/java.util.concurrent.ThreadPoolExecutor$Worker.run(ThreadPoolExecutor.java:635)
	at java.base/java.lang.Thread.run(Thread.java:840)
Caused by: java.net.ConnectException: Connection timed out: connect
	at java.base/sun.nio.ch.Net.connect0(Native Method)
	at java.base/sun.nio.ch.Net.connect(Net.java:579)
	at java.base/sun.nio.ch.Net.connect(Net.java:568)
	at java.base/sun.nio.ch.NioSocketImpl.connect(NioSocketImpl.java:593)
	at java.base/java.net.Socket.connect(Socket.java:633)
	at java.base/java.net.Socket.connect(Socket.java:583)
	at java.base/sun.net.NetworkClient.doConnect(NetworkClient.java:183)
	at java.base/sun.net.www.http.HttpClient.openServer(HttpClient.java:533)
	at java.base/sun.net.www.http.HttpClient.openServer(HttpClient.java:638)
	at java.base/sun.net.www.http.HttpClient.<init>(HttpClient.java:281)
	at java.base/sun.net.www.http.HttpClient.New(HttpClient.java:386)
	at java.base/sun.net.www.http.HttpClient.New(HttpClient.java:408)
	at java.base/sun.net.www.protocol.http.HttpURLConnection.getNewHttpClient(HttpURLConnection.java:1308)
	at java.base/sun.net.www.protocol.http.HttpURLConnection.plainConnect0(HttpURLConnection.java:1241)
	at java.base/sun.net.www.protocol.http.HttpURLConnection.plainConnect(HttpURLConnection.java:1127)
	at java.base/sun.net.www.protocol.http.HttpURLConnection.connect(HttpURLConnection.java:1056)
	at org.springframework.http.client.SimpleClientHttpRequest.executeInternal(SimpleClientHttpRequest.java:79)
	at org.springframework.http.client.AbstractStreamingClientHttpRequest.executeInternal(AbstractStreamingClientHttpRequest.java:70)
	at org.springframework.http.client.AbstractClientHttpRequest.execute(AbstractClientHttpRequest.java:66)
	at org.springframework.web.client.RestTemplate.doExecute(RestTemplate.java:889)
	... 11 common frames omitted
15:29:18.854 ERROR c.m.s.a.ScalesNetworkController - No existe una lista de balanzas.
15:29:18.854 ERROR c.m.s.a.ScalesNetworkController - No existe una lista de balanzas.
15:29:18.852 ERROR c.m.s.i.api.ScaleService - Error I/O error on GET request for "http://10.10.26.192:5001/api/Autoservicio/IPs": Connection timed out: connect
org.springframework.web.client.ResourceAccessException: I/O error on GET request for "http://10.10.26.192:5001/api/Autoservicio/IPs": Connection timed out: connect
	at org.springframework.web.client.RestTemplate.createResourceAccessException(RestTemplate.java:915)
	at org.springframework.web.client.RestTemplate.doExecute(RestTemplate.java:895)
	at org.springframework.web.client.RestTemplate.execute(RestTemplate.java:790)
	at org.springframework.web.client.RestTemplate.exchange(RestTemplate.java:701)
	at com.marsol.sync.infraestructure.api.ScaleService.getScalesByMarca(ScaleService.java:109)
	at com.marsol.sync.application.ScalesNetworkController.fetchScalesFromLab(ScalesNetworkController.java:112)
	at org.springframework.scheduling.support.DelegatingErrorHandlingRunnable.run(DelegatingErrorHandlingRunnable.java:54)
	at java.base/java.util.concurrent.Executors$RunnableAdapter.call(Executors.java:539)
	at java.base/java.util.concurrent.FutureTask.run(FutureTask.java:264)
	at java.base/java.util.concurrent.ScheduledThreadPoolExecutor$ScheduledFutureTask.run(ScheduledThreadPoolExecutor.java:304)
	at java.base/java.util.concurrent.ThreadPoolExecutor.runWorker(ThreadPoolExecutor.java:1136)
	at java.base/java.util.concurrent.ThreadPoolExecutor$Worker.run(ThreadPoolExecutor.java:635)
	at java.base/java.lang.Thread.run(Thread.java:840)
Caused by: java.net.ConnectException: Connection timed out: connect
	at java.base/sun.nio.ch.Net.connect0(Native Method)
	at java.base/sun.nio.ch.Net.connect(Net.java:579)
	at java.base/sun.nio.ch.Net.connect(Net.java:568)
	at java.base/sun.nio.ch.NioSocketImpl.connect(NioSocketImpl.java:593)
	at java.base/java.net.Socket.connect(Socket.java:633)
	at java.base/java.net.Socket.connect(Socket.java:583)
	at java.base/sun.net.NetworkClient.doConnect(NetworkClient.java:183)
	at java.base/sun.net.www.http.HttpClient.openServer(HttpClient.java:533)
	at java.base/sun.net.www.http.HttpClient.openServer(HttpClient.java:638)
	at java.base/sun.net.www.http.HttpClient.<init>(HttpClient.java:281)
	at java.base/sun.net.www.http.HttpClient.New(HttpClient.java:386)
	at java.base/sun.net.www.http.HttpClient.New(HttpClient.java:408)
	at java.base/sun.net.www.protocol.http.HttpURLConnection.getNewHttpClient(HttpURLConnection.java:1308)
	at java.base/sun.net.www.protocol.http.HttpURLConnection.plainConnect0(HttpURLConnection.java:1241)
	at java.base/sun.net.www.protocol.http.HttpURLConnection.plainConnect(HttpURLConnection.java:1127)
	at java.base/sun.net.www.protocol.http.HttpURLConnection.connect(HttpURLConnection.java:1056)
	at org.springframework.http.client.SimpleClientHttpRequest.executeInternal(SimpleClientHttpRequest.java:79)
	at org.springframework.http.client.AbstractStreamingClientHttpRequest.executeInternal(AbstractStreamingClientHttpRequest.java:70)
	at org.springframework.http.client.AbstractClientHttpRequest.execute(AbstractClientHttpRequest.java:66)
	at org.springframework.web.client.RestTemplate.doExecute(RestTemplate.java:889)
	... 11 common frames omitted
15:29:18.854 ERROR c.m.s.a.ScalesNetworkController - No existe una lista de balanzas.
15:29:27.831 TRACE i.m.o.SimpleObservation$SimpleScope - NoOp observation used with SimpleScope
15:29:27.831 ERROR c.m.s.i.api.ScaleService - Error I/O error on GET request for "http://10.10.26.192:5001/api/Autoservicio/IPs": Connection timed out: connect
org.springframework.web.client.ResourceAccessException: I/O error on GET request for "http://10.10.26.192:5001/api/Autoservicio/IPs": Connection timed out: connect
	at org.springframework.web.client.RestTemplate.createResourceAccessException(RestTemplate.java:915)
	at org.springframework.web.client.RestTemplate.doExecute(RestTemplate.java:895)
	at org.springframework.web.client.RestTemplate.execute(RestTemplate.java:790)
	at org.springframework.web.client.RestTemplate.exchange(RestTemplate.java:701)
	at com.marsol.sync.infraestructure.api.ScaleService.getScalesByMarca(ScaleService.java:109)
	at com.marsol.sync.application.ScalesNetworkController.fetchScalesFromLab(ScalesNetworkController.java:112)
	at org.springframework.scheduling.support.DelegatingErrorHandlingRunnable.run(DelegatingErrorHandlingRunnable.java:54)
	at java.base/java.util.concurrent.Executors$RunnableAdapter.call(Executors.java:539)
	at java.base/java.util.concurrent.FutureTask.run(FutureTask.java:264)
	at java.base/java.util.concurrent.ScheduledThreadPoolExecutor$ScheduledFutureTask.run(ScheduledThreadPoolExecutor.java:304)
	at java.base/java.util.concurrent.ThreadPoolExecutor.runWorker(ThreadPoolExecutor.java:1136)
	at java.base/java.util.concurrent.ThreadPoolExecutor$Worker.run(ThreadPoolExecutor.java:635)
	at java.base/java.lang.Thread.run(Thread.java:840)
Caused by: java.net.ConnectException: Connection timed out: connect
	at java.base/sun.nio.ch.Net.connect0(Native Method)
	at java.base/sun.nio.ch.Net.connect(Net.java:579)
	at java.base/sun.nio.ch.Net.connect(Net.java:568)
	at java.base/sun.nio.ch.NioSocketImpl.connect(NioSocketImpl.java:593)
	at java.base/java.net.Socket.connect(Socket.java:633)
	at java.base/java.net.Socket.connect(Socket.java:583)
	at java.base/sun.net.NetworkClient.doConnect(NetworkClient.java:183)
	at java.base/sun.net.www.http.HttpClient.openServer(HttpClient.java:533)
	at java.base/sun.net.www.http.HttpClient.openServer(HttpClient.java:638)
	at java.base/sun.net.www.http.HttpClient.<init>(HttpClient.java:281)
	at java.base/sun.net.www.http.HttpClient.New(HttpClient.java:386)
	at java.base/sun.net.www.http.HttpClient.New(HttpClient.java:408)
	at java.base/sun.net.www.protocol.http.HttpURLConnection.getNewHttpClient(HttpURLConnection.java:1308)
	at java.base/sun.net.www.protocol.http.HttpURLConnection.plainConnect0(HttpURLConnection.java:1241)
	at java.base/sun.net.www.protocol.http.HttpURLConnection.plainConnect(HttpURLConnection.java:1127)
	at java.base/sun.net.www.protocol.http.HttpURLConnection.connect(HttpURLConnection.java:1056)
	at org.springframework.http.client.SimpleClientHttpRequest.executeInternal(SimpleClientHttpRequest.java:79)
	at org.springframework.http.client.AbstractStreamingClientHttpRequest.executeInternal(AbstractStreamingClientHttpRequest.java:70)
	at org.springframework.http.client.AbstractClientHttpRequest.execute(AbstractClientHttpRequest.java:66)
	at org.springframework.web.client.RestTemplate.doExecute(RestTemplate.java:889)
	... 11 common frames omitted
15:29:27.831 ERROR c.m.s.a.ScalesNetworkController - No existe una lista de balanzas.
